signing_frequency,timestamp_pattern_deviation,key_age_days,failed_attempt_count,transaction_frequency,device_fingerprint_change,session_reuse_count,historical_behavior_delta,signature_verification_failures,replay_indicator_score,transaction_value_zscore,ip_geo_anomaly,hour_of_day_anomaly,key_usage_burst_rate,signature_entropy_score,session_duration_anomaly,cross_key_correlation,endpoint_sensitivity_weight,label
0.15973483220283327,0.05190312847317008,0.3284388094702768,0.12540484595841767,0.27024011994456404,0.38610604361990175,0.1693579685720636,0.21782755683707292,0.09359600681007813,0.20339714692585628,0.5588828350328047,0.34335197969325304,0.21823234973276742,0.1765974356581942,0.244883992521228,0.2656060902632367,0.19971163514250906,0.3136071034925355,0
0.1959473634608976,0.2651537364685083,0.17071876674738345,0.26719614023772353,0.03710839632588356,0.33219454679860094,0.28881689001908056,0.24309344050408974,0.20315628104804023,0.14262952151582806,0.33732554944393134,0.10946920171559121,0.3114275094459092,0.4989341673771349,0.42826257863731576,0.06938464687952162,0.18559143275880366,0.3005740888666405,0
0.22955084113180213,0.2515884007362004,0.3382880032336196,0.08700839261694526,0.14908610335954503,0.28275469058360664,0.23801985034054596,0.3186231019164052,0.10245911231684826,0.2928554411525585,0.38099003432529666,0.308418225657914,0.266693408771391,0.2384939676920835,0.14981786166741978,0.2413601689072254,0.4011647023456487,0.23571657920798497,0
0.06733608697702859,0.3733097284664586,0.127802136116649,0.2622966840523788,0.22088571431196707,0.13503860791585248,0.132027768681007,0.2831697237104505,0.36946471937952186,0.2344316556173796,0.25841357904798595,0.31854088795492563,0.13340574723844484,0.33876310100955076,0.34832117164716964,0.5624351558500491,0.20486749713285013,0.19503018379982467,0
0.3668542584925176,0.2468336966420048,0.18451598536610586,0.3655868007596407,0.11971786855627009,0.3543032003876655,0.012118454341689316,0.2842845336077436,0.2552612747456193,0.18523650797610874,0.29675498414668133,0.24045158447586545,0.3765634752766656,0.3172181186564122,0.3043233079449223,0.28502334442722455,0.19334002521435495,0.21378357400291634,0
0.8022751842542867,0.5064603268390536,0.7935909512293414,0.8543792209210876,0.6311357928804954,0.7201643607101552,0.347661618088374,0.5585338699847076,0.7686936390956649,0.9383252768127663,0.6121299976603272,1.0,0.77650013523627,0.7965299181939504,0.9516928880239264,0.49447023642346644,0.7791168645716164,0.5527366087149211,1
0.2789174679450108,0.19306363244837577,0.128675200742205,0.28533842569679224,0.23591550630905941,0.23988193071829905,0.2815035420577717,0.3123266897493676,0.2823682268963764,0.22953782761063585,0.15383418351478817,0.17646582773487574,0.3517911790150515,0.19916965139239354,0.08847486490750464,0.3891489617814679,0.1369145809323017,0.2542296524568427,0
0.15407962428100314,0.2911176639033764,0.38895628630786594,0.2279064481459403,0.09745010081051161,0.12007518132558212,0.29735193056446485,0.4712939696073123,0.2972469999177277,0.2035724139218497,0.3419420760220341,0.22126016372959045,0.20460577391629522,0.13498490731656837,0.4190138613095627,0.0,0.3457431040335123,0.19435060746429558,0
0.38942878756559035,0.1176687187279172,0.46656426355071323,0.08930140303125095,0.2085562466554316,0.13597720037487857,0.5125512396243252,0.18959799653834178,0.18989906121657607,0.2055101512072097,0.261472336947274,0.2105869865314587,0.23405358344531207,0.0,0.25685918032021926,0.2521367945783974,0.3746282556894872,0.40708731379352825,0
0.17844895395703392,0.444491760253003,0.11801666634161029,0.33236707110898533,0.312907394287654,0.06051840429157074,0.15030636040076875,0.1704771326860159,0.31775009359799095,0.20595578728833389,0.23972922320670337,0.0750823171618327,0.5291094060058377,0.25854347424873964,0.30988010767563323,0.1851249413721733,0.17168472075185787,0.47952215859442376,0
0.3255738189142335,0.33079949992689806,0.13898071330633358,0.09870408433351821,0.24240628852998536,0.34692491232417216,0.05658300788782858,0.16349225588147126,0.31871820507884874,0.2550068335924696,0.4199528344718795,0.0806359055108388,0.5322597920139347,0.06544090677165046,0.006500353740608755,0.24293046646032318,0.1138649286104789,0.2453493203146145,0
0.17258371346517165,0.23825256803944697,0.13955124300760333,0.22250854414408414,0.48274736289384396,0.37511604720716407,0.286964552967958,0.4362012713145902,0.15101246823920253,0.5488527843855995,0.19473969789283274,0.49045670746110154,0.48992836573355786,0.03961242318433536,0.42605105717701774,0.2159309031456788,0.18184378512183158,0.31295657441979835,0
0.46777051527385755,0.320856064592115,0.39539090545530114,0.3604698109925947,0.23199117256601587,0.22666632983927823,0.21428559558054752,0.3317322703000293,0.17195617871537638,0.4570039530441481,0.16049568355931285,0.27573700867564344,0.22251030255448617,0.19590480227361678,0.5106816222956335,0.19731347903050442,0.21343345828090882,0.17030396818529323,0
0.7331021850460194,0.7447977925916113,0.8692310917824075,0.7090176308956746,0.6092959844256233,0.7506097490843666,0.40284209822252076,0.4221671966653302,0.5721727814179492,0.6014280483894366,0.6581045975543095,0.814037785488998,0.8549784588755215,0.6458179334171655,0.7159276000878512,0.7477845837063144,0.7155214988155322,0.7776482876411688,1
0.3099040790966283,0.15212422796241382,0.06166733271348904,0.007266925435053334,0.2583826588134582,0.2857647657840302,0.10818621068171028,0.37552387990616354,0.26826617791556945,0.41193431378984235,0.2944643043980309,0.12203997137450184,0.30499374559481784,0.33041328338465215,0.1842851696935593,0.07694884032281499,0.2620355277167927,0.12989864376205784,0
0.11209552033740472,0.02102435041296799,0.23597437763097712,0.13025776201071693,0.23981793620055883,0.05797529811478272,0.15856306500276907,0.2678352514363397,0.2939451517340725,0.3000966350490417,0.09154132190115552,0.3525622876162674,0.15397459640777797,0.32594294975287674,0.24872335880581684,0.08483350011064625,0.21205627545025746,0.2938436490476521,0
0.04762382185190778,0.15085246403632568,0.2797199081330732,0.22849280494602942,0.21959469172623822,0.2308978154343927,0.27440658887439323,0.12897567496682708,0.3348219569078861,0.32951991644625805,0.2962045525187321,0.3167840131301516,0.2855701600970391,0.4942087963277281,0.2395486994736988,0.2131500137998508,0.15957669035711466,0.1261284795306596,0
0.11449406983558788,0.26407387522884573,0.37257227107219315,0.0,0.2711542980629311,0.2053102534489015,0.05296022482756629,0.2598312706156371,0.23362237218874626,0.24710916973628333,0.20820872557062847,0.12743949376550318,0.07542365996821038,0.16711720716704506,0.35311025368912774,0.27796843524720943,0.2416992004664092,0.12522782211142125,0
0.23252067121630782,0.24303537665130456,0.3248370519533982,0.17458748785814399,0.0,0.12019603387804953,0.24267424171469112,0.2576661070603998,0.45204977471499813,0.3199295728789719,0.2597836335077787,0.24611304678622747,0.38250200586036315,0.17918674574110743,0.23316594547112815,0.11928902558340382,0.42026872584343644,0.29709987244019365,0
0.3019253082218669,0.22915272476796206,0.16435678337791843,0.13431520904190064,0.2213709803892081,0.3063995782887111,0.21040204186943806,0.10737684072442291,0.24302500539574146,0.37546569607031405,0.2548321109493053,0.2582108250753146,0.21091972518661906,0.14324034273224748,0.13925231003755412,0.050577511989770174,0.3917471003664582,0.30549450112574195,0
0.9642945041218344,0.6469576810248208,0.3224058876601254,0.727047833750802,0.8579060270863637,1.0,0.7102214997171354,0.6107720785717478,1.0,0.7279409922044165,0.4990017589388409,0.6985966283851512,0.899986976402883,0.6623058387736842,0.86298490542094,0.43109867394068313,0.4618486543458497,0.5877259120541382,1
0.3299601274889481,0.24724655564473752,0.28372111065841743,0.23243803313914357,0.21988134152939667,0.1458122591182343,0.34485162576210804,0.4287644844089725,0.18319979693078978,0.3164248605965314,0.3018620349592291,0.25097173736186307,0.066808511996234,0.09380831786672891,0.15628216586181154,0.0,0.41896368758867375,0.2941243875015656,0
0.9437003937066001,0.7528680287331592,1.0,0.7158820017323867,1.0,0.8232493360309476,0.6508896739511845,0.5077565668566938,0.5745616140472989,0.774087524109117,0.7040305428513872,0.4906874995716243,0.9526965207649057,0.7062064631585967,0.7326269421943851,0.5102303707504896,0.5815732133536929,0.3203338778858377,1
0.21027393622335033,0.08561878417454266,0.321489748805406,0.33113648617322294,0.4642153362359067,0.37096603154327107,0.17873256052531178,0.12953648996589823,0.08578102797731366,0.4267869214767364,0.15661908588665607,0.42762758427655684,0.313008644903448,0.28958834579127524,0.21317580249276422,0.3292807495602701,0.24814350845958374,0.20569440502374275,0
0.41029412035842794,0.22703872159659277,0.41845856704798684,0.19689571457293795,0.4246054691524853,0.26577829801665426,0.28098745879872344,0.43776616260038853,0.20658754270669946,0.137065348489005,0.19617229503659747,0.30428007407717667,0.06210891133833829,0.3264965083181346,0.18534744188587082,0.3877375192880276,0.0,0.15561210698749978,0
0.20344390403272228,0.16657487600040202,0.4225687824112665,0.10015146207234338,0.06537589224539953,0.3162140898744894,0.23713522044288296,0.22324661964650613,0.31715634955653565,0.266405396475344,0.24438188957676574,0.08132246776916316,0.04982858203938051,0.1659485942451343,0.11987620709212843,0.28230469582278245,0.034154210714828465,0.19634078884777195,0
0.31574932977949427,0.12412260577933662,0.23110757536069101,0.2678366061355208,0.35135148635621105,0.21865817258067732,0.20596622826437896,0.21650978826237904,0.12040567764385893,0.3258771762510024,0.283760124493829,0.302220240557806,0.2416548396960303,0.22685464481318882,0.3910720405877022,0.3726143764188419,0.41977607034212655,0.29471132217950446,0
0.6945791686390282,0.818681436298341,0.8320416504899123,0.6407428901880194,0.917241446812138,0.6788607737449656,0.7238409387561584,0.544045571941614,0.6712889877012733,0.6533449864572299,0.5579304176033605,0.7987882248673384,0.638191592595978,0.7985865490331258,0.8206146761916315,0.6198976333907275,0.7774274189414411,0.8981494132629368,1
0.20260032744421905,0.18225914012635758,0.18354818153966057,0.08174848047486821,0.15995496300082251,0.4298104330780388,0.2252080887319004,0.33452940022673183,0.0,0.31819735707590546,0.23063767547570635,0.19222719725313894,0.2717151948905358,0.19050096954255666,0.0,0.36066975294063247,0.27916210736178315,0.21232690543025778,0
0.2804974513228343,0.1715563391460988,0.18388304949774215,0.11396201781752496,0.06263960877972732,0.23623015099717254,0.347951153750463,0.08436611270152639,0.2827567892949109,0.34415574560600737,0.02959194774143853,0.21753026798365374,0.4475452240550048,0.3162329221308848,0.025545142112525426,0.3290007354893933,0.16027158469260055,0.3329568316111311,0
0.3699203598969387,0.2616896095549338,0.34549336116930796,0.19634108112040638,0.24405293949381007,0.23614013448412782,0.14967314621850553,0.3294497841498103,0.3280298806694037,0.321226563388668,0.43443587847011733,0.4239213761483564,0.20500663721810375,0.2947662782121014,0.17516791728901449,0.25280263793374663,0.17803006610573624,0.44440843709632616,0
0.1377120160978778,0.10741615730555956,0.05185866891333629,0.22180591554705173,0.0736401469515634,0.12993691790111295,0.2027317752586837,0.08968992287302793,0.29557026261984365,0.3388267676326825,0.18406875762695218,0.19755672308679978,0.3144915724166893,0.16432058833183852,0.15607193060832458,0.3935798173823548,0.35610252864553443,0.3221860002812703,0
0.040366703778775936,0.2573503900307535,0.3126945833451401,0.2581130558533847,0.46229790064230425,0.1294525426204024,0.17066755397275357,0.26596227948204043,0.2792520172230918,0.02185496499684733,0.32232375998507234,0.2797980207466718,0.0,0.2359948877338094,0.15297501736735988,0.19560120828234517,0.08942790583865648,0.29994264144082866,0
0.21884249214962592,0.7312966240399464,0.7974012500089096,0.7179254231796455,0.42109808906605567,0.6443752250827158,0.4756301637998893,0.3963102538362712,0.6831853753272437,0.6076043552016912,0.9370745258995982,0.6242628946294367,0.839974723295686,0.5846892232671035,0.8201832802420532,0.9278055445786604,0.6850385209171346,0.9138553888365012,1
0.2247690697871886,0.2301213024851021,0.09014590847081652,0.22545741529921623,0.09861099251226418,0.028255585623349982,0.1197784755867306,0.43104218893647656,0.2175326558184068,0.2763852835628039,0.18838044985623326,0.035133877665772306,0.3623335749915649,0.0,0.183424878785001,0.24344621429799268,0.2776587572115826,0.1628236474565356,0
0.4552691090790704,0.4338992765750818,0.32150529227786584,0.06250203151656039,0.28681659221249795,0.29604365189808424,0.2530648250068288,0.18159867332687685,0.2064842747356307,0.17323421113755133,0.11259112499691712,0.4139185402561893,0.3558776554035634,0.21580846689000277,0.29226139700413234,0.2967641068468642,0.5311460269691275,0.3547082417098846,0
0.27427818166700263,0.15264443982559012,0.22900841415953918,0.01256011997327719,0.36116520973998956,0.15751848883934,0.24584123783044248,0.07879678944426652,0.1801175680646112,0.21644906157789673,0.2486450983647004,0.30756790186270144,0.4226890100183464,0.33792531313232277,0.36545974517754937,0.42353249319317654,0.3183649457827237,0.24559513652572057,0
0.324770288021902,0.2354589434348737,0.3444234687810714,0.4013047006100203,0.35561924608810497,0.24615843338039212,0.1499381568992792,0.14709190847342712,0.16825388516893822,0.2808490238409916,0.312376450426676,0.08025612184671643,0.1895205869963739,0.27919425583664725,0.14203841078828772,0.30206849836715255,0.21310860509001212,0.1631895673996892,0
0.4629018668204522,0.15515336155813317,0.33913928079466643,0.24283978233273656,0.21067090999998836,0.3258778408561056,0.21409918249724924,0.0,0.0,0.40269065923408587,0.3976310149455635,0.4764809135507136,0.2478966102061387,0.09488382376025306,0.19964993888187982,0.2513709418433575,0.12915541308578687,0.447828966756864,0
0.28447489132436365,0.33985766631789727,0.16998989797517733,0.2316122847690143,0.1511043134392628,0.10015088671507463,0.2900258813963446,0.27226159679016926,0.3325182981410815,0.31553341970709364,0.27911731255886346,0.3167939998813065,0.24487802845270282,0.29954696742668807,0.16286267167763685,0.2943647110766956,0.3302101222343211,0.16963822863133562,0
0.18288894161563013,0.14506000569894617,0.1126152729239385,0.36999153655824246,0.01414019535935801,0.14949615106726116,0.2644152119093491,0.4394035682684196,0.3164629835620383,0.14847704613606372,0.43352241449281775,0.08738519203540329,0.2818403398426185,0.3085341574902658,0.14426613001594707,0.33371116622659047,0.18833318452708486,0.33341709130215574,0
0.2731731761745791,0.2074845485075193,0.32055531356957323,0.15620945413297643,0.48128773047925066,0.047126511630879275,0.4558576287616295,0.26079861629305995,0.3162909498096296,0.4101429883710349,0.35291937941992835,0.16239677346483264,0.3220107466315122,0.47409687671615397,0.1435249945407013,0.5042114213432773,0.29628429831622766,0.19801266736956913,0
0.6189177530984981,0.7263277820060998,0.6996018076592262,0.810581403085,0.7180606439640245,0.8199010340968208,0.7510959263811002,0.9726766200377028,0.6655707056244536,0.7814248071129359,0.8541069457997676,0.6631194884653591,0.8097105032538384,0.9134511108161136,0.5437885207140154,0.9957006839499054,0.6314028069041131,0.9607821589819352,1
0.21581391203409103,0.27373480983302223,0.3807060996052951,0.40932233587212297,0.24170344783286327,0.4124303067483277,0.2610551990120931,0.14951221314070456,0.17867195773615177,0.07233561849219805,0.1434239375519617,0.2070379974310685,0.3464302023254322,0.4564923797399181,0.0841382181547552,0.2971392961911903,0.12513472730109587,0.3069636506155842,0
1.0,0.6542133872004854,0.4449903852319153,0.7404380376762272,0.7900578435975802,0.8695162918845569,0.6665308059162832,0.5387177043715762,0.6869478054416001,0.9955152861632776,0.7069811507861918,0.7898319311907898,0.6233727081883372,0.5942292628731553,0.7194574911671523,0.5929426950858225,0.7451910279162318,0.6503954137299449,1
0.41034233200146053,0.3997539982071318,0.21969791988364423,0.29361452054068876,0.0,0.11123828076816006,0.21474652958174442,0.12134403742877689,0.3357275779156791,0.4896755836897593,0.10880623366848377,0.14950439150977687,0.27825380419719165,0.4433339378199545,0.10331508249521162,0.27988433467683305,0.46855586209757305,0.05178890221848795,0
0.2405626877953155,0.24890554569684692,0.20370603280950828,0.5734902139358697,0.20047222486629412,0.30397181912413573,0.15804386557368588,0.3133297590399285,0.3544945116222322,0.17944431559046825,0.24343578217377604,0.1425664276130952,0.11267154255401302,0.3744154519000248,0.18351988649396225,0.0,0.46184273877923476,0.15374856123248726,0
0.0,0.13199008256091632,0.3325313357919847,0.3955460430067787,0.3831003773790558,0.05895843973102535,0.2861862768175485,0.37186182597795153,0.05099973213013059,0.24905145815521162,0.28286108779701474,0.21390824981839182,0.02774057735185581,0.21091622679115257,0.21072334836939713,0.2322313114542695,0.18238342894899165,0.19683854161102393,0
0.5104148971517013,0.451290323201712,0.3347785306956563,0.292785085395454,0.026526763838503054,0.26881097954568384,0.18409341777280347,0.1519996799652734,0.2685763707969591,0.19346679886639614,0.35431594551626205,0.01768542788647992,0.25900137068151785,0.1445083331783148,0.20084370053011677,0.286555170337509,0.11592305648679196,0.26970785671749575,0
0.09851427939657267,0.061554395389251226,0.2749326478732146,0.11292215297520694,0.2119951134490181,0.24432649724790914,0.23914739333623417,0.38518459381389913,0.4701707486950604,0.19252985766014094,0.11432090034361117,0.2966615385980291,0.44577761373312635,0.20161418123924274,0.35204306704170557,0.14954372889590573,0.2525525641720147,0.11056692612398125,0
0.19122482709573807,0.3851805821491518,0.2114115798143678,0.26330231224877565,0.22616605516372962,0.3108870903211772,0.37515339067151154,0.35027625482695596,0.19399977165314847,0.39508563623269866,0.140037836425574,0.16090217039463928,0.23466391170254813,0.37561605426505473,0.10958182966676738,0.3569780972966385,0.2434303486218427,0.19795197716966392,0
0.3838858842158046,0.13972163568644586,0.14500219519979896,0.2117556077923033,0.34859682208661946,0.0,0.2653847603309508,0.36185461893768034,0.3569027736421767,0.33502739018048,0.37756006242946494,0.0,0.44361624274867284,0.289648594428805,0.4101581526013605,0.10904386277039507,0.039540778649362035,0.4643653222006767,0
0.3886095966638265,0.30453503475321453,0.35149663884940907,0.3207255939599597,0.3572737986167184,0.4401286999568875,0.4097252760146001,0.5289764751515098,0.396080953768863,0.1696663868166992,0.35167744501669945,0.3352522214781514,0.4804353886278626,0.1339409779988453,0.31695412976715237,0.16827155862796508,0.3115054124920162,0.22423040024803367,0
0.3498197742515655,0.18438658932829316,0.2896465306787178,0.3987648288482948,0.09292906277758178,0.2445835143384586,0.22951670245373565,0.29556914507535526,0.39869919981045215,0.09046578224051105,0.318375753844692,0.3737828529992442,0.22763475232518607,0.23350636085282517,0.30021392427819066,0.2913780493467746,0.3198823128840547,0.317353663168146,0
0.22919553415587354,0.35870404713802967,0.3521265145270214,0.19620833785381173,0.09598930286080179,0.11178180051316444,0.4242000451028898,0.2682084894301855,0.04194146428245099,0.3500752633336684,0.03557784787865695,0.15086509077040466,0.2597553247088249,0.5524502895882792,0.34792012940242406,0.19211323184600165,0.25339771552122753,0.3603651059922725,0
0.9123362332062831,0.8158159014369317,0.8672953051541935,0.8363043665653166,0.7343380471292874,0.3385949971802605,0.9287606190015085,0.5592027074683188,0.5164421612140077,0.6690916865747015,1.0,0.7992985835419766,0.5325090465109111,0.8025362951656667,0.7198695043573802,0.8176326799871411,0.7702726208277868,0.552850840614987,1
0.29552069995410873,0.08653006241590486,0.40066928391032597,0.25362958778271444,0.22069756970779975,0.14873739097547944,0.3246710497924247,0.15346026165491064,0.1317546395116143,0.3926019904726419,0.2925545392930027,0.22180846861020734,0.326971958168046,0.2510718247732838,0.29596157805420203,0.1519782517149454,0.49844783306927465,0.180445603878853,0
0.08198772661388154,0.31802056023871234,0.24329570441458664,0.0785274199664599,0.3014303398853898,0.21771674076261752,0.31367979106329635,0.3030088257497088,0.1770083174147393,0.32594137173090454,0.1902513900838121,0.19805417521828345,0.18612743120543465,0.3857169313367525,0.21633131343347672,0.4146931816677102,0.46401818442242315,0.16135370357746615,0
0.27329249296585983,0.29516854857846736,0.17411298917807738,0.1743073953770532,0.3969275775914532,0.3262612533424399,0.12724418005331178,0.27170361095857976,0.0,0.18112718035607,0.3653233211943887,0.23498252935466085,0.26414952035992373,0.0,0.20292956582366178,0.2905926668592655,0.30583478504780076,0.36548268536012374,0
0.22198195865528053,0.33078084065876295,0.2601080446871271,0.1741461648472365,0.28249769882572173,0.3305799434200297,0.2760314422500383,0.1442582548616659,0.1943727232173187,0.1952911095790411,0.14890672540831548,0.28762474979268027,0.30017345155516933,0.36754211210646354,0.14708531822072426,0.1807025576525448,0.43654833423174855,0.23026049631124956,0
0.21254856159444502,0.3377793171765841,0.09118894878841546,0.25059480364108844,0.2783524924706816,0.38869012449981016,0.05976944528706818,0.2536903058241885,0.11977176506294285,0.310659525304993,0.34326598437473516,0.4044604291009705,0.18579646548299505,0.36126717828265487,0.4133081904972464,0.05281036361734398,0.32348139041181406,0.3650213504536127,0
0.4520303451445627,0.18628281945331424,0.3753847374945313,0.25815839512613065,0.20054207458516388,0.033076376827008064,0.2294122587740382,0.06287401176332694,0.3660759083011327,0.43201511885670973,0.15437068128439718,0.28623648910231253,0.16295301735904294,0.17458183238358527,0.34293936446384454,0.2453754085787905,0.4587577650317214,0.19213210255564947,0
0.7683428331324099,0.7632424416815635,0.7353608979627241,0.7449064167981725,0.7634387241011901,1.0,1.0,0.6884742826936304,0.6390966079779722,0.8708561958490966,1.0,0.7431902816934277,0.9207076625226938,0.9053585581696357,1.0,0.6754139499451617,0.520727704375272,1.0,1
0.0,0.5014355413516833,0.23307189678425777,0.0,0.16387006293281486,0.14492053202969607,0.17130182417604384,0.20624303250413886,0.17048594160092895,0.15203055075181449,0.11095804576013879,0.3486147308719704,0.3941362738283496,0.21945114121164547,0.24788360199612694,0.11484029677689067,0.258522483800371,0.2775956514584583,0
0.13708715284084422,0.08040716985225949,0.0,0.0582811129325399,0.3725545316724952,0.1315741646547962,0.31418705341634556,0.36479768678142566,0.25198956222489494,0.2141719345214715,0.26596275046331963,0.20000555601710635,0.39446911144679564,0.4751840648973391,0.42397741964451463,0.0,0.19755678893678633,0.25049909665373876,0
0.1952234626930333,0.38586814866150976,0.17267594557443727,0.24276977843184558,0.12136449372517369,0.3046028464417024,0.42341511483118405,0.24071725842149752,0.22637371615553087,0.11624596443184879,0.22248488157372304,0.058864688833416695,0.14045464159374071,0.2772143255330963,0.4082815837289675,0.5871053033475404,0.17960978979149192,0.42223601879745276,0
0.010572204745993075,0.18173048824624882,0.4993618052359613,0.14640672493487744,0.15468911864808754,0.1302901107628208,0.39577413718594234,0.22085011460498724,0.17489125252610332,0.4196168820634421,0.31953929055226443,0.13968517099476885,0.10316993067258637,0.3889803957855968,0.2520145796490059,0.06411231761726649,0.03602611757277413,0.11607535417602896,0
0.1331327894030349,0.330391369145184,0.3163331378345049,0.12297493671599313,0.31716423403644034,0.4092240348183731,0.24411681826413884,0.12904467735233366,0.35499451075770966,0.4567654517165048,0.14366316358725226,0.25471024887400406,0.3808186761864425,0.2638430457955824,0.04032444003902977,0.3032101262542958,0.13254296364125212,0.09751328812071838,0
0.4725106488015548,0.261223514073185,0.3723058998370719,0.297875518012796,0.20402636633499294,0.01902683752829265,0.4451790792498543,0.12410773728626529,0.4159325093701323,0.3144169155114701,0.13287846577031692,0.28743980341827435,0.5059493273542395,0.43427830970365255,0.18847443326386615,0.16456230901783814,0.2620249644779286,0.2301383525236196,0
0.2859358628624798,0.12737647698094753,0.3089728353837366,0.09690832542994399,0.40662934400920825,0.300656630682189,0.15102033078908889,0.34656129137587777,0.5189829866963602,0.2238859480228659,0.31604958276295514,0.1981804816370798,0.2602422661142014,0.06913185279622633,0.24993645837929618,0.2552292795796734,0.4658797332213698,0.034599626475598055,0
0.3814748387204844,0.23114814097646252,0.18430536723939306,0.05331100010051687,0.21724401995525222,0.3120249936183954,0.3413210216498932,0.0820977302012775,0.3910390151591959,0.13306950146443441,0.23546222304464048,0.18174203420109525,0.30006998605988644,0.2612889661050214,0.3313562266443807,0.4712565537429261,0.29774229676080965,0.1807984433638904,0
0.13558630119275095,0.13499347900188782,0.29442345484602456,0.10976298957227226,0.33748207034350475,0.24828632651236798,0.0306508937539344,0.2631398950673136,0.04778240504932066,0.33320344115867934,0.22015428048992847,0.47213010598081834,0.37855754132471287,0.12271689925218104,0.00751121633902993,0.15938784918503512,0.10344896766035547,0.4690885704252513,0
0.47741577374853444,0.6602235884514182,0.6159219703236031,0.6416618605816836,0.7634459524952042,0.7991614836262624,0.5206493578620581,0.853213880311724,1.0,0.8671774750149673,0.4838377364966386,0.6364544664975456,0.7395282199970726,0.7459166535913335,1.0,0.6331902424628613,0.7121967568701857,0.6119589622483329,1
0.3320341019861121,0.27504980413766933,0.13933793023478974,0.210899200374832,0.26854038989533274,0.18296370531367956,0.25032125530118693,0.040008082335586115,0.41193060362223466,0.2519091141959542,0.11807757922116274,0.0,0.37349619292400704,0.31697098632683707,0.27528228561628615,0.3536377601517525,0.35330780755560537,0.2733325684064239,0
0.12094962920574179,0.13922018511661682,0.11057197340802255,0.28003572071978067,0.2579179962301895,0.19427058169225833,0.12831169685376648,0.0980084476322989,0.24418193194352128,0.19412958644936798,0.1677271609170085,0.43565073833579315,0.24012091861687193,0.40240515207123106,0.18600973807807641,0.27937315405583885,0.24334287804923982,0.0462853228578253,0
0.46002804193626634,0.5137345072283076,0.12521613930645492,0.1784072407941617,0.3118638742044831,0.3902547217970446,0.0,0.2604804182687559,0.19154284281233255,0.019117456116362702,0.0895398664009156,0.1818670648430864,0.2570578023978946,0.3709723432316973,0.2925217738098478,0.3637047324601183,0.25320692030167147,0.16540648636756022,0
0.6927898735831266,0.5086298404104734,0.46954283767113103,0.536914887189605,0.9644681456464104,0.7379647201268663,1.0,0.6904612851888847,0.7256190974664413,0.9120284087424428,0.657496082999324,0.5058111179485062,0.44183928882886175,0.8228857645433743,0.7353495161938886,0.5873928695575894,0.6300228928748146,0.7937767025504392,1
0.3708690772701711,0.4299064893473558,0.27412322754593527,0.3240744786995282,0.2945423116740911,0.20885587519579843,0.05998764365258269,0.275790647092505,0.41547253967734676,0.31999995560291883,0.12190921708282698,0.38170258067738866,0.21286361777723917,0.0,0.3721484578219025,0.13655432510882648,0.46368740477414916,0.3877328080716902,0
0.6947083462567858,0.8730661109661763,0.885548007438545,0.8173591583500674,0.6392252548783581,0.824933739223319,0.8872831448778586,0.5522363863829036,0.9594424618398993,0.6188268568107945,0.586446930084296,0.8864837691047005,0.866360457987201,0.8807482377696445,1.0,0.7181168797674289,0.7796738368481234,0.24502891407116695,1
0.9146552225275254,0.7322974946020641,0.6694999071286437,0.6242058187192279,0.912583274329819,0.5328284618622858,0.7003094805619156,1.0,1.0,0.9970663668278559,0.38753133534830175,0.9597870489564104,0.6056666707017108,0.5523475983152286,0.5899196726001146,0.807989318321346,0.6047491272448218,0.6546095444610986,1
0.29281818621567546,0.15099808360242534,0.06784675751974184,0.2923835702081483,0.23707633880560788,0.23453687302713058,0.31252844974974875,0.3292900422916494,0.23067977300953615,0.11527967136520575,0.17336958361946248,0.3201956716558467,0.2663683196133978,0.1840288761091024,0.15587362169978516,0.32413873723071124,0.22340171133255338,0.34032601345265634,0
0.3429805305750907,0.31821641964153824,0.3226481239680044,0.3413800266608729,0.1834332730473854,0.45253357441963893,0.23666207221930877,0.2207382156421114,0.41171506015765047,0.17433197597476358,0.28843338288388254,0.16325984512057157,0.552308297853402,0.5270385420072146,0.23677108222761448,0.3123828608200639,0.2506239766056857,0.20816806139099217,0
0.39422171224945285,0.20951788549165198,0.22431034711558445,0.06844368435987164,0.3090638128727706,0.3102124030932199,0.24424149363328096,0.19981144793376143,0.5651761166204503,0.10559587168415427,0.1634275609363948,0.33499080854120744,0.12826720760042398,0.11941517001366297,0.3857822375715201,0.32262300699290686,0.30809655725131335,0.27181898188450815,0
0.33783536060620756,0.45218596270990463,0.2702723194910491,0.2503435091112476,0.31352987718733016,0.2496166860530722,0.15611710383791672,0.18817117070417208,0.11654165127086114,0.31340525138382935,0.2513670175000573,0.2067656659890283,0.18199794917952516,0.31060676154395517,0.3436537816732084,0.11433832041937808,0.09547783962692588,0.3645411946745218,0
0.7642259336332218,0.9455460382530995,0.5780710590730362,0.9054381267717947,0.6396385545180393,0.38063867991311245,0.43145392089198936,0.7974058631092709,0.8009440066769254,0.6999421832601418,1.0,0.5202033125198341,0.7663084127115247,0.7811546723019329,0.7392506443591718,0.8817359879903138,0.8563215629359175,0.8474116074788618,1
0.40403092173582256,0.1707377790182062,0.46778050243485036,0.25326368251315756,0.23613645433621722,0.148007423101653,0.484162620236276,0.23196533463772157,0.0901614368569946,0.5449202402596552,0.2972404112622816,0.3458596540725136,0.45178722650088676,0.3237355098945329,0.3669867228453346,0.2565190086793666,0.33804787449222673,0.2459010622532048,0
0.2850053210912928,0.48936957020909355,0.18399813059529335,0.46776104187147627,0.2506387607952529,0.46382754710379115,0.34002413499355827,0.2868530035098906,0.2421243181736096,0.17511502721449473,0.25909498599572234,0.3576833750824029,0.24842662828039952,0.21200526339257708,0.21990609589866725,0.3690971936299664,0.39701937461198267,0.16994193834779556,0
0.41553306075784396,0.399911470452627,0.39423559853846507,0.0,0.3028211950886093,0.2754540631683964,0.2458164095097417,0.3231735560767214,0.2812668247005433,0.33133689007926176,0.21784458306940088,0.4297816756211791,0.34347330301273915,0.31510319086178085,0.30924462804482367,0.38887375689922765,0.3726025344322587,0.23646735357444545,0
0.09083815983407864,0.22349401521389697,0.19531299869913873,0.23333058247538796,0.35180877387554055,0.31649937820986074,0.16015812297655885,0.2664039043992655,0.42885299369206287,0.15023611614432336,0.2674200136476415,0.22682071876736457,0.24243939809958676,0.05432108533007193,0.41929154251746453,0.157077771893418,0.3731286364184239,0.17543480703429865,0
0.15817455464943733,0.17469176767169953,0.25007898498676073,0.17405264256868908,0.18302956002238818,0.36823046911113877,0.37313875369266547,0.05237290215416035,0.15181965785197366,0.1943194735703929,0.32189067353983025,0.38716907062067873,0.574236152112866,0.19411920444608063,0.20011255427895652,0.3206284018765257,0.16813399372541687,0.23308457662113796,0
0.12058019954715937,0.2965931967168997,0.3161278421435559,0.3326721436104559,0.16365757846349355,0.3598702739900329,0.09193181658678098,0.19830182151471415,0.2169377101247003,0.09851091249960411,0.21511467861942352,0.27657770972137613,0.030907338179999716,0.20263739394749852,0.04019188812840116,0.4949846541180333,0.27549894603207803,0.26509951405972093,0
0.3436663827187332,0.43839944720573676,0.4037548427403647,0.48345669470374786,0.32438247763918393,0.2774572710326354,0.08380202544091042,0.28697158414168966,0.18369959717544185,0.2753812016118965,0.25654158235715874,0.3066080306620162,0.23832031485537872,0.36220242288791016,0.0,0.2727992290189413,0.39429877349830744,0.4744058210147457,0
0.34001892955140084,0.332889162384541,0.0,0.3112811371188704,0.46077802466676543,0.11468339761917523,0.2412050450931147,0.22816212230391295,0.4492494321245059,0.3845136452988354,0.14459006241850836,0.2910542228030231,0.5263206558733031,0.17503505210306342,0.24866154596088014,0.31162087641851427,0.17679345403368912,0.46158437019912946,0
0.09551310242612854,0.25356695941948265,0.22283974803614387,0.26150595511300767,0.27331025837845263,0.38679663832755096,0.2601739943680973,0.40327114686544563,0.23588132094562209,0.20798358712304404,0.1696980420353673,0.03194955650558168,0.28309376943110076,0.4964800346166211,0.30498825727430334,0.33240968249940156,0.2004362409982654,0.22067999304715952,0
0.32458873269033006,0.23376759321204996,0.2282996657512462,0.13430583531780133,0.12979135080735688,0.4705778217719284,0.47492156438561706,0.24968234425046756,0.2837828326111512,0.13229703315555774,0.32710898199273447,0.461157900593704,0.06649230640663681,0.30566599596428723,0.31468266911740483,0.3133127817867109,0.4471381201418163,0.4943221854605383,0
0.252278942396813,0.24583848999776922,0.023731251466783537,0.20230199980846825,0.2567446783706982,0.2162356009713159,0.2203811445386097,0.3085589644965505,0.12052513755416394,0.05463493432585467,0.20821962509959901,0.34169372866021475,0.4525063647383966,0.3438553886913688,0.07380834881573833,0.22211593127478746,0.2807961257297835,0.27131093403083106,0
0.4849991527373819,0.24568724776464418,0.24789138873619998,0.1801543981465508,0.21584760550178378,0.07164100290398548,0.07115363485791282,0.043280935731291825,0.38012044083033336,0.06263173325049243,0.48399547584473857,0.16235465305607139,0.45848198881390434,0.20619347885614306,0.062057587489542765,0.40405346776785633,0.41822387531598704,0.1412738799679587,0
0.11666741188989302,0.10936340885190463,0.11880113705351411,0.28467000006024484,0.3993936854375735,0.19823926741125875,0.0,0.04552085648675494,0.15003559326447863,0.18307253350057423,0.20099336472943283,0.25462973475771006,0.21259044030130636,0.37592075326520885,0.16887792331823576,0.14652184486293485,0.3074650646224554,0.06572295160886568,0
0.41740904353460395,0.4266223094419015,0.19679506091316212,0.1293959521762882,0.40828413593993346,0.06499271516855507,0.058863828575001775,0.2298045862229548,0.2622927658874985,0.12280574004673608,0.2766237206052616,0.28197641063637763,0.19235345271348647,0.49401570150014285,0.30157134520087653,0.3854186843826142,0.07525444135968129,0.0742189825059345,0
0.21949429392906195,0.19994300816616906,0.3005130428686239,0.4176437649855219,0.2376516194420835,0.42717728871000665,0.29477829681428946,0.2956829162219994,0.5386131360788767,0.44832138594621185,0.45143310932658576,0.15428636099597703,0.5130619002587549,0.2401339847056052,0.22270105842957924,0.0,0.28915489894645874,0.11999752502768324,0
0.09557110713563507,0.4399395336128,0.13918242640800355,0.12472671142376296,0.24530812945401365,0.2391769103947134,0.141699219226805,0.213403213754428,0.3975250861180125,0.15328076694018428,0.0827593018760594,0.36311123450797506,0.3090756294325644,0.1755377655221606,0.06013995806476985,0.16064519722737242,0.24343546757808746,0.38988065078605827,0
0.37002934749001104,0.5162457357420878,0.4325168101577903,0.22136088628231032,0.31345211628515623,0.32536694112906717,0.24758912425988563,0.11848766398039232,0.15414685377243742,0.38777831811150576,0.40015695949864594,0.22509191621929758,0.2813266472872105,0.3936716585595572,0.0454877353560042,0.19643770829933724,0.4921445657779173,0.28591692594439805,0
0.18280770467661375,0.459077661543548,0.2868892919792828,0.2709534217001446,0.21853037697556638,0.5435174333725634,0.40660125866157093,0.16347254622414487,0.2171661934354451,0.22429065479549076,0.26750463739391195,0.16585288088422778,0.3026579828034036,0.4242505758447177,0.09236462691950043,0.11462239154895196,0.19202097336432317,0.19758453278706045,0
0.4484920124300335,0.0,0.4377777534245993,0.26040656482378355,0.3715263782990442,0.31077605855018753,0.4228474064319905,0.2751690920028995,0.08638546494245,0.2373190139472148,0.3118787255328167,0.22408466781587696,0.32892780665832044,0.24211631336314673,0.1785388817062156,0.1196825940026151,0.20298215409599868,0.2745485979640393,0
0.14871052631480364,0.3738664312665838,0.252637927668638,0.3638473522977962,0.44753904985317317,0.3124737680919472,0.29302581754840845,0.6340291576620477,0.2748424153935781,0.11913438305843821,0.2162529721393615,0.436202165409465,0.0946999179663944,0.15970484750164235,0.38277121671622205,0.2174055228984359,0.2367705055628206,0.3788047384156755,0
0.30369048534428544,0.09112094863238676,0.1572165859788548,0.3110941082861163,0.4109338734017543,0.10445312385497726,0.23508006149813185,0.2735118477332763,0.35374941415430494,0.2087678686719545,0.06234223704136904,0.32454370713434827,0.38497551582054856,0.2400890245905807,0.29862881095677174,0.19306105246875152,0.1485072646328927,0.37317108166566626,0
0.1723580053658248,0.2545267476018686,0.2959802827187431,0.45618846897416576,0.3443588401949895,0.39574682271447326,0.1767271124440444,0.18709805124939968,0.2217544008624412,0.23277128240342032,0.12903700506365318,0.4019120351868182,0.356002196531055,0.21331865664381913,0.32700527788166245,0.27674789956046053,0.33637935771176497,0.08868314517692438,0
0.30414752626262,0.5175754138233966,0.4001331378774615,0.4238720829701024,0.5860103123097191,0.34097875141295175,0.2695684249519241,0.3668488352117598,0.18289162799260075,0.2629223583393963,0.17227268283060237,0.2977581469075458,0.17177090943762158,0.1675685800165939,0.29961679517266054,0.23347462710633193,0.018697463713990364,0.07533316944254925,0
0.3768464727966687,0.2021764840509167,0.27876090923155594,0.48963607999370606,0.2487442246827445,0.3347498466108785,0.3124504899160472,0.17941391779648608,0.37709940780902307,0.1480359029079777,0.4107855743733011,0.17950588417490565,0.19264387353566864,0.11938146116478501,0.13908887070200238,0.19878828132057574,0.0,0.2220001190589284,0
0.23962616135031733,0.33567409918841473,0.5122326114538456,0.08905132112381497,0.0,0.20011908796649025,0.1919168920103166,0.2046918189522431,0.13882732552868654,0.35469210030419096,0.08424046529419751,0.30409301268659905,0.3266158741428452,0.28797590884487345,0.30845719309911085,0.3639120706872956,0.2564278338708278,0.20842040635292167,0
0.6907377582552944,0.6016452495586933,0.8257636818704288,0.7361805332569877,0.5747463564409014,1.0,0.3249971916717115,0.6759227114113686,0.7542128916889422,0.9804337867233027,0.648282438387813,1.0,0.8566414310426844,0.7586993125827226,0.45833710878583866,0.7626481201425188,0.514104073675753,0.8186099840355077,1
0.4630837638838857,0.14788681314261154,0.22681443750901686,0.29663503289733406,0.14711850969349907,0.2824353936049397,0.22300956549928092,0.22059189140879618,0.2558726071249734,0.2585517658694277,0.26966569228912485,0.1781408385451859,0.18337939307802958,0.23576948934102035,0.24462908305170458,0.197338079206406,0.28887275705032217,0.03222859015897639,0
0.23118055080889013,0.17210614371568364,0.2730594200714469,0.44406973663815974,0.3865427938739816,0.21925474916451065,0.31463457541292317,0.11782839405738904,0.3376080612886241,0.15029714288015653,0.3328306673533208,0.6062886628569282,0.1815985081207445,0.6007363971085637,0.3088762585339574,0.16004492400856596,0.1545452599918702,0.5337946729418068,0
0.21673366685187068,0.41358290693480404,0.09368132570353954,0.4221065415557307,0.17327728053448926,0.2694843832379212,0.2706184234510697,0.19874562117250053,0.15854647719076714,0.20562133732418328,0.1282524779448641,0.4854352771537636,0.19226428351753347,0.38907367053159314,0.3732607550291577,0.2935515686748235,0.2337185159120463,0.2732538216496457,0
0.6154390710413374,0.18226135318312509,0.14160040098929538,0.12684393398850907,0.22468711281348336,0.043655669096105965,0.28534754125933726,0.021363547652223175,0.26940051088686773,0.08784979070843763,0.20424479111438887,0.3225448478958831,0.5264845220651624,0.12063993750626117,0.231961906068833,0.16314895902693494,0.14561556129270453,0.16420320040365466,0
0.2974850611922327,0.45510057968909734,0.40854649398306275,0.25247304481425437,0.39205083055926704,0.4327114463025675,0.24037816347005478,0.22434693273462136,0.26685405847998905,0.0,0.2836518281891012,0.33645255797017765,0.2673413309698602,0.29136093044336486,0.2447828349280596,0.010357373205483245,0.44951137130840374,0.2058605383117938,0
0.30090977649462264,0.25231929084008675,0.4180439100257597,0.25080814409219465,0.15776286340462403,0.22037369730072606,0.08869163235799224,0.2987364705646528,0.32078202955783264,0.5463035244031381,0.17537968112747143,0.21786465115897807,0.18090897706741413,0.2754536441357469,0.29580286413755363,0.24359501866857872,0.38035911002476386,0.1759624595494267,0
0.21749276475148752,0.22166438898664173,0.1618734691130439,0.3082112642196535,0.27860660498049106,0.23936632656961992,0.19834499998456503,0.34558528366239966,0.22169989074229823,0.21319632546088754,0.26256280358657513,0.4535904019565021,0.08915725503745553,0.3423828271666426,0.022819460651427398,0.2760727789874349,0.43900993931304766,0.30864022293607685,0
0.40714307638172803,0.4108305281142195,0.312038856659337,0.19538591991535992,0.22126347218604117,0.15350200461100494,0.13062722571656263,0.12467002140298811,0.17583347118577508,0.1258334811178306,0.062355385774822136,0.27632832037046867,0.27815146970721244,0.454095131011398,0.1697993957974357,0.2855320707547925,0.2875255095129762,0.21953949266493603,0
0.32479492795023646,0.2917521372619253,0.22205791406612982,0.4798521629887432,0.14116756178849194,0.2505169170811792,0.25178630502491145,0.2982928904012226,0.19846328249265988,0.28776955667075055,0.22973888977564405,0.060165697907452104,0.2511462743508216,0.1179321600363818,0.041873708506131896,0.2664247984827262,0.308546001042348,0.31320376505254915,0
0.317616913956696,0.35707017723694934,0.42293046764551956,0.16230898684569223,0.2771398379033528,0.2797359469423579,0.2602459071644577,0.2637827245943458,0.2544563218452359,0.275409928189938,0.3388817240794424,0.3964345029501179,0.15924010951676343,0.22932383742541812,0.19928702561348113,0.182119317135993,0.05607623016327687,0.25290669470235544,0
0.1158637389634205,0.2761343900304022,0.39686665523800013,0.2693213130580988,0.21306618176436792,0.15524322972551524,0.2926535035414209,0.10142415366476518,0.11390787060843349,0.35801959211686996,0.2166717925191283,0.21430549683799804,0.22971207804247007,0.3371045280095125,0.26986032076292416,0.1608302270000904,0.1651489339661798,0.22658670269835596,0
0.38559644729290676,0.1504217941350965,0.24070733588413573,0.031365012451830376,0.38477225323130737,0.49780291092410267,0.25960991495477026,0.0,0.3230668619892437,0.14150930006211038,0.1703980670002648,0.3251891667749205,0.2805464950615269,0.1914269469593678,0.17204732408780027,0.2651003266264999,0.2008641336985159,0.11689154396763912,0
0.3075541988376327,0.0,0.4918487636539328,0.31342641802579974,0.3336302394943554,0.23277514640055796,0.027357578973730645,0.3309666473500288,0.18217743661229366,0.3152718033020008,0.22374387156847256,0.27856472549396527,0.15700043423089066,0.35372667312147177,0.10739451526507937,0.5194683310407028,0.5185538361984414,0.44592395025598125,0
0.22202233400447247,0.3257919042749561,0.38678748597810575,0.23025139534917338,0.08954076794020202,0.4210687385293287,0.3494433830849173,0.317650771797477,0.16708400210574972,0.36825230491529354,0.4950910771946125,0.23544276037014925,0.2613391239748614,0.12217712155643548,0.16365495981389278,0.12105167363404401,0.26569870358758607,0.2091065256730169,0
0.43846523208628174,0.1638999493326128,0.22143859325441448,0.12045079355952978,0.3688914081481427,0.5017012736853481,0.03858196468765626,0.2084605517638362,0.4017735816460042,0.07636653742892785,0.31800206883653037,0.39657666402490843,0.25938745772282046,0.3160315685128159,0.46130828633531284,0.4838111864921376,0.24256393443586205,0.18611465808409203,0
0.05848514084725395,0.32143432724056475,0.3299544739015773,0.3110050390021537,0.14555515908507025,0.2603812948944754,0.1420671712517095,0.21008840070741847,0.5084161512605053,0.2614834453115507,0.1074968108815392,0.27164024087966965,0.08778448887240284,0.10611875289819861,0.1250652236861451,0.19668286573651797,0.36243627947070417,0.3194077837620207,0
0.3164843463657429,0.19166029669927492,0.2919341467940969,0.3603986614661757,0.33025702090219283,0.29184636705873684,0.327055395542142,0.3326093264666542,0.4294601393660711,0.24591391606446747,0.26967483921308666,0.3618480170771334,0.19115348682837846,0.08976790327864173,0.30918762094993246,0.22527715784608665,0.10509671059187589,0.31006503152558046,0
0.41361144545028383,0.024304188643113095,0.2118512141645845,0.14595936924118885,0.26430710333528706,0.1814260936963915,0.23006105896603213,0.4758609856244859,0.2296336244295546,0.29965507806282565,0.22212768040909178,0.25908559455482005,0.25072200165232855,0.3037988879167791,0.3898369042656612,0.4476872797123995,0.2871544098291,0.3207456263242723,0
0.3994761952206247,0.3651508630900088,0.06822942690477529,0.34949452852792634,0.29858261051628504,0.05736745034409188,0.24708431394750213,0.2937441386839915,0.31672903285877807,0.2712713640338627,0.2849477700216856,0.42683336707037145,0.39712406918928156,0.0,0.21190737341947816,0.23024187669472584,0.03974817127276348,0.26130196698787744,0
0.18928971502208178,0.4705974855624143,0.47614116352179353,0.4888827753275248,0.13718669187583443,0.3183242904090512,0.3545143020701781,0.3410025080253283,0.20747224669673697,0.4034997883558391,0.25005699836398276,0.2653727349922527,0.06545998578674278,0.3273717963487586,0.2187505943713107,0.305773463452063,0.2782136439765542,0.2717123891996525,0
0.5217109522730878,0.8221445305193668,0.8558979602347155,0.8058866452454938,0.8802387630121818,0.7300610986412898,0.651514227991839,0.7066099205995328,0.5191197273689151,0.7004667100334705,0.667674783307845,0.5781206711095052,0.4065852207434654,0.6438529524671739,0.15297992091019297,0.6645817454592867,0.7848897566939458,0.23713807716424978,1
0.7419317315714573,0.7203126826603228,0.7393313833895455,0.8960823290101076,0.5452945831909695,0.6932778856324371,0.5012500057560878,0.760780247063696,0.6848048050667207,0.7156730966243163,0.7191318203011087,0.6401089559874589,0.67559219134691,0.662039503033053,0.4373854900310308,0.6070471018891936,0.7264814479200121,0.605443239615588,1
0.48056761075563614,0.24193866391663327,0.28401070174591103,0.38523182999920924,0.10214059524418936,0.14923630030847224,0.2231561100140031,0.40655483438262996,0.38437184179027567,0.3483719640624517,0.2453008061595077,0.3975483685215633,0.24368257229940274,0.33135616148468894,0.3714446770473526,0.4656184081012776,0.2552410498501808,0.21848677348642992,0
0.26992252610759637,0.38489493819449366,0.4057415729843862,0.46296224099049466,0.2656737277095166,0.3415971010602992,0.07546461587164369,0.301585788779378,0.12096830782469659,0.24249529650943003,0.6135806066646571,0.28642650834285155,0.14634241369836054,0.29893468071494866,0.18795097760927743,0.13471070642109384,0.50237674400686,0.37801744315201036,0
0.43911043462544674,0.46971451465078784,0.12762877775422438,0.3594582875172134,0.1633606552315946,0.2769147279300309,0.0972457085512321,0.17266530821407405,0.16885039631636617,0.3578266336171139,0.34608629460035867,0.2832183675196985,0.08794942983335374,0.2126032679260336,0.16046602204687288,0.35436109080333894,0.3913821823380621,0.37676627032370597,0
0.14603006336086732,0.25166778511990134,0.25135332359423923,0.2382311717760991,0.17208844964678366,0.07173255961227143,0.26112153352348044,0.1577973208542505,0.260319217689715,0.15471477499613762,0.11804099849867902,0.2781158032452277,0.2681105832167795,0.31951383655851195,0.512303651970115,0.2832747437453016,0.30820981204769554,0.12069264053592096,0
0.7445885536391181,0.8716322219363339,0.6419547001189309,0.7702978641020556,0.959528960391583,0.8675118820293917,0.7144276215470953,0.7560748069376815,0.8563818206343214,0.9962331943449744,0.8550115889631357,0.7810988589755319,0.5715819649011824,0.8693431852886162,0.8030100176592321,0.8696626955116318,0.846348520322671,0.5984609910568074,1
0.11151187284949493,0.07285878720257583,0.17605393048293197,0.08384668623588243,0.0840718126686067,0.3245860912551851,0.249498544790481,0.19243828279548894,0.20356448832334814,0.17833148028083928,0.4480443001382852,0.1617393150828356,0.09134393223000409,0.34552607409835934,0.2241093251982615,0.49465284265814624,0.18685532334470378,0.35151810157081503,0
0.370534758264633,0.3722845936019932,0.3599198977286013,0.32574270328980215,0.4848553738765703,0.18523650576814107,0.23137350549277472,0.2242587428019839,0.20583194262834287,0.011347354790207653,0.4149837766849897,0.1268751449144467,0.2703777890495317,0.07937665867901361,0.3244858876863686,0.15575247568717626,0.11368456910691307,0.27332121573780477,0
0.21261058876374497,0.3222203610560397,0.28186687366117275,0.17304382068660193,0.40097187984630495,0.3353425354808669,0.19785400821859978,0.3824312532685695,0.15022964199123606,0.2465278884537841,0.19849313985326614,0.3401574386823989,0.19243799733602407,0.3410179740353253,0.3213352171106842,0.2049701023104193,0.4695661109747563,0.16057184203318417,0
0.215331294297681,0.041342144497488215,0.1232506008801765,0.288203107188968,0.23345413732693165,0.25899124942794716,0.37471043315608726,0.10752122691252708,0.221658363732082,0.27264531560934613,0.16550080749105808,0.42177725367129004,0.3590304161935777,0.28481599925065065,0.4653078135194304,0.07013256644678295,0.24907284626731818,0.29396043627208734,0
0.31275943938967943,0.11812905212913491,0.18504227734772216,0.2826401328259826,0.17460160175339046,0.2165960271638682,0.30296304310359395,0.20814727825584375,0.27712715069224303,0.4411274147223482,0.2293769441215603,0.39152053716630475,0.31712440807688297,0.073930960781588,0.11774355648837709,0.14996849403161244,0.147419809968066,0.2391652304671823,0
0.22909905253345617,0.26658681105691634,0.38049455441781577,0.35357808864449664,0.23059347963505036,0.1696005883746133,0.3862329677983826,0.34286694170918386,0.05724918180455413,0.2124215273310063,0.26986185544201147,0.34345956605452377,0.35921217939277256,0.28406872014105683,0.3202297037630627,0.2576964162853784,0.16913779741833274,0.21864827307504953,0
0.16451955227047496,0.1444588445609269,0.5237959452731273,0.2857013285422666,0.3564110865285686,0.19131070382572915,0.22768519873767415,0.1643735222355574,0.0,0.08463888677825607,0.032725758402352645,0.0,0.10655692308422768,0.40899468152579566,0.24466765987547748,0.40486765147854087,0.29931790922810503,0.3439070590858191,0
0.3473698458015662,0.32695856661584266,0.38998805621247506,0.21027697826665606,0.3943033081177482,0.08632034968275451,0.08339388388121716,0.10434379766905441,0.2511054031158507,0.39428537398933067,0.1777429503232444,0.19279679140426753,0.2240778453628795,0.3187393748065186,0.19268496359745113,0.18598996505001986,0.08855256839707715,0.18139346665874545,0
0.3237328147470969,0.3257485993680577,0.307628938301412,0.29892740435416465,0.21153515459949426,0.34449792452626304,0.2445330247894551,0.19154637270217864,0.212573042529352,0.4924767638530998,0.04180287015454809,0.30997457251549587,0.04850674868515395,0.2370119994012432,0.19796470178149747,0.0,0.29668451085205155,0.20439543253693648,0
0.25085503102381046,0.22107617422222217,0.41710985330758543,0.24463749921927588,0.08407013339430111,0.30983598837394316,0.4643304920038347,0.39363170674555015,0.1176479609457696,0.21775262268098755,0.24631801871622594,0.24777413697271694,0.2957154228614607,0.20870787908164806,0.1401251403303016,0.3642160403810718,0.11517207012758865,0.1537460150750886,0
0.29241991461349415,0.4089913130206022,0.25965707360674806,0.26665832396868566,0.21576994808825095,0.2815560571320596,0.4537541055747104,0.18966829959267473,0.3277546179196763,0.1443467700390459,0.0019921458785860935,0.2748950488444131,0.29444865081633076,0.23679384766690192,0.07048180350733166,0.2865161289569946,0.2819576360967335,0.1433463242688912,0
0.24876224088638182,0.36201025650198,0.2157962904939297,0.22843990140632253,0.246084757298931,0.38278471823109356,0.2873949706809518,0.1231199387828002,0.44470169657037006,0.21486214012164243,0.19533758513480218,0.0,0.3261279509393604,0.262121516759426,0.26199107879222827,0.20166103946670183,0.18097385918406605,0.20565034878034844,0
0.35058269265104414,0.09788736775255516,0.15912224254314133,0.0,0.0,0.4657830891974215,0.5000317892919603,0.26112714462687436,0.1511405480912186,0.21418612894118716,0.35482890429836367,0.18827331762135446,0.27851606404500273,0.24846927394225005,0.18174247959005704,0.18685687048097546,0.285198504602261,0.13277342363350703,0
0.25056026746912585,0.47706205203618757,0.43691640928200864,0.2829086383237095,0.11215979609139809,0.13514015857010173,0.14768897879290477,0.40337859128352405,0.44580645233305105,0.2735071401961103,0.21363034773722156,0.435845259599318,0.13257117509620542,0.2562187993120439,0.30555591994553566,0.14646392713883208,0.1736902934330431,0.16435149049748765,0
0.27035861426131236,0.23599409759972043,0.40940827948624625,0.2896602921726573,0.34834792675741727,0.3358308864214162,0.0,0.24079974332548618,0.12063106373423771,0.15048197270117658,0.42695033287903517,0.20502333456128896,0.4771081834967209,0.08107738956749735,0.11995950636671585,0.34148207931423646,0.20903541762897898,0.28687928039212596,0
0.2705336678237525,0.3010857513501889,0.2982838418103787,0.25148333582863114,0.0650712404198327,0.1756055603328579,0.20112319932178185,0.20160456244952496,0.25899774615878035,0.42106496468452226,0.34745154552215196,0.13149786641815664,0.331408345035596,0.32683628411988835,0.15327190324581222,0.35186391071625267,0.2307548036865684,0.08080558119826664,0
0.3688372456987955,0.27088626880504535,0.4800312149800394,0.38172733732563585,0.1749268817725968,0.5296852827340319,0.0,0.32648256888028504,0.16645032046656572,0.47586163524076236,0.2803367278354344,0.15474454418954547,0.21802063453365,0.164328224960129,0.21330676257159054,0.21056228609325942,0.15986129575587346,0.28240765738991486,0
0.7541236922260456,0.6006050105199219,0.5744879185518041,0.8358204384617405,0.7316258809929562,0.9120616910914865,0.8473155819376209,0.9885587995347497,0.5985872181486768,0.707219794704812,0.521526128667815,0.847666556231021,1.0,0.9186844350636083,1.0,0.6122282403463226,0.6958384082075918,0.555176934868723,1
0.7372899663275313,0.5914962753846587,0.643528416882704,0.8818475730914626,0.6759146746035306,1.0,1.0,0.2293130369979402,0.8078713914282971,0.9315484975310234,0.6811061799577561,0.8870562152607249,1.0,0.6564892756187003,0.7440771395204986,1.0,0.4972022458203187,0.6992581785981216,1
0.35173113874932255,0.4188926936700673,0.27978223409105896,0.40048230823993436,0.14820155325425072,0.269510917709807,0.28444642179672835,0.4158936318250265,0.28826116481685465,0.1749385909916542,0.2576888606704449,0.04883041570477112,0.0,0.3497609644129944,0.2050307336432387,0.21862992412236787,0.3497136015239938,0.41764124620535187,0
0.9339546634122518,1.0,0.9728147767972073,0.818743774058408,0.7663797179828584,0.6479552651138742,0.6361841742091273,0.8769657237228818,0.664648189501631,0.6673321420570199,0.546748288666953,0.9666562768749937,0.6619578005429536,0.6371825711928499,0.5933118280906025,0.5837921113268286,0.9590457206444163,0.6073186473566058,1
0.10762624261689313,0.4220821941687427,0.31050490222413496,0.24642027028665425,0.18222359786770886,0.2855403501554488,0.3689723311981016,0.1507640987743671,0.2494205953268068,0.3541679798621407,0.017679864509904414,0.24309162851135152,0.19848503553429536,0.23394041706939592,0.18980457323537164,0.26651495262487546,0.48083526645072616,0.21112930312857386,0
0.2199892901903956,0.5628593959498317,0.2673448345159934,0.29268265277743927,0.26011083511175975,0.20023761187676556,0.363984449068247,0.11091669360870535,0.009764511950687976,0.23197664505717677,0.3478676464794977,0.18030677257603356,0.27237886531877975,0.10351644143239264,0.3775195972352987,0.32822915591252566,0.25236739829418525,0.2702475745469882,0
0.27978590082650673,0.22919686154714367,0.3833743396519595,0.26121402274525035,0.29511599293901575,0.08167792793253267,0.3631876326472453,0.18025916875907877,0.12488157012439435,0.44754232109350855,0.333714582691911,0.36725148626701304,0.3045395419488781,0.2388219044915547,0.2164475190332484,0.3434932222548004,0.38590228506859514,0.2418179502488985,0
0.4786415925360743,0.04797796904672261,0.24576191725755436,0.24481615019218866,0.19848673176253026,0.36772727553681256,0.28082652190228685,0.48105674373313345,0.3820319691155323,0.41376429253465874,0.10610029360165193,0.15326968911795366,0.1631570254156272,0.4087742562700539,0.13393884566418296,0.13744787809470857,0.11543734991193333,0.5803632662654503,0
0.09826583820604867,0.46489553063332534,0.33526028963963694,0.21544037308010489,0.13774562248424255,0.3792584092518698,0.11778762615233723,0.5213637789750484,0.1764154072120803,0.4564606257526733,0.2278631457912741,0.43968960505843696,0.16181577918081808,0.252260365425604,0.34656991962046796,0.3294492564034987,0.38209142003894603,0.19150334622381224,0
0.16501374895046217,0.22476395262556673,0.23245053032591728,0.22351061540352263,0.21554468441014377,0.19667728793905634,0.18142897912703165,0.4083728256358567,0.25300591792839133,0.23488620481300626,0.17264167331774966,0.2010467414643181,0.1730594549966359,0.3418413006297401,0.1595681096234888,0.0,0.25699696449578635,0.2164731006915749,0
0.08277096840459383,0.08813280114656769,0.23536102914719967,0.3116481772870511,0.31772544051295243,0.20644805510632203,0.33944540275497126,0.42049498328962875,0.23935991000029222,0.28715966879341326,0.22505750435990488,0.23484324292377864,0.2703477187549993,0.4543917146864638,0.359833165269466,0.34902213205146165,0.19555085604987166,0.14221898214499495,0
0.30628367938674095,0.210955298300183,0.12174746822973753,0.07868333166965677,0.04951478228292405,0.4615272061275131,0.0,0.3932468198772523,0.15149571864430322,0.39237291665437657,0.0,0.2217887317740061,0.42448292836303214,0.3355851476170698,0.20952814471710499,0.016842723816582195,0.09130137734188817,0.41669765158712546,0
0.7499014931103762,0.7082618305728442,0.8039795979486503,0.6929761741786828,0.564304688664282,0.6815607389045487,0.7408261723950859,0.8248932836377133,0.8279440698715154,0.9234925137965544,0.620941867987951,0.6117134561124773,0.5055320874585743,0.7017244015635871,0.6091241230594848,0.6854841904438934,0.7627939032559471,0.7207081502809844,1
0.06380919970029039,0.22368400476991707,0.4650870254084671,0.26576991978348574,0.18224242405457244,0.0390315207995664,0.4156366873276966,0.24158994387668123,0.0391919375964605,0.13908811815141497,0.09669543791702437,0.23419077691456336,0.27488067635353824,0.18961395228657704,0.3432455915784258,0.259456268856693,0.3774774862326556,0.20713671063031375,0
0.28332460677909055,0.37815936799217487,0.45750118302872694,0.28007323313892774,0.37716047648198325,0.10484775132223309,0.24569166980839882,0.20979848208924165,0.2911083822045052,0.4433432722523466,0.279986727313511,0.1374771112879748,0.09838737041393425,0.4474936075304726,0.31165520948622794,0.3037697616370068,0.20875223337301954,0.2821434141601412,0
0.144899205517229,0.19162931521609256,0.2501256623299044,0.2645469020427228,0.04526836717386892,0.222303296141438,0.3454276262372456,0.2045994358571317,0.2230321894944014,0.2694887261011272,0.2348847480943601,0.12633813971348745,0.24563846515997145,0.36928878040070756,0.12385888632794914,0.20506217326170184,0.08420424112779074,0.3629658340588414,0
0.14725545373645882,0.24159679328636782,0.12816555249547656,0.0,0.1629257814699187,0.2495667271014806,0.1869658380626273,0.1303668093908391,0.25497575497417946,0.2911705810302556,0.1937683463241434,0.4146092586968406,0.25692572990553714,0.1454183596438144,0.11505552131801988,0.22444362360896059,0.3836104784244946,0.15115735490282395,0
0.16331675693591377,0.1786327187471204,0.25122960208202777,0.25003241249058156,0.28115336174838573,0.5010002907274586,0.29034978956228447,0.0,0.2891558732117873,0.25454559933875187,0.25521400292217494,0.2795136771275405,0.24655860547902408,0.24368654883335333,0.3235653051724943,0.18495030433665988,0.13627763972329893,0.6128537743146869,0
0.3090009316368216,0.042411567803302436,0.04654746835724968,0.2685553412930394,0.2701210059920822,0.02934172798446974,0.2965568230849151,0.38043552441981004,0.22380379973745856,0.2571774143429414,0.3185694060021096,0.30268351315528663,0.04976529974017402,0.14138545694636578,0.20249758765736686,0.14670075390565773,0.4260362197572561,0.32613711259208594,0
0.0877200376916322,0.34063229890844765,0.28030238923806566,0.36069468798834486,0.18608883988942698,0.1545873637024306,0.4132862665049093,0.06724494832066358,0.400175285101675,0.40846056489788596,0.353210741711929,0.16746309795874625,0.15201713959295687,0.22479330724021607,0.09459523878023207,0.13459672014956842,0.32736811498108553,0.32792189370689884,0
0.322089419546171,0.14246934306690642,0.4673521217870944,0.2077937006174013,0.21771690025280171,0.42247108965232916,0.32906927013770465,0.5141323766505512,0.27984667123828233,0.20235630405055302,0.17658341398482452,0.028360458737124783,0.21656850726325547,0.38735120065928563,0.3218601007187283,0.2524369607872487,0.1306078667420405,0.27722476216152847,0
0.5075853750788288,0.21240418168218375,0.0913742160904295,0.22185002816634222,0.2733151724103427,0.24360657462761884,0.32328293418692733,0.5154291100235457,0.044425497150361565,0.1891504399559435,0.43493718128338077,0.18735453276809982,0.3447392206689308,0.32570808368171905,0.3984255828176563,0.47960076929914347,0.2899687248520628,0.04050042574961149,0
0.07619705944355429,0.3989964715478488,0.2008899632067781,0.08167711871162925,0.44139241880088376,0.24191888166290162,0.4789163164530431,0.396562735517601,0.15422251542562782,0.23980122388759012,0.26452455275962894,0.43315638399837275,0.3025021256040538,0.2711551145315751,0.22601444954820307,0.2439331556974433,0.40655105028139893,0.25044464209569695,0
0.2743717983506297,0.052640076041317124,0.20462549522412166,0.0334717092664161,0.3288837791450361,0.35754398071515614,0.363004269055965,0.30869136390757645,0.36615101552671586,0.0608075994079047,0.2370919693846855,0.08021008134301422,0.2070004464632933,0.4439502083119309,0.3811884618825633,0.3294742487769306,0.22820557256792282,0.1307686258665302,0
0.22981243447293692,0.0,0.2322152696328582,0.15904239847875415,0.23443299771872944,0.16946909287388695,0.24751121734412776,0.1252869244922123,0.09631390759379457,0.3967229779085071,0.1336410863958816,0.2500397950307624,0.36454178159234024,0.3597164951475487,0.34538178458984214,0.2863439817401842,0.33688039702442196,0.4147705759127385,0
0.1803297202841781,0.23483835866469474,0.38034842857994067,0.3621177375681165,0.07407018853124284,0.4461140612406271,0.36593776371984155,0.23170297007900964,0.10699330682959357,0.37648103680731104,0.30717130003535437,0.07506419463066819,0.22215063095699475,0.6251407531350985,0.2519802108897306,0.1609635286797212,0.12898040496320312,0.46265187801153035,0
0.1629526890846112,0.31840410353008275,0.027277517213585234,0.4029508798457607,0.3249031737060827,0.35790772861733317,0.31697404143395846,0.23066517790523558,0.12242215478134927,0.23319094705300472,0.13297164258968383,0.308338637209166,0.3468135796657722,0.4272170357437849,0.2946121168663436,0.36094904279142237,0.21434263153238295,0.19260674343901663,0
0.023413480159310024,0.21560543815035116,0.32743984586280184,0.12689019580433059,0.26988294942846414,0.3017952401055101,0.3841561169230893,0.45551264713528283,0.20466087248672005,0.2720508858148842,0.2758083007069025,0.32792498312660406,0.31448837027696147,0.4210006672359725,0.0,0.30016252938675914,0.30848932108290805,0.2217724920964041,0
0.3914141020381997,0.27390856494990873,0.5466170891266563,0.27046098232235793,0.21519210712752979,0.25049594591858393,0.2807790374132248,0.3022304748605276,0.49920535910308284,0.14856154420269177,0.3530855269813283,0.2749300717136949,0.0614682708915259,0.3424838538513716,0.4021148272964686,0.14713883154670843,0.24892793585296352,0.04295748855907558,0
0.35017235424737253,0.25455772156832013,0.1978691249907789,0.41592523031939377,0.32827265410794215,0.1504549655134721,0.30446398652078055,0.3504863306104975,0.0,0.13931358488983994,0.2935317791247888,0.019064643540549292,0.038064260093764735,0.21754459115268865,0.3089853110913931,0.3145340448281342,0.43988794632297534,0.2598716665467399,0
0.3794948535189051,0.2509587170689531,0.34514165422212156,0.19121773496930197,0.03248939601176301,0.2822030785622227,0.33703888757759504,0.31904167981690834,0.3006623993724928,0.20816956408540152,0.1531904498265289,0.31620739228525363,0.301173689943793,0.18269210909874084,0.38313090270304684,0.14405613825428792,0.17997719454507516,0.4463710254809998,0
0.15499503534430853,0.0305645907595114,0.043436494438277656,0.18562442270575175,0.1739574419033608,0.22311391525186175,0.0,0.23899820859441598,0.3733275730176529,0.4447409496837034,0.022666462249943287,0.15383286889130132,0.14749193668305577,0.267486571303078,0.1036273038548256,0.45187158984720166,0.2552226966022888,0.23522244528409458,0
0.31134661774570416,0.2969517591919882,0.03559509863583066,0.23527784350058473,0.3694841663079908,0.3771068486675585,0.37310042114622866,0.2546695848281752,0.14859456064370186,0.11995614071703273,0.29135258857004287,0.29551360412381955,0.40447973339260784,0.38199755804105,0.23413256121625936,0.10069529453669568,0.21170720835869228,0.276067743377263,0
0.24349414496040164,0.31374093324206265,0.2555632091499647,0.26495248512945063,0.4568092908325958,0.39420760372474617,0.2595284578234862,0.2757344905523241,0.16577553957388375,0.22924341444820562,0.2871277345058338,0.35207363074829534,0.3399065076293103,0.11688891329145876,0.36723792768143576,0.23934715847469365,0.13156103731869545,0.4103661684918306,0
0.3180364791500468,0.16664087759453683,0.5524850430589563,0.3562822784383279,0.40651961591925734,0.34542916144885105,0.47234379699262874,0.15555976198329496,0.0,0.19646492699765403,0.3169862290657045,0.2681820366097574,0.283056713316134,0.4085092003203847,0.2958469089355,0.34586955131092256,0.13725247097766893,0.1185527572940756,0
0.03104624355433705,0.03557828192970672,0.24087295056382674,0.22627913407817174,0.31957718128578494,0.25240202826202063,0.3198237921345053,0.10052856765264573,0.24871065155095665,0.0890731914450659,0.2964229521245681,0.024605794916401524,0.29179721182490553,0.07372007429234653,0.20397666481338456,0.35739132297390985,0.27728559863181007,0.0525207731530839,0
0.30070825794189804,0.5627183546031194,0.2559821690279047,0.36506959509462095,0.1628740949950383,0.4180947106373564,0.16548592758706365,0.30470536215473143,0.21826873581230485,0.30424093565402593,0.2218244515754212,0.15528965272945408,0.21740892522426586,0.43498961489699756,0.3060731522206177,0.09533799641450427,0.3814459241488072,0.1430182983607265,0
0.43672195923399726,0.22733573808346283,0.3468516538785955,0.33810681988313634,0.3876222106180055,0.1491251551403026,0.3790762481534634,0.4715727821093728,0.21895684249097716,0.2541647280570547,0.1871864029023815,0.20842764973778802,0.4553707358718988,0.1294918568643755,0.13694574137790738,0.4433081123697252,0.3249458111066035,0.504444429885103,0
0.25255689884261334,0.3428430269318522,0.32957348572788775,0.27005839451018093,0.08593445304376021,0.46488672864174047,0.23297308017146282,0.24029362555658418,0.20889749815607347,0.1913906012721356,0.43528696576006287,0.4163253184463296,0.3033272084293205,0.23709998146831296,0.32429415820165036,0.25885563781232473,0.22717324980122813,0.2905727105807596,0
0.2806439341216671,0.19784605660236818,0.2781075629735404,0.2913372972070064,0.3798140400596949,0.12446132458177836,0.4089981224385032,0.2527799627571793,0.18926160991016816,0.18558902801714383,0.12983586899889046,0.04109021394919085,0.33128798564310447,0.4877063680506357,0.055886158139702186,0.135948650088357,0.34018998269744,0.24452357095942923,0
0.34143246837781593,0.1660207090362331,0.19906716791827928,0.37217183769752377,0.26737454651250897,0.29056860720727273,0.053683917555477134,0.3287198386194522,0.2844756212899081,0.2423307972830616,0.29330702356708915,0.20089387514509005,0.17897169953398312,0.22097373620330682,0.1942956186018043,0.511663547325184,0.35942448746123073,0.13378372912339587,0
0.30557930453527354,0.32669413276400205,0.2222762093950482,0.3638724993180111,0.2405230982779027,0.18949282982516136,0.2738098689888837,0.08687362978073679,0.27792619708950983,0.06493814733683542,0.1266727648019483,0.007757031194005087,0.22898596567941992,0.44315604427709127,0.23595080067022778,0.3272302455319753,0.5322776676774867,0.2984867017744115,0
0.2236721668343411,0.2975289973323338,0.287045053846123,0.12350327330913044,0.39316570164747483,0.22508244882045098,0.45106859223003826,0.3004504707303071,0.4865119756446199,0.39103230031677355,0.2772627553769034,0.16322717600564518,0.16581190302766058,0.31396411419790254,0.2671751300549101,0.1793168516810697,0.34996719371320495,0.2546525596427239,0
0.20894165311215435,0.08117030012777657,0.012670112515944632,0.21861257187203179,0.2567796030391879,0.0956643955949451,0.24586301619584405,0.2564503075588602,0.0,0.14018504086245986,0.2988716672482562,0.2964470475274893,0.11155901003202873,0.2690137660599682,0.37268886704325666,0.3432487550789078,0.23856570555832785,0.1938428424010849,0
0.23397016840311444,0.3963640548467122,0.3590645059941359,0.11334749271815067,0.1683217943032474,0.30697477824212455,0.29240399032324477,0.12395421503214848,0.33989519071679486,0.14309510317763247,0.406459212862761,0.3135338987499546,0.11416906592251344,0.1865107958243906,0.1844247262565651,0.2691852065562797,0.22552277223850115,0.11254133039418601,0
0.26909338678635697,0.23423270733082396,0.24130301486391986,0.14743545968325272,0.2835648890061956,0.2734059976234094,0.1971985880852758,0.3298929119228281,0.3733397906118755,0.3312851555170555,0.12490680159271308,0.261957492023439,0.14062821245638574,0.26158656955598,0.14109559635761032,0.40325960048257425,0.34399977628238104,0.3883587166410867,0
0.18451653923024747,0.07396448490959043,0.19367167220393708,0.40617396846634063,0.12453093491975828,0.40902353303847383,0.19798666504563073,0.5036842764523304,0.16818243216214868,0.23272216602134083,0.14077803217691204,0.16747590716970084,0.4105815000230069,0.30694440221667757,0.3734581335012939,0.0921292838811961,0.3285794143789498,0.13342680199354345,0
0.2824582463332239,0.1409202766583539,0.3002198889460461,0.23391673350287612,0.17701123247952558,0.15682307102219634,0.5706116055708021,0.21838272997851577,0.07516174950624788,0.16621342483209128,0.24381185926285437,0.3156000439139782,0.3165755826070376,0.33119374621318304,0.17261676320352043,0.29085285322018545,0.14487286430673058,0.1756428420383186,0
0.050695974903750024,0.20746624048284612,0.12587706758875616,0.36860052894538237,0.2843912256752712,0.1736116807144198,0.25870876967092227,0.192709765431075,0.4437095313249876,0.3156351418019246,0.33037881050997253,0.0,0.2419853585405427,0.4999853150870841,0.4091354884044021,0.02834924968956362,0.2123889000779687,0.10581766408975343,0
0.3544238793179836,0.09636141164371895,0.33382276185230386,0.12764722344398904,0.22941570052280602,0.38676844540997574,0.2597119990968227,0.3822995729272447,0.4059116130386279,0.039167956560496625,0.0,0.38945109457973404,0.3942888843959441,0.28079135395636723,0.29706592203245574,0.35716572376993083,0.35492906936222285,0.213497922088953,0
0.13232550270790938,0.0,0.3794601897111929,0.26336620735972954,0.16057630350142452,0.39082748125067235,0.14661293429466288,0.19910136901228687,0.3129868437180393,0.11636766020621472,0.2368622908471519,0.3806964620696034,0.2753332892345356,0.3996911604188417,0.3860322829607198,0.2509286001305943,0.0,0.11730732457416321,0
0.19961801693011066,0.0,0.2484247282906862,0.12018657396972385,0.16307409030808934,0.3520124916276564,0.12650296550991882,0.13795728335521695,0.2722696392892144,0.3546834509935971,0.20167529255118444,0.4260658486027489,0.09655969864898079,0.07551332792699095,0.06528568020576916,0.051737948270748235,0.29038587581921393,0.13266528167329933,0
0.18032183167052984,0.33336047339540903,0.28070882201250674,0.3282097769683648,0.24894463726173144,0.31158397732926174,0.1997381507289954,0.5175678209691458,0.06184835002834019,0.40131247882755816,0.41414889408651645,0.14774094328412873,0.5175128332667168,0.36945883395343815,0.36653668081874935,0.2533626624431052,0.22393286101375884,0.22487094075524702,0
0.10838560699586647,0.27613011073083876,0.3424885510547123,0.18770373370702592,0.1662898163492556,0.41726116032075566,0.33230520001043684,0.3769584016875408,0.197025992988013,0.18759752952209874,0.36386687255957895,0.21847289676929216,0.17669715647295547,0.1404164276337742,0.1886445832432502,0.3550100261750412,0.06884021719264569,0.3254862962012711,0
0.6460903145372923,1.0,0.6370429836151695,0.5597815398375698,0.6360247845554662,0.7546414256490027,0.650124748273346,0.8077060024572529,0.6334223429877567,0.9366340394392031,0.9933060632595414,0.7339584858831082,1.0,0.5693768206526796,1.0,0.7089841931306688,0.4209373439490116,0.5928952996330705,1
0.16663208947931213,0.221013142605927,0.22356485199782944,0.1559435928095947,0.2788288170394746,0.24468250774934983,0.16401568254045543,0.2679162419981626,0.24603439684499626,0.3613406285545723,0.08915406547819207,0.15335328149298605,0.33703571330048854,0.17323084678621326,0.14159172849459,0.1791650870789667,0.23788255399727407,0.23833852767195499,0
0.7684284788133532,0.5782983107188703,0.6916920644430286,0.9068974678353956,0.7233318514607876,0.8430134449800207,0.595331984774881,0.13399019377279864,0.7698385930972036,0.7462873631031955,0.5848794297387966,0.5833257113943622,0.7920453466254322,0.6048517881162918,0.8874802138356737,0.891441300079432,0.6712862391226215,0.6262441244982413,1
0.2914643949994894,0.20298120517029505,0.2127052620433361,0.43509782402129804,0.28678930451974816,0.0,0.5405126218790604,0.2719674828366742,0.29120428068817805,0.3804033776121756,0.3058483392773904,0.3396290341260172,0.19915318391620904,0.10242456112403361,0.2836279337767836,0.4217937582729508,0.17226369299402589,0.16263712062162683,0
0.38450651956733584,0.2011387983488089,0.45695213277919583,0.0,0.26617547249741774,0.4215271168121584,0.1431634820935244,0.23089588772475575,0.20163571427631471,0.16794788294172608,0.2793547169337138,0.09454940788010754,0.23668374624037292,0.31191930852214883,0.22418875463360283,0.12997549600170694,0.37362224783218023,0.337630835394022,0
0.41575348186707106,0.45119137578948354,0.3360818149130413,0.1071587814197956,0.3088728282947066,0.3521033084631031,0.33708495799824667,0.3441945146425502,0.2935915695097037,0.24131051934033476,0.1769959004915178,0.022247737779820448,0.2907570120056021,0.2723263412382626,0.31690910113897797,0.08949475680485272,0.32740200271780723,0.49654541135449326,0
0.16341303597485832,0.28797931140079697,0.23832560819038126,0.5011801970716714,0.4388025882970291,0.2963015863067801,0.1584331348366279,0.11651062336198986,0.3929371543706638,0.2815299070176566,0.3076172084069933,0.040649681563096896,0.3612926177869817,0.30453044058572354,0.11674831787026263,0.19341702310600611,0.28164606452278235,0.25629601580274924,0
0.0,0.1329438113955675,0.283869654612058,0.0,0.14877447193125914,0.019268683696073596,0.22088509929623826,0.4849479109547019,0.22393888064030779,0.23709965856029586,0.35070771289458785,0.2525567869372688,0.22420098757727927,0.3611975108974005,0.3066264580614167,0.2846350913879743,0.23334638169190414,0.20847223543275237,0
0.2678674573727313,0.30228461522621264,0.29289990783375425,0.30343463324787756,0.363568038093961,0.19648934050759956,0.26050607748282545,0.21477261844411238,0.40630307095002177,0.501983910816985,0.10672794878063496,0.006267898887481083,0.31829578828228255,0.37844474610828505,0.48483727758981454,0.3385468421459987,0.4174937150424648,0.4492072879451572,0
0.4577714501238812,0.31435617186499276,0.20369934704660542,0.16980759936336426,0.2808140537816628,0.04947290981938543,0.3339607930423435,0.13557150223671677,0.2944729730589144,0.18740555951702087,0.21826975447303557,0.1591708152681922,0.23065246825830382,0.47672554552208246,0.41620715524583685,0.2925374745994548,0.2469646881322057,0.3513041428831462,0
0.32892330873542797,0.296228066996823,0.26100366128947955,0.310005947720616,0.03019852723298974,0.27895711292574826,0.44682195154792675,0.27639840240453595,0.26001727824483667,0.17849388334331137,0.3091272736260354,0.22659107111942214,0.4071159738868707,0.14636563703830124,0.19572340788795595,0.1778946331713267,0.4701494906453706,0.22722812060651162,0
0.16690960945842506,0.45317861071205634,0.4127394860663238,0.08784669970538353,0.1595830149899234,0.2341210185807556,0.12158978847976454,0.23841046445069752,0.33543543357277456,0.0852086970013248,0.28516006575687247,0.3902197570519246,0.29802642871246265,0.24092603742638902,0.16982778885084926,0.34970102465192215,0.10876958655423574,0.2791350173314147,0
0.16988959589845884,0.19382161928237374,0.2866858323667403,0.06503468770434812,0.2765318856121857,0.15931462489823595,0.3526567110946178,0.3155995992219891,0.2997458028370036,0.057164962173453154,0.23759255257914164,0.10872801275028673,0.24557633164275686,0.0,0.06510012779497087,0.3926840330608225,0.29428638112078725,0.20754209830243997,0
0.28426820985195,0.2537936745829295,0.1961453300608703,0.03310182921791002,0.08861203643194093,0.22983340336416888,0.23700538610458838,0.419466763456779,0.4077758955250751,0.16762166302160986,0.3481990858106822,0.19275173625113073,0.33191396116045613,0.3467221273728094,0.39905113745772847,0.19088279742607636,0.37171644246171087,0.02526231566544737,0
0.28269604910694285,0.28784780715938363,0.2238918904183507,0.23891603668895436,0.09985965783290887,0.41627243440848705,0.20952988526685695,0.13334887043159593,0.3153593278280188,0.26329073293484007,0.20699982585668908,0.19431599613670714,0.24932335687104262,0.41149791646424383,0.3063455692583852,0.2458710063391013,0.3522920650865488,0.253303826935389,0
0.15638264990272144,0.2606683403458519,0.36499244848063883,0.15686628517633,0.24812414625240337,0.24544052762948004,0.09264457179477772,0.2702198553718747,0.2537853614325318,0.31661010995152694,0.10757362304071452,0.25119644623134696,0.41580808763869703,0.4992999798294744,0.4036155122765931,0.10875141932197094,0.3041263218452352,0.19202241100466635,0
0.08091830967318872,0.3527318964002427,0.0,0.42901801915967674,0.262210465183164,0.07876179102337144,0.13618425970271542,0.0539093589381984,0.2959459543244251,0.09077029948092905,0.31025068368351383,0.21342110182557109,0.1929563031745487,0.3111215160233912,0.324821359555371,0.3874963446454546,0.17394659965232578,0.24642286448068834,0
0.23545422343316563,0.12600122044737927,0.28140953136606367,0.08804838508163268,0.19402535744246802,0.1541831520676039,0.1900250483012802,0.24142258076056108,0.12813200057134164,0.43878148346479573,0.30919398800729503,0.4653475634058466,0.23079040371063766,0.1841452045243469,0.46100987373916336,0.1806328312151218,0.22860495736130504,0.33640568925967773,0
0.17660897958346944,0.18097406708189784,0.14847746460491665,0.11349885759058148,0.3135021989736364,0.23378670444034255,0.25657718317879624,0.4029569387434476,0.4098496871113446,0.052451883059823595,0.32774016077146806,0.2770776310853427,0.19460908010248762,0.2893220424433531,0.04283401177350571,0.4255170811331679,0.3117932916486289,0.14617627062008093,0
0.2594140156933494,0.2426001616952151,0.28708028273028413,0.49388044296524053,0.1271622685960131,0.2743848320072686,0.15404110932428272,0.18435943349860062,0.24404916305416727,0.4116787889936271,0.4661188720826484,0.30377705735520477,0.20480863323718176,0.5491286639966222,0.19869346224045759,0.1814636902768315,0.037006834650552795,0.4175309883093692,0
0.29087393496105385,0.20045803021572986,0.25454459555079734,0.26976607239640393,0.2979850821680287,0.3381208346166321,0.156103416897389,0.07400836414155948,0.2601137021528197,0.040333919521028605,0.21116068060076346,0.18889722038658846,0.3090097830642003,0.4879116442583571,0.016649125131572684,0.522902203638208,0.22203098090571688,0.2917370418607096,0
0.15986529879326067,0.5978211182317447,0.36292452835898487,0.16203329854897447,0.12022631695854488,0.04927633679823368,0.2616536975465853,0.3373624425346576,0.4322557851881159,0.022721970260387553,0.09095421969126788,0.23565393069197513,0.5845204067030884,0.3563083002877005,0.2947359728506091,0.10300916913681366,0.0,0.2546619622708622,0
0.2991654407012207,0.37177953947116166,0.19847826096724844,0.12763382834600284,0.12381244065538738,0.2818527136925029,0.4672193793032109,0.29948587504245855,0.20502787248549004,0.22734749738480994,0.24624396018978428,0.4931971072213791,0.3980330279001859,0.28119508049804387,0.2631678361367327,0.28592240684438514,0.3093130803139692,0.2004162456429285,0
0.286266369123237,0.24573880678024915,0.23506117765922982,0.255554027087217,0.24565307138869805,0.15635405169232736,0.382846109480653,0.19212262537697983,0.2655064660820871,0.002759770475395662,0.2241790854330023,0.11804930039043637,0.13251738763608523,0.5406623136360139,0.2799431080757031,0.39712266136586416,0.3526364299984944,0.3679891458397678,0
0.4057587477937177,0.8509121441703383,0.5856890484102923,0.9615508113442522,0.6095519378928366,0.847236593096147,0.44127263968902025,0.4153367841373343,0.6996486887273561,0.8342152048165274,0.8165311958106455,0.8152406032898851,0.874834886431624,0.6565822514834398,0.82993479491447,0.6156588647820749,0.6634773142282949,0.6858270888311161,1
0.13960238667115643,0.3672356980514455,0.08538693306508383,0.2196911154410557,0.2623227725145359,0.18963969847374945,0.28357843180229486,0.557741598195131,0.23540816915841492,0.19775132470871326,0.3718398189258223,0.2787500372974626,0.42272029254536514,0.2697625143783662,0.220189215043476,0.03595301342865337,0.0556318367425912,0.0297161571487477,0
0.15832768207517534,0.03259797563063113,0.16701892589298903,0.13487381901985634,0.45150695112556427,0.5217635114317662,0.24390499864052764,0.08142921516410526,0.3385652926854847,0.13227082104185223,0.18409947356864004,0.17453805265800526,0.18993932077552494,0.20743356982110991,0.0923797660804882,0.16575836060082877,0.3723933097436122,0.24597316715510137,0
0.5187403455572484,0.3073936840876213,0.2486963503962165,0.09460396258306814,0.4355720675387261,0.25915681730188556,0.21530027219072653,0.3077408906409445,0.17971461652129772,0.26762502077461825,0.07690397789852083,0.3804504627102921,0.23747067506371922,0.3890561032760814,0.22586365865900568,0.2336560349459226,0.1045219086049651,0.3411708367621772,0
0.2989904594256389,0.11061218401147699,0.46572398053537645,0.31618887554520747,0.5235845890899491,0.12723711622089848,0.4359015093649571,0.03367450995606078,0.2749690571769153,0.17420522560696589,0.19624521576995713,0.18802042985094053,0.14023405775784054,0.09883740320191689,0.19690878316822363,0.2639234076744245,0.3896433227951222,0.28544204759452646,0
0.09699787605350757,0.29882809260398907,0.3758898443401917,0.1647947626193975,0.3022179027862325,0.1745042738869608,0.12801093976060887,0.49666732525116,0.12973202367793094,0.0964816818294586,0.27576584764663753,0.28222257741529194,0.3300678569427929,0.49014736642118883,0.15674442217664436,0.18058757944313195,0.44305665967682284,0.3626948518606941,0
0.13881737984565817,0.21269813144402921,0.3132945568554987,0.3427463992346219,0.37940995538371425,0.27680634008689625,0.1234828932329155,0.3347959159005065,0.3367067267680161,0.032195813057653705,0.42024218099840227,0.0,0.37412987639126183,0.1739068038330611,0.3346611377540246,0.3112233046359043,0.2455452941313119,0.30413039672563824,0
0.3453762820176835,0.2445639048174349,0.2934387615438205,0.3653570523180415,0.33545978328868636,0.3980166227057643,0.5294137957543492,0.3343513328028332,0.19464489383142944,0.31141876573837607,0.30625820997885006,0.3236212832212458,0.4294019496684846,0.04790661892191925,0.4316605589595681,0.4720500241669735,0.3181684795924258,0.32105620974677596,0
0.15767417108722484,0.07866998284208987,0.27822239467496956,0.2599664706874644,0.1716749601437664,0.3484599046455689,0.12464795608860299,0.1672198311787312,0.3436631781895007,0.3614578936151365,0.1545128556749388,0.27784511256918887,0.15654313110651621,0.2263192559707235,0.26726048729818763,0.3172439438579121,0.28810708161917314,0.2827794808648291,0
0.3075362565029066,0.08075941767022912,0.3451871777867077,0.274727141822332,0.26826314581262856,0.48402739598167954,0.20410199220786118,0.29107185097263777,0.2620324838847106,0.2737646992288879,0.5166164685571335,0.25765685108964986,0.18192642406140844,0.47450833545366655,0.2130773481473245,0.05737862233491339,0.16109875522853787,0.1004095007148573,0
0.2778488093990969,0.32254247567209987,0.3673785819801434,0.06237352854224043,0.40722131169121084,0.39949903528207054,0.24203840669709495,0.23575255711801604,0.0,0.10072106053580937,0.31226191315157886,0.394074095957187,0.33746043065401565,0.24091419210660528,0.48110472406821336,0.37062106676405665,0.20274082975061136,0.5118532782344096,0
0.164097106746252,0.26201714949520916,0.07052076989495593,0.26397620980617065,0.1380129339172798,0.1969032468579987,0.37540775989253483,0.30664114820536886,0.3182091429489783,0.037455419392976474,0.4704274203794815,0.106974242686975,0.4334272977152638,0.37258526391777835,0.3192799290141616,0.14740182629099424,0.26819078137834274,0.19348943072261682,0
0.5561959927948148,0.120568868399592,0.24223599021405715,0.2916025787230736,0.28211410108373375,0.22723075551923214,0.22782875553684304,0.22180817604544537,0.11608793696903535,0.5080263057307275,0.22360108987439475,0.3216317191387715,0.20984165707820734,0.207428359317342,0.19534676047964197,0.06401850544128992,0.23072546318550768,0.2011590814816684,0
0.34074977963557673,0.29546111241500733,0.10182242957062257,0.4230765749423493,0.18991063074917006,0.05138855881777796,0.12459475484964372,0.12747458071860135,0.256260798238904,0.21713793933445152,0.20958016388312886,0.3243642358578975,0.29078504334312444,0.28792574447731434,0.2991794148794431,0.3239361601602686,0.0,0.20626740972826466,0
0.31785525030029116,0.4703471007676024,0.22564696675895557,0.29512532435471334,0.0717933425047077,0.3928496275952493,0.15873893823143626,0.18270950030947053,0.2473302646180947,0.06245387855921805,0.27745240347147254,0.36609595275100126,0.285152058819675,0.059332292298553,0.23514288468044084,0.33904346835753885,0.024641348084091075,0.12102807834187432,0
0.23952420291162918,0.15636032269602834,0.15483662208019017,0.3152747529763733,0.16445573363265237,0.34767206414956286,0.24383887467572476,0.34835143101221955,0.32643505642657683,0.3511515909726493,0.1928361092197754,0.29906793405748505,0.33854655874580375,0.06384079607206816,0.45420321370586325,0.5219143655336889,0.36367459533973756,0.346705691455599,0
0.3809505013515978,0.35762037758270593,0.23962154547879022,0.4538967331515949,0.20391936587862317,0.16406322111761207,0.1938205917728357,0.11530419701966615,0.3246874038044244,0.2846178173930331,0.3231975335647662,0.20027546176825464,0.24303124247928956,0.0,0.29514706615732567,0.2618609746071579,0.11793668062078425,0.23744109614960832,0
0.17942055121850953,0.24998595410491764,0.33872570608468167,0.5419547541615912,0.33433549467465007,0.12850000953406174,0.2387385693520964,0.27171714340405706,0.18767309555877745,0.3064309367121453,0.0,0.3163779545593599,0.19283350930834328,0.23683537219653703,0.42588675268318,0.09861793892692935,0.28272631343245963,0.34527058948077366,0
0.3284103413343221,0.36226792307873523,0.2829356246570254,0.53750888748224,0.04303090084801314,0.151845990967383,0.21928599944752514,0.5213408234329746,0.46576029641226546,0.40464290408726994,0.15470512711049078,0.16869823122754843,0.1505727957831455,0.15598877343510847,0.4291245528731169,0.22074794519249874,0.23662022024272691,0.3429264144308118,0
0.16694159243357656,0.21967946754574322,0.24051102216845974,0.35154596237864677,0.3011028838703861,0.13865878413500343,0.3447450673310646,0.048579274007780254,0.21154937812788077,0.11295419474996196,0.1471475866635133,0.48119035336474786,0.07351910242943288,0.15169671328084228,0.3112482125581852,0.19359966881134574,0.26866692769215705,0.4215459559222333,0
0.25144638167221905,0.2743356732277335,0.11878343554456205,0.2976389565398608,0.2572463114109301,0.09368174597986426,0.24385634658200836,0.240432452337183,0.4657073399973568,0.3573055994216091,0.25137345269097594,0.27985447717612993,0.25530548537250375,0.22565032182453426,0.12010873631340557,0.2318737746871685,0.1604682092016984,0.09996213532922243,0
0.24523524611836264,0.3030945525963653,0.21346878845719994,0.20084212859583978,0.26108248459053496,0.019490088892578222,0.30724421526717494,0.24993242834524496,0.2547632231917074,0.36528811691133567,0.01566213639421024,0.013139935616924364,0.28285646143882237,0.2491459773845781,0.27042123318303185,0.19454475097930654,0.32972244090879177,0.3619166611589344,0
0.2805837862296144,0.05998500224666406,0.24770297458622978,0.07476355545975827,0.3109574756838782,0.11608504622811022,0.26956398097216033,0.2883034708505875,0.25910366669121,0.17416565644818766,0.2247558099731654,0.39172860018516653,0.19904699201661036,0.25257161283347357,0.18318534346493964,0.372451251944568,0.2593396930192303,0.15832311898436313,0
0.2013106115741529,0.48590711499572437,0.2830652038223743,0.17973565410421355,0.12926296743195206,0.058176312908089334,0.15035277167112182,0.3411032210246369,0.19875618721096447,0.13501939022289142,0.1482179459158911,0.3279376959927919,0.24024843095420467,0.17473547029478687,0.2129933956534514,0.5147059750656913,0.39635476890467725,0.4262350395603817,0
0.30807787527418323,0.21870058499145,0.0,0.3423083449644554,0.39660743994611114,0.3273470094380776,0.1444429087158992,0.33085532724013095,0.3532635649553735,0.4370579497358903,0.1448668090926451,0.22282544985470337,0.3396726461372146,0.2568892085725789,0.11592068775384703,0.2997539542032044,0.31943939605782,0.2605555475597202,0
0.10390277765654726,0.013548015543589892,0.17618637892895972,0.31314623775427886,0.12068462114805059,0.26163382971084737,0.07282842425069855,0.22193341694752433,0.1123547314961523,0.24064233977266875,0.18987046364709614,0.10715606365148803,0.17093518265332713,0.13790117653096085,0.09232903597151046,0.3799294990347301,0.20677901626588902,0.0,0
0.1800261913236771,0.12793307906780305,0.3539470241030234,0.3378913371715406,0.0437006639348744,0.20156894577767992,0.14641772051868676,0.4052211962151244,0.0879881058248295,0.4425074925622017,0.24600463125796748,0.11056787123438949,0.16872709791888665,0.15380573910778594,0.0970457917581393,0.26137922316764506,0.1026501339169788,0.0,0
0.2248094806163493,0.18345157011005403,0.2949994184329259,0.40433016210571726,0.06529472589825802,0.08826688220432888,0.4283944047129226,0.3379680249342172,0.21887433263818495,0.45484993143116925,0.08619653363321148,0.36174561894292395,0.2418114269363201,0.32278526032154714,0.0,0.2187155968126781,0.3384156059243646,0.24240037379262053,0
0.2936877027355683,0.17812824987598946,0.3690318356225494,0.13030048609048672,0.1749374041145999,0.23367982773674267,0.2854562031126219,0.21105480179728103,0.39743042788019123,0.28543434563213826,0.2590789556439842,0.2812163390947806,0.3379487117154041,0.278892987176922,0.032857980022110184,0.3807410636834645,0.2643610249691318,0.3321823368666096,0
0.17943234950551468,0.13923987514570915,0.40766638311621217,0.4727459880874342,0.22345292192187058,0.2902569642633154,0.2568389501995,0.4576608204823426,0.0,0.2952548129524264,0.16274484230272798,0.0,0.2067363883084911,0.47176585490926637,0.17127409715195197,0.3448918607877533,0.39384066364760395,0.2484763836856573,0
0.5053691364641417,0.1995846934117217,0.43330950110260746,0.2641604046728194,0.35039867134547165,0.10363468265091394,0.2918096739051168,0.12170554744111597,0.2808515680846035,0.06779319363542163,0.23871003765142873,0.3814734444552045,0.31570646547930464,0.10192599404909389,0.022193634059548356,0.30963334965529216,0.43974385544300953,0.13432647557557995,0
0.4079731132052776,0.40681915417555303,0.23489775958130818,0.3609752564037168,0.46462996225448283,0.09834853082510428,0.3191981052977916,0.29337705377062623,0.26237973819690535,0.25175599667984566,0.2778003967036514,0.2878686637419382,0.3842338351435814,0.30718175958726157,0.22865480863883536,0.1492094251010765,0.19330689786075547,0.28133993234548366,0
0.0912475668516183,0.44934566122867714,0.18505916637749814,0.3660928552165488,0.28318610289310403,0.28644781970072886,0.23590625496731957,0.1554641333647992,0.133775751940963,0.4574158466565924,0.2636753294604695,0.3850321295425181,0.4161888325174301,0.2006983683880943,0.3008206919113413,0.25540129305896175,0.11113434363797334,0.22774240289148928,0
0.36006050622779945,0.20962448561449926,0.39775034552272154,0.12434243604528611,0.4220540745406933,0.30664480997061017,0.13377580923375926,0.31107743614627675,0.17196365220192641,0.25401136652169704,0.19160474354256984,0.23405054030403058,0.36297169525718403,0.31222139825760237,0.11495615298771059,0.12182842700098737,0.28249307323184003,0.2911824552274932,0
0.28678611615265903,0.2390921203212871,0.3492810155708775,0.0850751245763218,0.06630506526505467,0.3400053263033364,0.2030893430140975,0.23910374754781535,0.17083010069090343,0.3595372455792684,0.2859059452492047,0.27887969056684525,0.10964554381901664,0.3101806663845283,0.13093444974910248,0.17097363667824705,0.08615828022578192,0.23121502304987063,0
0.29432296716398854,0.19081337853929073,0.48224574202349313,0.2516050975259035,0.40492348662209626,0.2813704495275962,0.3491688771871909,0.2835089864720275,0.4142541558284275,0.2567127220158881,0.3095344849706543,0.29395995203800523,0.21540574502472173,0.29859787827096124,0.5181263495437218,0.21755236694854696,0.3003357871423898,0.4009334741043331,0
0.0,0.06647367210300645,0.2476354172985518,0.24209223546293385,0.32598405216511717,0.18406153869268438,0.11703513442645949,0.20042963348069284,0.2540332344293893,0.2776927353946333,0.1553002360873113,0.3581736040402431,0.17543238739311598,0.14563391652101154,0.18491301886380523,0.37898082108431286,0.23406442564712088,0.16665837963162738,0
0.49130021346105945,0.7671257620298856,0.8640485431481446,0.6661465046922851,0.3166110976186462,0.6972133400033077,0.5014733557454313,0.9514389067806578,0.6496786976406081,0.8692651016006783,0.5009321084845302,0.7903157011317371,0.7214293083698453,0.7719195847786539,0.9320269837730675,0.9204991685947436,1.0,0.7710781664278464,1
0.36470202824074516,0.20842322222953352,0.27922613209979136,0.274002694661758,0.14686730816515203,0.16084152565492094,0.5180930652137796,0.1429737096670904,0.29439511199866447,0.3195759011759929,0.24349404504617206,0.33057879224357867,0.28947799192872187,0.145569814225915,0.3144180752966299,0.18463522927067794,0.45888030200017904,0.30149503326605015,0
0.5952874473154013,0.7384149417718904,0.5952463114594239,0.8161768742240508,0.7374238311244898,0.590085078564333,0.8372051913933334,0.5276902751039966,1.0,0.7911069130917467,0.7554229998169923,0.8321622149753582,0.392127779553506,0.8326223683616749,1.0,0.6623761156838464,0.7086913528814456,0.6360300932078062,1
0.8276068582631675,0.6856382500876408,0.6000777677706426,0.6594376685549284,0.6908324062065558,0.4963047749362782,0.9037916141930246,0.5892608792856215,0.8763301396499894,0.8938532717006378,0.653640747976662,0.9287943481324884,0.720923531417325,0.9852367259428406,0.5576524673908911,0.7825869408262531,0.7206754080583092,0.7638001317123624,1
0.2623929234650973,0.11582166062716043,0.2620938074740278,0.11248749179918846,0.39242445386867797,0.5773396851841806,0.3080729264398395,0.17380643374461474,0.0,0.04786430625491908,0.4365834197232563,0.12649697880747124,0.20549981419761854,0.3286391169495014,0.4278747759234151,0.22604956946033944,0.20143997564007582,0.25859452342128203,0
0.38127621891102675,0.710940138469306,0.735964528031574,0.9959156384273975,1.0,0.7493001664245125,0.6918341217737426,0.8098460943947827,1.0,0.7368964063859864,0.319772996863924,0.7977705393554161,0.5617376232516126,0.9302407262021524,1.0,0.9866603700591094,0.5570680462361781,0.5582463985981607,1
0.5582305022908223,0.13451572062111244,0.16313528142072836,0.24789835154180795,0.1483339650842366,0.35608676211283613,0.1858564676724046,0.32848115681792045,0.09049730418399168,0.03318021974149296,0.22252180252563405,0.061779059435488615,0.432192269531854,0.06642358114060026,0.12547759747951626,0.2996343862569532,0.17963632599255927,0.06779344361588754,0
0.7925309249891319,0.8193180379165741,0.7794533129099259,0.771124997630745,0.9547667461033149,0.6683916176646535,0.8675044030573438,0.4866861067967808,0.31444992582575226,0.770610710057931,0.6599954807579723,0.7654451111933435,0.49946115673865876,0.8918028779476745,0.5916700995182262,0.8357215913679158,0.6270222958897548,0.6595577190177521,1
0.31577052448985704,0.4627347907709253,0.31959206100751414,0.06779618229520107,0.08390518875897643,0.20212422696077004,0.21781201605600803,0.04336584765440793,0.3483209104209329,0.11964153305422259,0.42919618745509064,0.4684759116646865,0.22020957608413871,0.30267671685018216,0.1021663333498958,0.32484115917749373,0.1902169091878756,0.11953176140939759,0
0.19044497225394635,0.3271379890200423,0.3806600733338017,0.2834522529528961,0.3172518812507325,0.2826519462428407,0.25114097090983817,0.09477295602223659,0.12664099508768462,0.08788978276336878,0.23217942460466995,0.2778733637505247,0.07608851382623483,0.25871140565224093,0.14497404060877495,0.12169607877557692,0.17495807001271493,0.11554282019859444,0
0.22394815311273897,0.27902900740178394,0.11232886921082202,0.3246991147887891,0.05305777237307005,0.030408380520474204,0.23536860199996099,0.22465080644664645,0.28267620766621004,0.17205910117164053,0.4762829998942707,0.26927259872553305,0.2779458134219471,0.27366806528884546,0.37034918427376934,0.3191220897381357,0.3030421479649935,0.3383180925838709,0
0.33354586621962934,0.18068070227599803,0.5262472088116092,0.24707399772472566,0.27836503844269544,0.3161618304743358,0.2915046841135544,0.43304772026495075,0.17921095130440368,0.3440058698623246,0.2697482134461975,0.36792678341314283,0.22420174600380663,0.2079501572616255,0.33784881849112147,0.29295919085079763,0.15156468372096782,0.41147347436971093,0
0.3262643189120813,0.33213980834423734,0.20582361593273762,0.2852391149382051,0.27257459730346006,0.3222903263162903,0.32256998847277596,0.0,0.2211401249821127,0.31214850258137594,0.20074520907531826,0.2543443167111792,0.34008399780136933,0.25971102799025947,0.430950330068184,0.38523835027373454,0.2357723016434279,0.22623445951302656,0
0.9615176222057163,0.8816366977625042,0.7146946144932644,0.650618206382254,1.0,0.6335743293833533,0.6757407417293456,0.8447996338634911,0.555664253915277,0.8378506023224311,0.738264184823066,0.7868949281076455,0.6164211880081811,0.729050700724578,0.36261621613520634,0.9872605613623742,0.8894603597484441,0.8412046211266384,1
0.15829986905389326,0.252130116664861,0.2720976367493888,0.4356551535451322,0.07224039270998356,0.14066769459147413,0.5865354991283296,0.21722832592528302,0.023080742811607047,0.1800939827982201,0.0,0.2789104854947384,0.34717417123338623,0.14060051485974961,0.19351312932981918,0.3608384986442695,0.03997414421847156,0.09141145453605454,0
0.4273017450331913,0.24912621458337322,0.3831469680096091,0.15907346409669226,0.16093399264962502,0.26092548439959673,0.30790655996138755,0.2285251308920856,0.2850958540816942,0.3206183144140279,0.07953931842719597,0.20908750609730317,0.1877580965128292,0.19358534108549577,0.29882532742220186,0.18942526773012835,0.009390683654579846,0.22161776177988096,0
0.23123459466659094,0.14765837049991032,0.0464704562761141,0.17065106577301314,0.4747057333868585,0.22918399630987424,0.4880218856000271,0.5002992596131844,0.6094156436435298,0.4786591622917967,0.5329758238400568,0.2890201049266869,0.2773993880424008,0.2853807233458421,0.2500074645532437,0.2679595762201052,0.34026190781841015,0.19410185736441538,0
0.3762907615359005,0.3047214618530954,0.09020262879310201,0.09064809832078705,0.3139902425456516,0.08854346824805268,0.2229319574717675,0.28649805354234126,0.11348872055647735,0.12708851987693637,0.23870547225186176,0.31043803450288643,0.37738225244965085,0.32284641217246624,0.25883879139906335,0.1604566295731541,0.12149116049865771,0.1886947494005023,0
0.2655850049668524,0.1390830200861679,0.1172482060481514,0.28319862291585574,0.33408271578249116,0.27507689217604087,0.4551468649705276,0.16810459321165705,0.2715243928929937,0.04681903310765176,0.27532546248006784,0.4263247856026356,0.12501893408657633,0.3510557850354471,0.42292476956386,0.16723446702022227,0.30603276328936163,0.4395558093770331,0
0.31592055021357984,0.0020626233974622155,0.21144281073545407,0.444195506746886,0.22389889520436573,0.42875657089487484,0.327885535474682,0.11988644789975708,0.2148794447977773,0.23455669137463564,0.13569861182877924,0.13361583726268705,0.4308122310542273,0.1327167256368458,0.37941232916904166,0.19762186259619802,0.2469232804140193,0.3174213301886287,0
0.15937366966995753,0.0,0.03796457222439348,0.42059523736986504,0.20184940728162112,0.1599130458081865,0.4471192352123481,0.40181919345859923,0.2529338466303744,0.21479162907232313,0.23414785446242498,0.2772595358064959,0.442005673758353,0.3006960909084672,0.33712348396469694,0.3903124130884206,0.10963887987706974,0.34058342709688516,0
0.41203816763050505,0.36272413225584954,0.21106454450790071,0.2405869726761129,0.41706124493638247,0.013418570107005617,0.3034477606047635,0.38120915621500395,0.23935443631455586,0.32774917757701477,0.2623785443869388,0.15591528763456985,0.15291639791028966,0.3354315120854933,0.17371519293542187,0.06705028739250887,0.26468784300657994,0.18843022948377844,0
0.48774399984243566,0.3195123774278573,0.04292382098264408,0.0,0.3379664311605256,0.23845438204861613,0.3869519163412444,0.14431384951462703,0.29202549974302316,0.3515408155633435,0.19630436341522217,0.19886973157227217,0.25303153973180686,0.31512116158723946,0.2482799194585707,0.36687956053113835,0.1945677772879564,0.09059257534442686,0
0.22100262312886015,0.2507588787780046,0.3337542590977782,0.3260262871324389,0.3364851676004065,0.32520022859239406,0.3578067968970844,0.3443978403982777,0.1270781601687842,0.3498721652209456,0.4730303939699473,0.24680478976535172,0.4299375937578973,0.13992456401060907,0.2464284856467478,0.17306102178281701,0.41550655029085587,0.44685718652906214,0
0.25604266364059647,0.30494768555386514,0.34809133926828006,0.4030090326589941,0.28757103216097135,0.361137870813528,0.30517285605334266,0.3126668730290052,0.1397956915719904,0.21049435367485314,0.18726769623066164,0.10733254557057739,0.05180737309469016,0.1991647001689422,0.21833412082764886,0.262604449123341,0.3166885409008169,0.2725746692326987,0
0.1140231645827387,0.32626534854906786,0.24503900843738777,0.14245281421960498,0.20646452994660014,0.15501876388507585,0.28550695374270946,0.5721251928155603,0.3161037286830684,0.23884137818711637,0.1702029415014457,0.08879199017381803,0.3380427677683643,0.3315225014039584,0.19406788039710327,0.3956000779531142,0.2525328326662102,0.34297128824741624,0
0.7266652843842275,0.7065249905058056,0.6872232812855165,0.6753995191341129,0.6223596717740026,0.5064759281837856,0.6528138901358651,0.6240371408141328,0.9467724305650655,0.8468794162523549,0.6189676473541107,0.7542941695629954,0.948292713834264,0.6200510829498876,1.0,0.7822427221418081,0.6833484935859544,0.8740001750709951,1
0.25930740697790655,0.24275489846673087,0.22521784260677633,0.13089240015717332,0.3128593612777573,0.21567463974931794,0.09286932144107304,0.1257994373861157,0.09490644835703393,0.18704913396375783,0.3082119170118831,0.1646658339281344,0.3670529868083947,0.23569426246991643,0.21527140937903555,0.2520118516355283,0.41741859181075863,0.08543935696692309,0
0.27835891384338407,0.13682080907567326,0.22266813453023887,0.34266537728230057,0.26221847357239586,0.08048307728785342,0.09219650733546961,0.08426032822110716,0.30897431079275084,0.4976673442788002,0.41349498928002554,0.02248177610247229,0.42052911256837405,0.36236805004175765,0.06456400653654909,0.2136158059947403,0.3814626893794971,0.31605202131217425,0
0.32645828983725844,0.26408389013155753,0.012737674726049197,0.4032497274623965,0.29932272010510963,0.10560168047554272,0.15546843518100717,0.2777469051153425,0.33157410319579067,0.1914444572382758,0.349063048885489,0.03486798050797868,0.12490491866874553,0.0022763188189501016,0.14231138285563683,0.43096926214529135,0.4969362681502483,0.2781508561876531,0
0.23020746695245375,0.4046133099181903,0.2574045560860442,0.2544673403705892,0.2393444262744999,0.2504555501945751,0.4562554003659831,0.0,0.009814510667358556,0.18481950027326632,0.2517433458325083,0.3328125309716815,0.30677046376329703,0.20389049045433158,0.37228524318901146,0.3736234483783277,0.27208693975258785,0.36551890869842096,0
0.24313063947532776,0.23115972246734978,0.1509474217373463,0.2864552641178758,0.4072442679487669,0.39972902462336657,0.3368397057690299,0.04648929917436456,0.08968572389474569,0.2699402943710522,0.24589179506997508,0.19023042070020219,0.47863878369457985,0.26270321838053695,0.3150895289428982,0.3685472657138135,0.2565950139606952,0.5609274601494842,0
0.13595975417959383,0.24926552232617727,0.2063971923308277,0.09392590068691042,0.19004125622980528,0.2895586058161596,0.23965268954677374,0.25731250838450426,0.33783625637028863,0.20882047591201042,0.4131013459662297,0.13128747206783048,0.4813603063671422,0.38356463565931154,0.20728026633853336,0.21528175549227035,0.2748082709934083,0.3218405115846372,0
0.2438556518550454,0.05884545699126681,0.3577259666507916,0.09584498564621827,0.3243262770502986,0.3406883979991545,0.11314814746111285,0.17706390512738146,0.5045769461667693,0.24046213145567422,0.10357435894785774,0.3461055087655649,0.15727897533121826,0.019537117305508528,0.31237234576557604,0.1400058621060246,0.2885426010666926,0.15247719542771632,0
0.01999340715920453,0.2834376482116932,0.10461953306705282,0.20139986147235941,0.17342866387911748,0.13168267798969024,0.2542530075647593,0.0,0.21214138216975634,0.23916520295800298,0.08688681443127849,0.4315862465739261,0.1786649950243222,0.22150189090421957,0.1789337003302357,0.2402120655483297,0.4069772912207259,0.546761896470817,0
0.2967247309746897,0.0,0.23379259562387963,0.35567762214999715,0.18685230473653364,0.2724045555776617,0.503120255596775,0.2897919849974492,0.0,0.08081387601312295,0.219879609829302,0.15354089101452115,0.2624059846960769,0.2146508773261881,0.38992858393975594,0.11904022633881467,0.22510007413877958,0.2760710184730224,0
0.06645541374282757,0.16698021099198168,0.11709896745174306,0.4275611475446589,0.13111835773889932,0.09561451564919893,0.2798006240518923,0.4524185385473992,0.2360719504905178,0.2453536832227523,0.40489089532941713,0.35538752058597356,0.3010497981534271,0.1801191125919768,0.30471494875439353,0.08670590855767757,0.17515893407288824,0.42177551811462993,0
0.38978941665100514,0.41975082013829346,0.10334896146882994,0.2250089400270661,0.35071424307923976,0.4758495678658876,0.46383514975969,0.15450906220642005,0.4030055341846991,0.257036356252842,0.3753299966650886,0.3445934416985544,0.09832431489222843,0.31599687479526106,0.37068359094031467,0.24758136939666014,0.2204420287232055,0.06140033058722941,0
0.2760129756031372,0.46233074872175234,0.2742606996385688,0.3342570222764988,0.20948754991882274,0.1887254093272748,0.25986212224813077,0.1710052731248675,0.3369123206461294,0.057247372126529916,0.35679844390802007,0.25471756147633023,0.2242334957678964,0.0528418527776294,0.13242535936025562,0.39383817677598143,0.22496812023599616,0.2834078159047385,0
0.25150165113058365,0.356602902980158,0.34480906593666777,0.07938855171434614,0.07789333510508761,0.1593351137511366,0.12324815100511985,0.3406302131171321,0.2921571611185501,0.38190207925423725,0.2975784180893102,0.2750379498248043,0.3939675736413004,0.3063672807682058,0.25817211561252623,0.4276543640716822,0.2638217059783348,0.2134791274098494,0
0.4225690552258926,0.7454952068509633,0.8395144090835597,0.5314906255592062,0.8425090957715323,0.9758294062197015,0.6109798189125188,0.7909542461239458,0.31873914099700223,0.6977128462925304,0.7896152308337268,0.8059018576681973,0.4366661091421818,0.959527725530594,0.6748631098456528,0.6427664826616176,0.8505010523951191,0.680971061772295,1
0.2502578896513223,0.09351804913264947,0.4452677369996286,0.2400000847604063,0.25559522113528216,0.41251605586067464,0.32937740735745774,0.14492455210039124,0.1723266491095221,0.3093917565427958,0.1751054733924472,0.0,0.24361110416331067,0.07237448066502289,0.44395381042764714,0.2712145165315783,0.14137899319077096,0.16616411024050554,0
0.47045817835864534,0.017696469580008756,0.2847116365420733,0.2827230346427232,0.2750570547508159,0.17887068145443902,0.3727016750506828,0.29925727618942727,0.37409461047565995,0.1614985624704634,0.0840180634410484,0.30218866354984236,0.13444675290180963,0.37655195270006475,0.0,0.19377521261173683,0.17608937828163201,0.21011480298014049,0
0.38204706279443773,0.030890697275228474,0.13615649376477157,0.21266781163862658,0.5398770311696848,0.2124299230592267,0.3393885159547808,0.2954046433905816,0.29273481528774503,0.24717632517553473,0.1059960603728653,0.0,0.4038210978442871,0.17602026564909534,0.025946416603473133,0.3025553225203515,0.3002547290882843,0.34214707737776395,0
0.2765942737419174,0.20638299952464118,0.23816379472775662,0.35372906232024925,0.3667751047661492,0.4178132380460385,0.3010708300441921,0.2367979851093047,0.21965458366595397,0.04182939971263977,0.41076820538783243,0.2113721903457196,0.31070764720034927,0.3314795830890919,0.10056213891398327,0.13919843290484385,0.4356423888466593,0.2848522618820253,0
0.2226640871604208,0.3051231814905355,0.5408702278786124,0.3700008445404382,0.2785840029741507,0.5966984793047524,0.2641097213147786,0.3198177782654604,0.1376544173128889,0.04903373612861328,0.21546372496619753,0.25460897012422223,0.289511630129183,0.07962747438709034,0.3292809186541537,0.1503537371147588,0.3230481231273298,0.36219117794123806,0
0.2477634239777593,0.21103721809352008,0.10086713366560329,0.16274434537816662,0.06447570415348583,0.3383871549861447,0.3467287838376655,0.2451462880802144,0.3029741180661524,0.35514790880166747,0.2621450665219048,0.41723328207909105,0.12714487645099617,0.208159572633986,0.19387093983428683,0.32766857128354104,0.07790304048087068,0.42375695285374615,0
0.23891701517945454,0.1479760439672964,0.2610718720171813,0.10556797421254568,0.12598053622475125,0.07478397641778634,0.12198649149311203,0.4128805100799767,0.16202580024608848,0.3059470147181775,0.1496438296052894,0.3411440494915863,0.12687015988824213,0.25470735133141076,0.25634215718427383,0.529336640371191,0.3256510345576198,0.17885151828048718,0
0.07614042727426595,0.2531167527000914,0.06216941443089413,0.41107068712319594,0.44369300477879525,0.24331152473337456,0.14768257991743988,0.17028768068853084,0.19555095012690343,0.23718073168904805,0.4144563576887593,0.3646722172370877,0.36652054044809146,0.2704693924807418,0.11156659312699402,0.1575931948442046,0.25728655157829167,0.10586798837870895,0
0.45613642081566386,0.07726629559592416,0.3166885961919286,0.3458717304471086,0.20945234959544923,0.2713969123790259,0.2831178648897998,0.08840663525657677,0.12624047750966222,0.27067560621291886,0.26192830335781203,0.16497247414992772,0.15467486321753865,0.2392264900394553,0.35633811435799273,0.24082170748637557,0.4447276996762779,0.1665015342804927,0
0.5079407820758053,0.7037435971263757,0.9548110806108483,0.8911151757121882,0.6578401868095011,0.6541012010465455,0.6408517699013436,0.6408749035459539,0.7717948961583943,0.9466329907108647,1.0,0.5706274463065194,0.8372124624445395,0.8386441365845205,0.660645644494132,0.5353183351704851,0.7695671574320425,1.0,1
0.10065004807822575,0.30578455670160504,0.20563395697167758,0.1829389639686248,0.11761278821325657,0.3637107480897448,0.3047431164897169,0.3101429467489747,0.17396773014579314,0.27115453106797716,0.08946820885642229,0.23442064229845677,0.0,0.0618260633038534,0.21132257868975862,0.5350141775529917,0.03391083118901628,0.10077032889521645,0
0.2855436402439614,0.2287436944146834,0.13541384664310158,0.23253560891647945,0.35104608026738165,0.18902378657206875,0.3027689674723814,0.1200716941571196,0.34360700033564295,0.2875529603787954,0.10574670893961988,0.22311825717740655,0.36177290911820437,0.09891609512161312,0.12148597136500788,0.2416603654256208,0.5059996876518633,0.16929062991526023,0
0.2529271683835406,0.23769919469047793,0.1297077434415505,0.09635043844636434,0.18035063657642292,0.26559173547939996,0.15917053308346085,0.21039117243666183,0.02370431746197149,0.20552200954195238,0.3728303975950008,0.33462163911640996,0.23956936755674277,0.2792383270016996,0.15060875252870112,0.44493264199496807,0.49813150078166857,0.26977883568471683,0
0.0,0.20583392634048547,0.19993471969411034,0.38828044299091635,0.40579629591277355,0.36450683865200745,0.08793399415049266,0.35351428381587063,0.311085036231219,0.049451873766449106,0.0019583405437975654,0.37455871480249314,0.22838808388249066,0.09577814890541497,0.22501936855494778,0.2936849297335843,0.24005786479989435,0.06376166162486965,0
0.24791363364319494,0.4120729334808195,0.19843432991152904,0.0574546772624899,0.2785019263632239,0.21969310234489647,0.031688814234705376,0.12335436686971477,0.1615441065428213,0.43664600684808796,0.33489349594839746,0.20827178046487183,0.30650436758466865,0.005264814416794522,0.18221126666223986,0.2981194454810035,0.26984515676745613,0.185277262491567,0
0.33974192250318064,0.30039961000839904,0.21675168315537519,0.23794915506185826,0.34137596982267887,0.11370446957321226,0.2745001440943028,0.3339411767750493,0.036127110711131005,0.3321925606842423,0.04911250440861198,0.2358886619378161,0.11039306750857286,0.4217495895148018,0.1111454735017183,0.05197721296415411,0.2660022569915579,0.20035564239750125,0
0.8310896042181353,0.8771682440218099,0.8102768024793673,0.9185957658124502,0.5463412643227151,0.6054161640407503,0.5766634720204628,0.6222875445009035,0.8865447253321501,0.984136825556504,0.6437067606474066,0.8265228587984964,0.7791915694437865,0.6623653257679327,0.9266804464689058,0.6009666646637866,0.7294967167074159,0.5308451815796276,1
0.5608823003273791,0.16837811541575892,0.09987049119172564,0.16484514950870582,0.22366116819100113,0.5274479861443556,0.21626090471128487,0.14684130246351745,0.1421849368507076,0.3868026534451936,0.3696762097970843,0.19174261763756675,0.024905906070741363,0.11456877463488582,0.45654926049994515,0.33265694614593644,0.25785536506699663,0.474259980778127,0
0.3688193440126384,0.3299853871805207,0.23461478361963703,0.4362364774092382,0.35707701852754536,0.41662555619885255,0.42415440453644204,0.2349280413631731,0.29654553482718843,0.3429478220196973,0.112102985495869,0.11476321931454406,0.09408260248059075,0.2370279893776132,0.21000195289460824,0.07771952460457138,0.2679229873238413,0.23852572999400892,0
0.276314199156061,0.38380080487455637,0.31870583481469894,0.5369947295446825,0.21280356738493267,0.25193118895854627,0.33637967727517504,0.21354492570319508,0.34631652505963495,0.0,0.24126600930091885,0.23764090376002514,0.2332941743814234,0.14476876617898649,0.3587347406255559,0.18946662114736762,0.2740329280086383,0.24554036323427741,0
0.27244332205413146,0.3832810998186768,0.2991845787111081,0.05971710529785257,0.2625533076539002,0.020400616952038236,0.3465020599727209,0.16683907023199418,0.10322543201764806,0.3481516795278644,0.31712534046207835,0.2778878754897053,0.513004953658126,0.32619998035071474,0.17260516840871595,0.312304464098193,0.21567071879242686,0.40201105862764025,0
0.1168329513044081,0.22427970906465944,0.38564705644603936,0.1724512730333982,0.3521900625213109,0.4159815628672786,0.39593691575758794,0.27164849735005947,0.4001229996778347,0.1873314380097627,0.5483057605535315,0.27890194497214466,0.38761529945318746,0.20655893691818633,0.30992974399017903,0.315215617679365,0.1385399590881979,0.13498679561058907,0
0.2967951933037297,0.28307641387948923,0.1906507741406071,0.34927031813686027,0.06275590312682855,0.24210054535912925,0.182335038813705,0.1687242469519562,0.30144973449442547,0.379297425126362,0.20880930857957608,0.3436817307910933,0.2559688798533518,0.14287213489143896,0.21904574881107233,0.21406169310500622,0.1664008104993464,0.30141795143870004,0
0.15418375849933608,0.3665959611691695,0.33745496618065385,0.08068198749113209,0.28027199735920394,0.1641907852497822,0.16102746486397984,0.47434175935750117,0.2649125666142146,0.22389538137832637,0.26019414703547444,0.35490883153951525,0.16580746288558673,0.18629800366707977,0.3288005749775593,0.06803328514115572,0.36889262090911495,0.057378431821172804,0
0.3585720712539933,0.2664698772019063,0.2055352134899847,0.07432664149179621,0.35408805332542026,0.39233621379590916,0.16850890858105666,0.15848804791124527,0.3989274310010564,0.1729762644527822,0.46348722494276584,0.2369137890561148,0.20361259517600205,0.2554129601456076,0.20360419187631765,0.38514548636172186,0.3562972167490464,0.3805727551300998,0
0.5941555041222041,0.31323076222450036,0.2664150107298753,0.283436771237658,0.07823932621210763,0.1546153610844344,0.45919961535894904,0.32900167430226623,0.15836828108464768,0.10278216063001133,0.18811670692665203,0.2121483223332546,0.4958975243016044,0.2274079148840854,0.1072537859040385,0.24296771636678985,0.2817206162053601,0.09633441068951543,0
0.17472148888997452,0.42587922020144175,0.21787470075430307,0.19798876182621894,0.30788634847989427,0.029618775714991274,0.1551358660332497,0.36772873584301996,0.04150936851254672,0.3841089036319787,0.43133638796309615,0.2056653594611502,0.2850175320911572,0.38429045018212316,0.19398529743477763,0.3541330624631418,0.1694621445843194,0.19268772480001847,0
0.3162627382521582,0.11218360307499894,0.3926426381931245,0.2432808409962317,0.1377970871066141,0.3849220193678434,0.06458429138660304,0.18337478835980994,0.1813989921657803,0.5072730325883357,0.16779750776326685,0.0,0.18018218616650303,0.30466604168857336,0.3440901455900325,0.5231847632131327,0.41882770851830575,0.2725507112698183,0
0.24363694317316634,0.20248580141509293,0.13136706426244232,0.05331411856800369,0.013821103511972133,0.3386550862311826,0.1993000537027218,0.36634591767219016,0.19808198024763263,0.29259639430040507,0.2349514670518564,0.2553336074630916,0.2611644172733167,0.19651518918022257,0.10244541845446387,0.3419358094688444,0.4412256150630467,0.4491058491968828,0
0.8065727581380304,0.8521360109793439,0.7741770224905616,0.8487665179849554,0.9868015732784194,0.9643044982096132,0.6989217926198452,0.6041709788598248,0.7972565117663225,0.9490668826730366,0.8793291002597449,0.796330129720843,1.0,0.7211493735033785,0.5258267103647924,0.626618037310311,0.3754889398073112,0.33520557480346774,1
0.3127020302027942,0.1564144829684615,0.0013579333013842287,0.2964373987346919,0.14530055440530631,0.32574631282843014,0.22580544421308585,0.2200225205783436,0.25626858196204894,0.11338080039275425,0.15094562948828666,0.21880911414944043,0.11267884902753159,0.33565811913539717,0.21311452234142916,0.0760676078018912,0.18291652254531654,0.2621443077906289,0
0.30028467396469843,0.23654744162155,0.3175591800441587,0.17734156177396765,0.376321259306446,0.4153933499003124,0.3689587698995645,0.2689150391168378,0.19778497046755794,0.5886534140631471,0.13100505462856377,0.35574754620641597,0.2899341865691949,0.24249550693855343,0.2722195527680818,0.18877416359664373,0.3012466651894297,0.28801893831520814,0
0.585963666620477,0.20599854476193735,0.04998904804117152,0.35799995973156795,0.1627690049283812,0.4059216316664248,0.21615651426520663,0.17418211731006633,0.22864509331051763,0.34093321131234244,0.22270952430932123,0.19039303566475535,0.2261402076425354,0.09737737785989381,0.2976437922752776,0.03559280873861079,0.19670542547613817,0.3411262250596892,0
0.1813823612116871,0.3892671193667744,0.12617813869302785,0.16027805129975942,0.03049040055620253,0.4071407565199332,0.4747438835911836,0.04916872261695296,0.15210730712600007,0.25837762978096623,0.18811670355896168,0.24624219926285223,0.23588824699476307,0.29890622322139654,0.13468414072552637,0.27311915802930925,0.11606470925089629,0.2005770500762112,0
0.4910450445459304,0.2377050028626022,0.24907746447305948,0.16951010714387504,0.12959478877840777,0.23484361953174068,0.2533060869027386,0.2395715084205583,0.4486187131644944,0.2348428778346602,0.23968848706747567,0.3478354574173046,0.22947210052849587,0.31472068824770405,0.0965146313987966,0.09746265746808144,0.26464702773467036,0.22220588973137795,0
0.39966003008430806,0.23094007402380948,0.10500640664009675,0.4104841171482896,0.24411348718463627,0.0428199489277174,0.33549161421916435,0.37308240210801585,0.0,0.1510534429440516,0.23674551864307433,0.3381413093570341,0.18811040984509947,0.15014297176312763,0.3372603099616339,0.1938013152023009,0.31504655806584364,0.11661812140304914,0
0.15852118503668172,0.1468952777709316,0.1854804907716373,0.31511133559503524,0.13532497991183226,0.3025014698343844,0.10098933653459288,0.22551176986733812,0.26315773054888103,0.54341561740707,0.08472212133755591,0.426641747978816,0.2679810896784736,0.2993406301619156,0.26420174960658455,0.30336721818342793,0.23155778747655786,0.424486021774895,0
0.34364931498743917,0.06433224080931826,0.09666173847608234,0.31168302459536834,0.37741892224212753,0.230923827012494,0.3184207004930212,0.3145345800247711,0.22414877686690335,0.11863534205365014,0.3177869688261571,0.3235714828930099,0.35728292837083103,0.2874479708894677,0.10978001038248084,0.3328408193643016,0.24983427037259906,0.19207150668119882,0
0.12366970841815048,0.26833811127502916,0.08966202145451035,0.2507422502774144,0.2944031181337856,0.42538123808295525,0.27946905083261997,0.15199180908990606,0.429160610434979,0.2280186356550642,0.34282801217217357,0.17645250745958263,0.26089339118708965,0.1538478478506466,0.28867119464190505,0.3464593714196341,0.19062408693705363,0.18387904967359908,0
0.5985874189357454,0.6801781530600823,0.8174168940494679,0.6775296042122498,1.0,0.7647959701643499,0.49645853419034935,0.5689255062462424,0.5508117380542797,0.8461136905863549,0.8166560612794953,0.5208282978658625,0.6603829638596589,0.7059956786309918,0.6264410121805934,0.8408675813057339,0.41706535431414044,0.6532892902576815,1
0.2346699012815342,0.2111014226814824,0.3490420431881551,0.29218519298808493,0.39242475055129145,0.20662560496263688,0.19423039243983195,0.29953491820638184,0.3735042255433366,0.3490082915298466,0.2886177056161113,0.27791950027213597,0.24564530514394362,0.2991916197378324,0.49419213333750495,0.22089119421317455,0.2062611806301495,0.197073296085619,0
0.5151781570822702,1.0,1.0,0.573570510596453,0.7307737023827838,0.8667298008537243,0.9548037685907375,0.6087677441184944,0.7253631544041534,0.8875617884812397,0.6967689073870725,0.9979692383704413,0.9141386019163937,0.9587420378208631,0.23521803900096483,0.6019573256212922,0.7384330736758989,0.6811355844572723,1
0.09746255481291127,0.2574743450188735,0.02281452361350339,0.18020207871613214,0.18242827522249616,0.2844394231705143,0.4755820029934355,0.31862889587985244,0.4238082487162736,0.32742546077242923,0.38500641876251385,0.47285528235317276,0.1621795801237294,0.1543474679042196,0.3302573080572786,0.2495585855125305,0.2764424599368353,0.22015997294711673,0
0.034004144042265844,0.20643819947582387,0.24157408416718812,0.3916633498154688,0.3255281934474478,0.32006011697544,0.14281479937627364,0.3561919914356938,0.4169479403678482,0.2973485069855392,0.300702104355751,0.09823692403600257,0.3765322969126393,0.4636996658513703,0.28875428788562046,0.17867712659590182,0.23056061728145888,0.19954951419848949,0
0.20048819538487614,0.30488343452277744,0.3065553454413506,0.534525583428221,0.2096485309475067,0.23304778156438088,0.17233220795294507,0.12606115626529663,0.1952247407689096,0.3298120834265485,0.33849538376191673,0.2854815813624796,0.21450821433641076,0.19079500168830288,0.139980338744557,0.18317348788443927,0.09458463290412691,0.41294299742507945,0
0.2792872271178121,0.3103980836865025,0.2807857866224998,0.15551147280407351,0.27962247149574593,0.193586289307735,0.11341294602996971,0.33903159036507163,0.3481633304468526,0.3638674577300207,0.17699816799610527,0.39152347752316946,0.19077012984063188,0.3284201585846216,0.18869048058799898,0.2231221403505075,0.0,0.21377041426997012,0
0.24467531685378194,0.23273782797674636,0.1750599370708989,0.15480271442209195,0.2986098005325827,0.22290259581395794,0.17908076902866896,0.1465993569115717,0.2344017921084957,0.3609380282643723,0.27479680890561803,0.2215453573630436,0.28701885094821045,0.41372620176011204,0.30884968422161585,0.281224117788743,0.32662354051118614,0.23103835161731967,0
0.3084594181390804,0.10103171463364027,0.07150345679430897,0.2786990421492686,0.31278393367237006,0.35840525181769656,0.30965634884633125,0.3137903182891298,0.13184168980091482,0.23740279783784005,0.06914598572386146,0.009595704471976524,0.33887712518116886,0.15962507274508497,0.3546998202571664,0.3830017093456046,0.1756819210452163,0.3208373313466359,0
0.2445143713039979,0.3443919681592545,0.22613289557379207,0.07537630966564202,0.3182746727648721,0.15291933701060337,0.09108857887814323,0.1273307999028882,0.2839998855228305,0.23841774362861798,0.0,0.20396128683367964,0.39030774699697174,0.19584451948799456,0.2301428135886889,0.37515897247925833,0.3454587109845443,0.37261013051820535,0
0.4586772251552783,0.13686956637736394,0.2600659433387579,0.12370938565899112,0.08955980182150555,0.22540721923730417,0.17877864855156744,0.10974219744322877,0.24574808623273775,0.07217119322826035,0.26505685580974253,0.23472078172030242,0.0,0.18722681163401872,0.30620920122721035,0.12237449380521759,0.3114150633322971,0.30192150518962935,0
0.01919592682323845,0.23059988130556636,0.2817492693556597,0.19586981154048874,0.43426373783127614,0.3054521989022208,0.2200710511845691,0.41635719342181543,0.4378136017076909,0.31150704321696027,0.15696908082910044,0.18396754827739215,0.07639135444079959,0.24490997442393841,0.12399502702665613,0.21051102769641783,0.28127203636661935,0.011954962959527304,0
0.305341679866571,0.12922941540378652,0.2880410513973646,0.060558028461781044,0.382668561176993,0.31326169729263686,0.44551396427461587,0.1160084272269489,0.38601420745797516,0.36229360762817564,0.22813215433505324,0.2048027976334112,0.11978247322119565,0.08850283627330086,0.15985188166323647,0.09930692291164525,0.44148669803087415,0.06975376920772702,0
0.4033036230088328,0.14882408103859007,0.2839944157780775,0.05327321134425175,0.005096937922297651,0.2881949443183738,0.15290808793661104,0.01129989144432722,0.31487314035364905,0.5044096925260947,0.4167472310296074,0.2191218537681193,0.25106143680363346,0.3565247508140696,0.3846553623801888,0.20877571374091616,0.2541013258869489,0.2860737768117444,0
0.16906660247354827,0.4409578579578445,0.3476193924723515,0.1749308361538247,0.16332936210208085,0.22266241435441034,0.21017747067110085,0.40073889924781325,0.3681427567593864,0.25420834162016687,0.33134866730670576,0.3487570271613459,0.2569912873919841,0.29831424152429076,0.32130250649107384,0.3085126868378661,0.15654354058290504,0.16867482911847254,0
0.06515747489819074,0.23654033198672994,0.43734238398117786,0.22758902382347768,0.4068399464084819,0.2922316924982389,0.3065500549415072,0.08971353888345168,0.3625027506099709,0.20980815552716714,0.353571094433309,0.15229960216166644,0.2712459217011895,0.2922403544725158,0.231516002010896,0.29854542317033883,0.21803235097689894,0.17211282963504648,0
0.30532828330666667,0.48341670960848515,0.328760831659475,0.36348323308719876,0.05877082601221373,0.29642543187488507,0.21783787000892157,0.16838501655131,0.2473219207289286,0.26303607775565785,0.17507297176096337,0.2726156512250474,0.22918154826413362,0.33429266494193405,0.2773089808984688,0.29511080306191567,0.36752655624239955,0.31659470318070554,0
0.2823686420833702,0.2840282252152455,0.4547605805571566,0.2806125358867087,0.1559053540977075,0.1760874352874265,0.3480552992637647,0.30369465498641546,0.06634316055675779,0.31175701886311663,0.12011891718319731,0.30259096237169103,0.15333351537776913,0.21622219183907274,0.1846229850652647,0.43226955798824607,0.2982217300372024,0.4013335602768796,0
0.4642382073069673,0.2928783307252752,0.3655552687899337,0.16304667381787308,0.1475488932895106,0.3051647146017985,0.36862638909583784,0.25483078024005557,0.09563279978995634,0.08676899604528077,0.07874363173765106,0.03788534644727429,0.26313824313365053,0.38500527060496303,0.24839010556902294,0.0,0.22710874475985415,0.23046412040408715,0
0.8011039367373913,0.7154071871786433,0.8131895756249441,0.9741058619579974,0.8402770675978097,0.7492418771902071,0.8134781288361028,1.0,0.6449741328457758,0.643847655278912,0.5226298252838512,0.5360177686009975,0.5613696654528026,0.5542310850413693,0.7157520764731748,0.7645352272008836,0.762600910582596,0.5885499755654661,1
0.24640467419210538,0.0,0.031135497397551976,0.249719033417565,0.4864587958580772,0.1661626964952302,0.35365576172949253,0.1924117110790047,0.256628711114664,0.3957620618671518,0.20848580438001468,0.16718741103374402,0.42016846649497164,0.25546693853363145,0.3809446108703396,0.16777013279383757,0.4188009050753171,0.28283527294415334,0
0.21131119149738203,0.31544166419548064,0.29562677626210093,0.19630980573178156,0.378707409159358,0.17868668679566066,0.3928544768982283,0.4085551036657037,0.376013760938827,0.22833266159604426,0.5556494973241586,0.2682213350907092,0.2789267774615751,0.247352638571427,0.1144280227532389,0.4054087884861717,0.18131158844032744,0.3603533231244776,0
0.18630138062444235,0.5156983138950293,0.19576588241757897,0.17009467466554762,0.30208117881401286,0.28022252983540064,0.08142501428676072,0.38472139054764865,0.2386966509579,0.11668826857411355,0.39265409372246485,0.32508106859153846,0.0982549609662503,0.4632619408309269,0.32905568420394316,0.24877646612499446,0.4408262566746135,0.26911573405955685,0
0.30952337171401345,0.3659778584705645,0.3541805211523158,0.1482920600516682,0.5029664924808686,0.4862665381060257,0.34611578742878446,0.2546436061060744,0.25670630592536675,0.2111482726246428,0.22667389300462093,0.0,0.4336316143495496,0.3912944369954588,0.04879758490811109,0.35679854978433334,0.24907424705416834,0.22611446328211976,0
0.16031396787401586,0.2730234305194411,0.36689414978168655,0.256688921530911,0.43681050240017083,0.6001421010301367,0.23486539169063403,0.18009643083509624,0.1312708897575131,0.0,0.3997774061739573,0.20758074279240618,0.35504268969640795,0.37917426050665837,0.12028357240827744,0.13830229663057722,0.4593624267340519,0.24159218202476782,0
0.2947360307995201,0.142971899511098,0.22989321402810262,0.13557565299494595,0.2725085893237359,0.05412108400641996,0.26818939691857474,0.21655236654561943,0.2717156906706988,0.051727999209049885,0.32856588087226013,0.21415085288877114,0.2760535258434231,0.02559108867073459,0.10087200685192779,0.20318150066659113,0.41506001662121716,0.31327256181161134,0
0.8134945916864131,0.6881834692166705,0.903699300433338,0.6188946496033446,0.4170858591456764,0.837886461735627,0.5363750641444716,0.518536321023052,0.9476873882064727,0.8215417323559118,0.6583498684478466,0.1718166370894586,0.8159832250634022,0.9955179566929773,0.8130260402754544,0.8047536283614982,0.6873499490137247,0.6461155541218339,1
0.2946834600895748,0.24430729030287188,0.47408142015173305,0.43833563629709393,0.16788070083208953,0.4431291601343633,0.4614641738548217,0.2351317151149193,0.25544837474225895,0.24391341362480806,0.17260007342111633,0.18451987844926349,0.40831870868759146,0.30248513717804176,0.18349725435257583,0.13888047131734585,0.15902675216638296,0.23033737335581006,0
0.29854212258817125,0.200119142591476,0.3366392018422982,0.3814035623694658,0.21845617426215727,0.1266876210732965,0.07515632768661532,0.3610826118952298,0.11361202099506082,0.294642908944284,0.3432888482131019,0.18984377457393478,0.2300546979784053,0.36988521370081273,0.15301674551982883,0.14083460739590836,0.2218730534549115,0.40334951944916475,0
0.36591966782593804,0.2802217116393866,0.385028124539621,0.4163332521687716,0.2809858204587984,0.28822318898703514,0.18310314412617623,0.13148503593291871,0.4038489411173327,0.32268924549276284,0.3324194867498834,0.17911484718814114,0.44487058043346905,0.22256632905943632,0.1537791144617593,0.18115910497641907,0.43854299400630875,0.11667428487882464,0
0.2964995017377353,0.3088442319282259,0.43025381775935356,0.12341891988177123,0.18375684782086935,0.26895200186016344,0.18228241146865098,0.343976384232694,0.2275120934915219,0.13089606310033725,0.2578926010225194,0.27044065249681454,0.36216184754755965,0.2971769083776909,0.30533756696318026,0.288435002080867,0.22741329744496835,0.16405370618664825,0
0.2643557798927039,0.24512782777330486,0.0675199111081643,0.2815627985878708,0.2449248552984827,0.2874640547960244,0.24069786666826218,0.20675927638257452,0.3549892072330838,0.31397612844500883,0.41752567599228263,0.3093675717366797,0.22628721378218394,0.3240122231421323,0.012326420891323464,0.5024415866476943,0.28292561725330806,0.5121347072950904,0
0.0,0.2108197363731369,0.08760773287473683,0.2765475450400747,0.2683444853344002,0.3335026907232133,0.417600456633783,0.2468476684393638,0.5236499574307836,0.27789417342638845,0.09277403275400406,0.18255137498678564,0.20527039596306135,0.3210552581384054,0.13633001197248393,0.21424289406287247,0.2306751663044696,0.19622550308133477,0
0.18904309153101798,0.3448013318334199,0.30075768860281904,0.16508350826808438,0.19497390886889118,0.22184583537749228,0.42831478653710187,0.151323438345227,0.1636287202059215,0.1145699018059419,0.07215526246765783,0.2868404348350594,0.2743483997287852,0.40393142234024226,0.3749690809272315,0.5376540057438169,0.2411352678950685,0.21873645234445516,0
0.48301818644817396,0.25657797860910153,0.01928090954483616,0.14033108201476463,0.2814745434245096,0.26115937116144367,0.44493466267751003,0.36520927580456486,0.361613856853326,0.22394402894169874,0.3818945243861054,0.14248922485632504,0.36619531711524833,0.21610973162111594,0.07624079128473688,0.3211884040737849,0.4177052342337263,0.20120777544208449,0
0.12227127624900247,0.3095598377419055,0.3466836390224464,0.0,0.15709215159516124,0.29240476281030486,0.08093498377581237,0.34391930526162523,0.37591798418346667,0.23055812393281166,0.15713060805778903,0.0,0.34768303537133205,0.4903044374411626,0.46547814380021835,0.2266031779011394,0.11887890187385225,0.35051490715937594,0
0.30507878791288345,0.35324723067646896,0.20795890288913937,0.5887740893520574,0.10374170842061428,0.18666930665088144,0.3581630299296271,0.3403265565833191,0.30848668229708187,0.33103823895917295,0.0,0.4407158433445401,0.2255330849360062,0.3995073018725022,0.0059768105238452995,0.28078822041774293,0.18237972650261816,0.31865441818975637,0
0.39058294110217323,0.10639598588985816,0.18074233869341738,0.14218714398951016,0.42310364728141703,0.14567098661743944,0.3174759813671364,0.3664193768087176,0.23246525063015103,0.0847826798871438,0.08630153694835715,0.35317168777552954,0.09872871774401712,0.2970431933271895,0.26372189317847156,0.2952558981173233,0.3065901769415065,0.13795950586985178,0
0.8959709631593197,0.7191664783203242,0.9152766308737555,0.5780617678337951,0.8435336386598802,0.699997281994405,0.8477224601618498,0.9199413996531921,0.8292119157690249,0.7025657804794575,0.84813279197631,0.6253731908243156,0.9925181189704894,0.8992595614106004,0.7261924897460604,0.6469275746535633,0.6046394952011065,0.7749352800296924,1
0.3996148330870579,0.3592849541560116,0.34751531361637333,0.3507280475175938,0.3339632594123806,0.3237274747007295,0.33146961491543514,0.17131814441109294,0.2259767867776184,0.25842919128502156,0.20971538335605835,0.06204284367581922,0.10179892157272749,0.27759713380281686,0.35869310904663015,0.2511210290991648,0.5817786234225034,0.1396285083813676,0
0.3205007908287073,0.19011648939869705,0.21101881655537666,0.2291959773537226,0.5033835197572124,0.02991412754746728,0.3101971958832711,0.2195993107297402,0.17312141097970796,0.21665491514124816,0.33008514926001076,0.33694283128246727,0.27232205469217036,0.38112895797479523,0.40225995941206916,0.34796511303407374,0.18445690586233374,0.3093329859055452,0
0.24834947444689234,0.12007116233248485,0.20254674468232173,0.3610359476763491,0.28050288118691885,0.07213954013433743,0.35217857522966434,0.2491480285709029,0.18493776779087936,0.33960115646907174,0.22993517956275972,0.11012063921131449,0.4717371653739525,0.24792550685308148,0.24023377546213395,0.2013873793923292,0.3915958887349107,0.18701457902295518,0
0.7429875309665809,0.693829227275605,0.404547535552927,0.8880344393555275,0.8485804345339087,0.6365726925249744,0.3750510218629267,0.6875222648276076,0.6141641723936353,0.8004685216182525,0.3305033128296572,0.6349956044603305,0.6459620575606193,0.6534106021473393,0.6774826174065373,0.7294051499170922,0.9938119281262303,0.6272974462955345,1
0.34600976053140786,0.17921575653912172,0.38510658644947027,0.34638193842172427,0.27274447217432385,0.17980866277198093,0.2628034665266134,0.4478184266179926,0.11872386968755835,0.1540241118323836,0.17466370779152016,0.2007014612788306,0.24811159761747675,0.36502852338422875,0.30536969373009554,0.25730092606041144,0.28323921700964144,0.32487891524358153,0
0.17683360919840346,0.22516870060187177,0.22566717150824023,0.3155532683876771,0.3450895386654237,0.26500674293342696,0.3552047892851037,0.18240022276223528,0.356245306347895,0.3718971330623041,0.33129956151095963,0.26610037401774556,0.335598799888596,0.14271946417138126,0.273803471723225,0.2860612572190147,0.0904581204218218,0.3069501103527425,0
0.2705527313854818,0.3131716327054574,0.37089459551596454,0.20697380159390194,0.3430817969218537,0.30829285298661147,0.4086886093257203,0.24335345007469383,0.042412083664710554,0.24188083916569034,0.2606140898155254,0.3121833090878193,0.066078116039126,0.21255462222305507,0.3541724285877538,0.23750974567346403,0.21331187414414976,0.47875916773401994,0
0.42054853191058394,0.22409442415264955,0.2120234748820139,0.14528847637436035,0.289598091061244,0.214345891156229,0.21711612846091377,0.238733379293379,0.3161953674508407,0.18235233361848868,0.15734102933093141,0.30180690233609236,0.0,0.17755861916059773,0.11184286007111632,0.3943909867620147,0.1970880684948524,0.1827140661679323,0
0.3409561257621414,0.44124187953689686,0.1517679554317916,0.057886627512757166,0.24826836931358104,0.3529632692978919,0.3341394061791315,0.395365788679189,0.0,0.4003572273861049,0.29025551517155684,0.06471839858499845,0.3368234616074567,0.2703379092199556,0.2957475158293661,0.36989309803784337,0.3016330442116859,0.07326098818363777,0
0.1667259083903052,0.18485309681787465,0.2259797957122955,0.3512214812872179,0.19159111640010038,0.21532375564999537,0.31842602128532244,0.22614443229457723,0.3840052660774468,0.13965925213179264,0.11363634922414156,0.2865554840822011,0.29851461547177555,0.14620486070999045,0.4112314481592911,0.48099241717242713,0.17465749445911413,0.4284760807277429,0
0.2793364727642689,0.4359303944487733,0.09286212458807366,0.42980009293354154,0.18102769377005343,0.2914950305509838,0.4409020865322233,0.28903883107625344,0.2143010742160974,0.3361810747233687,0.22922005572010715,0.3125621259513537,0.22543828019466167,0.3533383476386846,0.08269219689397406,0.1283774051087589,0.08092858901584649,0.24322846849643925,0
0.29417758662380883,0.486986930242883,0.35766333016396734,0.2218240727062698,0.349445368735477,0.45471283344505276,0.4897946780009601,0.3924269613518897,0.2530809344389599,0.22399680951328954,0.31912834042736693,0.45087693943252555,0.3020522946657342,0.30454382462425733,0.2561677425180511,0.21065307248425452,0.23054385920272985,0.2662511182294636,0
0.2873647754945993,0.3025207960231728,0.37533902728606827,0.29351115996359184,0.14223786959029558,0.0,0.19274549175783023,0.34131346310573396,0.2076284402298633,0.34614140467380755,0.26784738111043277,0.40456792843146216,0.21457399514552067,0.30611377918812255,0.3107062077442431,0.43019222471574314,0.04520352323988666,0.1949910070536211,0
0.5227190789071998,0.2746426818701749,0.1569268624886075,0.29924424432058455,0.1935989537181583,0.08270609874959028,0.3341243232246528,0.38414012806596665,0.21269119935129127,0.2047317191084472,0.13461215306538044,0.23200772794389202,0.18251579404921708,0.12867607759560934,0.47706025964795273,0.30597913800994087,0.31868741296352227,0.35600794827189125,0
0.14145388862729436,0.3206891903019612,0.27870857443212427,0.1982514499138091,0.25444944947468745,0.22351296930683817,0.3872674204687161,0.19707852215878852,0.32620539585182606,0.16537512576300484,0.347708608045588,0.37447667200043294,0.38014075511134504,0.4265220269366437,0.285093400009483,0.39855360419958896,0.44490159427845094,0.11535371633385955,0
0.2710179300862928,0.23589120904048963,0.3153612876606534,0.349761646122296,0.3072939524949526,0.21361679759442972,0.36199960250368,0.1452324668427698,0.09153736079566008,0.0,0.2415830857915414,0.1514144272607878,0.29773053712904207,0.01345271271467588,0.17233857389205998,0.30643238870373823,0.12641966243812236,0.29911080983354343,0
0.29818627310024204,0.26813532783840044,0.3207736501616615,0.19670269909516752,0.11327885637249088,0.3588217780497757,0.43059139813755565,0.11897426994883636,0.27151500089758834,0.19613557728348666,0.3560054430400915,0.279597488179406,0.6492966743715936,0.21382798176273882,0.4344750804370156,0.44615567744213613,0.31403169508600765,0.25444999832538334,0
0.020920109366672934,0.07792751511580556,0.1939568925904287,0.2369947787255023,0.18332542484677133,0.2921372772454971,0.181779034659003,0.1402612875837484,0.3235172602428895,0.4143273396253616,0.11713988827041427,0.2792459036449374,0.021399441021541843,0.07305542431274087,0.17934810064273926,0.3861892518852632,0.15655527643534306,0.1520679430281341,0
0.4005426973151955,0.3557620974855261,0.13393126429468555,0.3897451558052242,0.23259154972944793,0.17673493744153274,0.21476651358429394,0.15600432993821237,0.09149474767014518,0.3431357158610307,0.22351541691622384,0.3240651440374325,0.2844655997355456,0.31582493336238876,0.004481583351149593,0.14598877007715796,0.31832377064822176,0.09702031670368386,0
0.1014729030043266,0.335355362175238,0.32000164793975233,0.4023190381645399,0.3568053403612169,0.4059974023453085,0.2367493719389908,0.14647956175515275,0.5031982496900035,0.06679652613736398,0.07881843053514306,0.31781536486105977,0.44499832578128196,0.2727461015096998,0.3699164439642647,0.010503672703364997,0.19005460453826356,0.025126263142808913,0
0.15696842438413475,0.25989551769550623,0.2698262691186131,0.36305519101974404,0.20346261426600434,0.14567395018536528,0.31840025814684814,0.1607935577154877,0.02973935774294678,0.47084463093134377,0.36124367945650626,0.47600653425006245,0.3548815303618643,0.3316437906030943,0.2943442760104429,0.2276766062125266,0.3114527898286116,0.1836121018751078,0
0.6013378223479742,0.3711428463831452,0.2769337565256414,0.25384450123742747,0.24317678234860968,0.0179504130957496,0.15732050744518095,0.23657828865944094,0.1640968149447536,0.17978368113407023,0.5570477706376742,0.2198016350120319,0.2833744009920077,0.2791043542004466,0.32073513983477,0.19272606809558773,0.3996377497646419,0.30322746323280825,0
0.299669009288688,0.17685305772836374,0.1530613137626208,0.20753775749561787,0.19093397761892705,0.07502433260333616,0.17182059009768694,0.28194675815614745,0.40191323009783186,0.316526960220836,0.0,0.32695644577087934,0.18302178569251387,0.30436960896253157,0.24830376889472464,0.22687748486958068,0.23773171264454304,0.24730908300762638,0
0.3161430074442033,0.29746109276350097,0.06195300997174741,0.16307889767101588,0.1801934380957304,0.20614364870629298,0.08489036936781383,0.1745954670256626,0.16256674176885672,0.34258399117143035,0.34709455731882927,0.2325027450293421,0.20295522449551223,0.26679091744469363,0.152010987105331,0.1123801501399071,0.13717345492891397,0.1738224203234252,0
0.16963118414331885,0.5729889655657858,0.3990308700818963,0.3498538344861187,0.125142683877124,0.3591618860433967,0.3224726116816738,0.0,0.08144796313345312,0.2929153511698597,0.23400403340010284,0.1880226148539003,0.37947390333465547,0.14394648538968105,0.19537108683807292,0.1723564254379653,0.31122031094556735,0.04366501602147893,0
0.8565106544034278,0.9859295033163622,0.6316412281471266,0.7073147178850838,0.9639210402910527,0.764740584428567,0.640095839659155,0.7625000768556867,0.6759898387419955,0.8239318411691505,0.8158095351588628,0.535765626121385,0.6590601738024937,0.7741928625753042,0.47425329778123027,0.8385249641607961,0.6788991527224579,0.9537917958169901,1
0.16537705492848087,0.400252650941031,0.4284988693506994,0.11222400462346482,0.195006679801926,0.2408565193571261,0.32027267701717377,0.0388227683756209,0.05763999021658739,0.3087551372646883,0.016115371729849087,0.19638431126333558,0.26945101702706087,0.2998799163919741,0.23299382853474015,0.2061091937142963,0.35134850316597754,0.2842247111638909,0
0.27400063698619065,0.0,0.20913926859617932,0.32847373851075284,0.221557135235228,0.3358006973192288,0.14799709987452453,0.0932821152654871,0.24142655163428736,0.25378788007478975,0.20819387787252142,0.3972749375970631,0.1479751149833131,0.28757987287988196,0.258156396539635,0.06319408574367,0.09171637795977852,0.25142932194983575,0
0.023272289455129547,0.11806457358633957,0.3719587843048839,0.5178143374590869,0.337167581583875,0.2389548953654765,0.19816487492153,0.13522050237083655,0.4971719079207688,0.22735015577627501,0.5038755796075005,0.41722234115320733,0.04110442823844718,0.170085712508885,0.16971458509914134,0.24041843630731127,0.24276228962634958,0.6095486914477771,0
0.6683674959467342,0.6408605829595511,0.4932780945384858,0.7031095816009414,0.4799278377841264,0.8908280722588248,0.9127990528019299,0.5394262613879952,0.5910040956440815,0.773501043833305,0.7143267970234692,0.76623259381778,0.8033494888514496,0.999563069820069,0.9996957995107209,0.7308655318172741,0.48555332740727475,0.43034734172884814,1
0.2539895819613594,0.45658923007562974,0.44463089535462774,0.24901890316920125,0.195573810723326,0.42558082002501985,0.3460502029498257,0.2878697505036836,0.21137527477720666,0.28980358944575124,0.2473949848134757,0.1702794184512405,0.26548507943046823,0.2818508854767529,0.20495259196957227,0.3584590826331421,0.4046598870773187,0.36638772323864954,0
0.27677464220873993,0.3240177039627736,0.13003453255967423,0.12500948408544738,0.3825615058483036,0.20051957533543233,0.07997894888837512,0.30325752512597254,0.30560437672392243,0.06631416912919524,0.27753780585563276,0.33826997109140483,0.29492637420475154,0.32583777805136743,0.08148770822911011,0.28972481859954347,0.21368562886354642,0.19206518095304262,0
0.4816270893949375,0.08938656667004019,0.30941346150050436,0.30128993993770337,0.38484602342101,0.21055638312347055,0.0,0.2107254506343333,0.2237005237000411,0.004096958005923579,0.25544459307528855,0.12089782136025456,0.3278902123712144,0.22047043170081831,0.485331386262368,0.21925856117914216,0.30164695196094343,0.2244314192248596,0
0.25460321716991763,0.2574989820160175,0.15624456618392235,0.30258999904886125,0.42530210053936035,0.3570170780743919,0.4116482066730405,0.16378385829572087,0.25438093273200024,0.1581222784880625,0.27873160846966794,0.2895341090928697,0.36518056064810883,0.40761902246163473,0.33267725967349143,0.14677961645909426,0.08773927428109385,0.3124024036846397,0
0.24119983011997248,0.24237135911738128,0.0962048871660256,0.19508519743644925,0.30144349883571986,0.09409840074893772,0.185309476699382,0.1995464275111051,0.25797289656567973,0.42754715747659167,0.21400562404204193,0.16713992051049253,0.5795644758429606,0.19801775757718842,0.22712102065969647,0.20705843569707608,0.21678770786684468,0.25933058356191535,0
0.11515215212429036,0.11443359588219384,0.0,0.0,0.234186181245409,0.5284276450171426,0.46561354285497114,0.13261223054524346,0.26798839568687327,0.07425045879398012,0.0925468562970255,0.10630328828435445,0.22294015786698004,0.22810484677456286,0.2803242364968231,0.32958596676451396,0.209574289192581,0.2543442364795154,0
0.0,0.34431819701599997,0.33084003253464833,0.3576193088679139,0.16871657971525683,0.18237428109584006,0.23547428288052272,0.4232439163537187,0.4532593753146461,0.34525701878096354,0.2897223669764201,0.4102459237240151,0.219298905142053,0.20308701634212462,0.23451734552634268,0.13255427566965067,0.22899887627540647,0.11591103474592718,0
0.2152707475602198,0.1243702108194586,0.4622016869908335,0.2663826139142117,0.35723210201788164,0.15852049772567678,0.2966231566295398,0.11836806581657713,0.25764878076737113,0.17224921777860647,0.14468147981049384,0.21362527967608919,0.0,0.11081170746669602,0.34388969875123937,0.29171996674572725,0.1210975663644871,0.31574482833580797,0
0.33932003064996114,0.34302750242208574,0.2892893314237048,0.21932323539426454,0.20709638697345578,0.08586953214435289,0.153289866565877,0.17535909713179745,0.11512338850846793,0.3027908760025197,0.39359534427844123,0.141032508120502,0.28401297228935646,0.1259066632564348,0.21340933948730054,0.1671604504986669,0.32222747783277295,0.1685454191389386,0
0.2636497784183372,0.33842038371040617,0.19449331404105039,0.3695865861398085,0.13075625474722202,0.2853511411070055,0.36071676673454234,0.32920449901484017,0.4799733852082492,0.15838728192272072,0.08450208983816945,0.1306797869805857,0.3292531079858124,0.30975075211232544,0.2622707991576899,0.11524515410714442,0.3420240751994873,0.10303542668193516,0
0.21593688168204944,0.2744311609460773,0.3179758629743453,0.2007051385119351,0.25093897530993553,0.24948103295881302,0.14031542889119475,0.3026307310647566,0.052093379408952284,0.4603250130899937,0.3451565061974071,0.3266946829184052,0.041602946508010996,0.15489655920483753,0.4167214144966065,0.7481489676447521,0.3933630958068437,0.37443320923011414,0
0.5032284221366948,0.2679359737531725,0.2849479653518158,0.29551851395362005,0.2737800807591982,0.5320736180728611,0.14882021767257003,0.13375280240642806,0.21069987198085735,0.4588997911097811,0.18077480692257197,0.30163579021489556,0.37852102494983786,0.34347803439101343,0.37216886098756385,0.420158364309295,0.28698780516303124,0.19515413220139172,0
0.2562198518791416,0.17516769884447686,0.1868191964180662,0.11500847738774145,0.40189299101998666,0.3778822209664057,0.31449206250728046,0.48666351423325765,0.227290516411793,0.613811489813276,0.22269647015641356,0.28062320221072196,0.20226665032717503,0.2946790672072366,0.35027379134634934,0.23633003283362994,0.46320638165411443,0.2786979141560153,0
0.3063209159457026,0.25077042862292226,0.347880441084636,0.33597582451724906,0.23020098998377875,0.27071815418281064,0.16071169444978184,0.3236415975225345,0.02453487374527588,0.34321917263791807,0.2472191866916668,0.19155255546026934,0.22209601606639284,0.2308964518493943,0.40567645125766016,0.6380192395898214,0.39638449889804583,0.18216090569322924,0
0.4217359618035098,0.054430894445309685,0.37267899942597776,0.0,0.20196560437821834,0.47086190946910955,0.210601114178456,0.260792607498519,0.3415439440928266,0.044023178312721706,0.25865137610077066,0.257705568635357,0.47347851678984876,0.1017111002802612,0.2042152820259854,0.13859730510116613,0.12587058355703445,0.3852883272477494,0
0.2919679379936602,0.127766336992071,0.22675749500204515,0.040804038675116644,0.2542444737216931,0.2261944068881685,0.18106396595735946,0.4401520227764235,0.11126150565494652,0.33476715420188025,0.5124049793118248,0.37927214844600254,0.24621534614826796,0.11391176326920072,0.08655253880986535,0.20061379660509737,0.167559911930331,0.1636543709250241,0
0.39431130769146094,0.2619952143787632,0.4255870365210983,0.385746300703629,0.22254582708837883,0.06153714889681952,0.2227994993444376,0.31317788804740243,0.25718721716553633,0.32613097980295536,0.35361039713796644,0.3137030264099062,0.21696057351372094,0.31238601699904145,0.5182581077834727,0.0712144527194786,0.3084744960269752,0.4698403942066879,0
0.4684775389176162,0.33769296293663736,0.061355169321611114,0.2419656192522159,0.10935913688862209,0.18780641891604705,0.4313474119932066,0.3265040573077235,0.16612834857055045,0.12835391602715213,0.25393385114515127,0.10401278207426468,0.16946316671241027,0.2874411365861493,0.38863744433280356,0.3230513766669328,0.0,0.28652400748363116,0
0.06460241694260746,0.16855868057248258,0.4092129520545751,0.3498558593748541,0.21939812168081665,0.41479061699685693,0.3397530674586259,0.2180092763638472,0.23009081738787043,0.2895181278334521,0.1501735660403421,0.2505406078611221,0.28702160375359487,0.047564051366975224,0.22728156129185226,0.2136332577561174,0.3733681623952387,0.028660360742675917,0
0.12666757900467762,0.2630264437408633,0.377478018614421,0.4267229182576847,0.1122622038736669,0.06776785151335254,0.25745614960498264,0.3831025090882041,0.29315157451404256,0.3316355291295766,0.0867701174912173,0.18136150188760067,0.0,0.232901434090485,0.0,0.4099194042208573,0.43657857614907214,0.2668772190474119,0
0.1376082618867701,0.251431543983588,0.25156647108105284,0.08594633391589201,0.18525670362755262,0.21120608817803652,0.2996175452866866,0.30536201343828473,0.1802417821641754,0.3062643523050262,0.22815052847817796,0.0,0.1918357561658149,0.3794786368170854,0.04818330920467845,0.2635229440498648,0.44023134570223443,0.15872644563874233,0
0.26093079601420327,0.20079404591633934,0.46074256817021675,0.11050406976096683,0.1823702515475289,0.14141528680169763,0.18234676252054347,0.3737695675528846,0.4273638153192356,0.165904886689727,0.16323909487321558,0.1111445621687302,0.4067542463823164,0.3845205288299563,0.2372821840013456,0.0824680964431744,0.09320049214524975,0.2704755340461512,0
0.19738396459744179,0.14949694054327184,0.14615778245594918,0.28858592332312194,0.2746978595956795,0.4320096119987141,0.21518929040781964,0.21314206614425052,0.42275602366322995,0.36827761519331087,0.2673877964515287,0.06267847329024276,0.1525774261260121,0.12350862431347165,0.2543742132279243,0.1889990662550147,0.44234858714107594,0.06142753434711895,0
0.5698368460972889,0.49906831593753465,0.6087106647535584,0.9686839467701405,0.7135069381201631,0.8613939061641787,0.9164824230434557,0.5204814363230739,0.5703277657633299,0.9074181342117712,0.6058290590075619,0.8459256908924342,1.0,0.8770113173341196,0.6557518506881745,0.6843111529120305,0.6252540388073242,0.6105646788002008,1
0.1964691455785736,0.2979779063674827,0.31888436194151654,0.5382040331143738,0.388077304163287,0.053635558676399464,0.20677210180015906,0.21800304490624406,0.3190085106909567,0.13796967151579465,0.1862497402961994,0.10067057489088135,0.177728113181019,0.1822041343297507,0.21243930245723303,0.10761847156962917,0.3678430887281071,0.30666566354000624,0
0.10066338548787096,0.14334432241228978,0.24151835420175144,0.29011541541972574,0.2561370470262594,0.15813576670843443,0.3580221476823956,0.3387295206761137,0.23084220310935796,0.17165006264023455,0.3158113504995759,0.2725568304983325,0.0762247288701943,0.24184236928187142,0.28144429744892574,0.14203662562146954,0.27278120714049314,0.07542130176906531,0
0.2563846518938677,0.29707363954949206,0.1481765302876087,0.2208865144223143,0.30612140527685294,0.15854917800198792,0.05106917914913178,0.06561113851722947,0.19983389631316364,0.09178980684338339,0.20827337257885048,0.44979314214072147,0.08456819347735822,0.2160874178226759,0.5058765465125661,0.29897560995708516,0.20587320550292806,0.2311740838576914,0
0.2950129796505029,0.027709250201325447,0.13656921377519488,0.41220176474321285,0.4689854821368538,0.1041212357833646,0.2104730155104767,0.2551147027694447,0.4637472313097881,0.1908557262610718,0.19277391723600662,0.43584706701554343,0.20502530167380903,0.3366642050759749,0.0727428441865087,0.22945207070892085,0.05084837940083145,0.12334794628531548,0
0.3798636796719166,0.18743970013575956,0.1608495078509157,0.33896398371170855,0.31898703014967167,0.08072678791468882,0.1145877236434335,0.0,0.32144642247745625,0.21858073682371054,0.23054194948296616,0.04702670827577762,0.11822771762928083,0.19264493049189207,0.1693209279822615,0.26414032906211576,0.32001617519581765,0.5223535083142237,0
0.569414733852861,0.6669582314161583,0.5891019903430437,0.9872321949776888,0.7471721309623067,0.773823434513718,0.6647943996661217,0.6813705623023687,0.6568757014319824,0.8488366050333109,0.7954216760172733,0.37377167659945804,0.7718294387756661,0.8812789667681489,0.659005624782212,0.43892407826937013,0.6554390931384115,0.7700191259613067,1
0.3636126781000891,0.21321519757670604,0.2994403863514063,0.17546641669554125,0.38323560491455644,0.05683466628919934,0.3480084608980389,0.2521250754217609,0.36584647968715517,0.15633467555304426,0.26079802945795555,0.25727561076775335,0.3020660272060547,0.12429256592224233,0.3263458105701224,0.028492704631317173,0.16985895314591637,0.06247239914329614,0
0.0875430976543771,0.20819567641191133,0.26098317270866334,0.025341339707992516,0.1121008851353637,0.25124026758188256,0.2010192188813255,0.2973773525375309,0.10423980072297262,0.33569364982639605,0.1079489083527766,0.4471281162325156,0.04410900587460201,0.11889348755399048,0.3000844963638195,0.4497079901797166,0.2878051643339405,0.31754295042188696,0
0.43902090199193405,0.6197025567058329,0.40517202727032653,0.6993195921353136,0.7329405723539305,0.8580739620874618,0.33865884243502126,0.8190993275864141,0.5449247983670376,0.8187668082052033,0.7321477851165145,0.8328863348095622,0.7019181476760673,0.9135774847133626,0.701823419794285,0.5894678639700484,0.8287258454918818,0.9135644096344676,1
0.24155733008744548,0.29867227161547294,0.1995702697046573,0.4082572072146875,0.005712700680575389,0.21451293352150802,0.3461285790480784,0.1485808423264215,0.22118213305866002,0.32123720994918425,0.43219229284453553,0.09472740614005068,0.0858310614694168,0.1364763774592191,0.06549569793902077,0.07403458535062357,0.13328065627663593,0.398019225789519,0
0.254330473827334,0.2544500333379821,0.15578422326943964,0.4883465880715886,0.21815639522615524,0.26363019789016956,0.20178645547474697,0.30279658745814153,0.398194907164494,0.44963964363454867,0.15852811896833438,0.3820954211561455,0.31596169834612214,0.3669443931352093,0.2389744872768643,0.22755510720613834,0.3622857574856792,0.36456310072675446,0
0.30528904121421563,0.49213712459270703,0.27126761743217337,0.5437363304311489,0.27130254706204615,0.2526976355384484,0.09647318944942043,0.38326752883513215,0.18974498452714253,0.17235428327095276,0.4037476676515086,0.38898672025551484,0.3858461640652815,0.20653706391340226,0.2438828961633698,0.24281747227649783,0.34390218168068776,0.43642776021930757,0
0.29966091209702017,0.2272716798632205,0.31789738865041917,0.0714652083629978,0.2695554545589983,0.19446815383999216,0.5934716292741425,0.2686990083568249,0.17843295402598752,0.08460379167363019,0.4066487436153119,0.20799607365714667,0.1550377519509497,0.29035590568108716,0.32796625976867844,0.32607435198514345,0.2523700507671234,0.2691028164264064,0
0.6214630982243136,0.7393843170694026,0.5520657595283178,0.8502731951986608,0.6795600426679519,0.4808638701785482,0.7486847949129959,0.6655032032049815,0.7622243876010505,0.6774404337185729,0.8463118159171964,1.0,0.9875759578660677,0.7803376281110346,0.7276375790249651,0.6565809863994121,0.8077650371766066,0.6771204415507326,1
0.24118256060915194,0.3011348736183312,0.24718924489590216,0.1899258224813616,0.06408913883869077,0.18869985291363814,0.12115571047386389,0.04280719826514662,0.15451853899952964,0.12434899350802547,0.32005438543515374,0.32213102048971526,0.14153448525029502,0.21877256433242548,0.027010880546495752,0.1906792059780767,0.2978778280842815,0.34899254675369235,0
0.39324745245787096,0.2815440727843406,0.46923581891902,0.14811448928134774,0.14788235175608744,0.3525383682196004,0.11435928321072358,0.2639954154987507,0.4358091079551851,0.035820143327967846,0.29825671343302856,0.39540944671891254,0.24689108019358202,0.1387488603561023,0.21848703902871885,0.14937762562311313,0.258298987001973,0.21679533275772933,0
0.2336231545745976,0.4237255579928884,0.4509621600089674,0.2926451452804116,0.48544067966106974,0.2448470700451906,0.36439642619713375,0.19585229333122872,0.18824813928590217,0.16869890597432363,0.0027365263450825072,0.4044510711936294,0.17300410730343807,0.15382734642937645,0.10840339820647896,0.22547686761564603,0.4616190772671691,0.5012534620987261,0
0.19635948149007737,0.3965256162581541,0.48555082527652316,0.3777671040261348,0.4763046001312565,0.16704016903989416,0.060389912024858494,0.24368541898324506,0.34658303633268067,0.027429987265970512,0.13882517808082395,0.15215258883845512,0.29278762748644255,0.2773143476499504,0.1569807071794786,0.2715773437228951,0.11262337782839979,0.19882902248612253,0
0.4468424912677973,0.1883636487142108,0.2849446241357792,0.537121206762189,0.1231135906404065,0.02226226001202683,0.404390815754468,0.15078290735283117,0.24751523630725195,0.1796898147458098,0.28217953371463794,0.13593565513771094,0.22840718945400326,0.3039778391867841,0.12900293364708856,0.16598991644249333,0.2083140599681762,0.07854214789284661,0
0.8825951600354636,0.8021309584178252,0.9963346727545086,0.9819870819539522,1.0,0.7643865411916211,0.8823507884463391,0.8147504385800076,0.6614489276945591,0.8549750502249038,0.6492848012441662,0.7677876771569399,0.6379555668482684,0.9159446230535173,0.7923422820010776,0.7569277440431437,0.7600533605526998,0.618091483959845,1
0.22414881358174504,0.17059316821742265,0.20901834227423194,0.4568672593748634,0.3294574337788724,0.18276390677222204,0.2417982653965644,0.24660239972172798,0.15784534795118188,0.15770437387073744,0.3712628824392056,0.19962587469798207,0.11863643355629544,0.24482315871166688,0.2641611703754948,0.013275493096739782,0.24511043706193683,0.3541575921217912,0
0.20756623100636268,0.11752136375540062,0.2887356956911898,0.11198974070171638,0.33543724275892617,0.10822251184854159,0.18204461013027923,0.17504759101417852,0.40901760746498067,0.289634793473991,0.2245919436946727,0.3098463329283668,0.0,0.2448239692430911,0.48970170133657154,0.2658815807683207,0.25814958030032026,0.3157754055570635,0
0.046444658487138385,0.22219109360252448,0.24760532265614166,0.2843211079783334,0.16149338257350276,0.3869081342090336,0.2516343301977991,0.13954031826254493,0.19501265935099837,0.48142511847601965,0.3297253471535798,0.3758147866677285,0.1250095636343903,0.1673404369379439,0.1682293232942506,0.27212724851063463,0.2291197802697329,0.19126067064915753,0
0.2274750326329843,0.34794748980087464,0.11781174634662323,0.3420810811235325,0.18130290410385078,0.10783630382439344,0.22772935861551394,0.4180566936637335,0.2717206644077016,0.4295785777214056,0.16015207434210352,0.3757421325457588,0.17174079553156657,0.2770394405787044,0.2760019394391298,0.3293790080709007,0.2800888743893593,0.16129785546138192,0
0.1667792602513263,0.3497238229201569,0.08893898003549117,0.20116675014729293,0.17981510380803992,0.24440952755927928,0.28346371415766863,0.12905284604517464,0.3369139212947474,0.25756028420016397,0.022966449602570743,0.01496902715235629,0.24852168484848264,0.2234839218656375,0.237589586371044,0.24664210521637384,0.27706718074122166,0.36371795318179595,0
0.458595442217014,0.3294855361493683,0.5029378693996349,0.19732115561625813,0.3440464771753894,0.20399049512441733,0.18266417704901305,0.5074651151687644,0.157822207672562,0.0,0.16504608290021747,0.009001160590315499,0.1358410598713798,0.14696010149799757,0.254233811782186,0.004048404726353677,0.3935142671297358,0.024907688391050092,0
0.42755084483811223,0.2369756040777812,0.15570444767406721,0.18804428837661896,0.3820444816836668,0.3310727959797374,0.3172395013878708,0.219097456130825,0.3188034964207534,0.17277266500592225,0.21884631623850706,0.36637653848700946,0.3549133214702877,0.13217081848590362,0.1473368256509709,0.26304425833760914,0.4571358849603412,0.02013218026372071,0
0.3723818436712077,0.33502869624073145,0.01275298968968508,0.13405274380878518,0.10344545004275704,0.03615435620489346,0.35551779800747874,0.4982526226144079,0.21907929943611362,0.3524987998439655,0.4281550381228893,0.27499980402193114,0.24696243221019523,0.2205174486709489,0.31450706586459687,0.3549632860039097,0.3054165887247017,0.301295569098024,0
0.08077691633809372,0.29557560341627265,0.34887390966288606,0.37610300762984783,0.3550341357603729,0.1398275840748893,0.28313091573396465,0.3096245892870909,0.1930140105893089,0.2697702524685658,0.09980581240459802,0.17468797886869583,0.29461447667056995,0.43090511852166336,0.3881727535986207,0.3293030173281183,0.25956400465297313,0.24097233844296176,0
0.7992532898546962,0.6123577134146742,0.5700543904731216,0.9330381517130483,0.9544836191945746,0.7211067746956161,0.9191824897599137,0.8316346332592779,0.9191578352715464,0.7386580070083795,0.47295798985781057,0.8572847175744966,0.7434357738598292,0.715210440709537,0.853688413393558,0.7754635071104022,0.8350089253442371,0.5359690024552293,1
0.22941644233135647,0.29302821438476145,0.3794917157094371,0.4342894565467194,0.2539368648947301,0.15209850956865228,0.4341440912912038,0.12068398639174119,0.46486946117381595,0.4112962437902476,0.4287278549714644,0.33224690271677026,0.0,0.12530550027093468,0.28682658648316706,0.168922360173888,0.21216641459945357,0.32353698169911105,0
0.38333086532636335,0.13436595222987022,0.49912401207563106,0.26780481741274026,0.27880539592369236,0.055876781801400766,0.17559311318559317,0.37597885738389736,0.27037341552557187,0.2629377671503449,0.27726066046905773,0.0768154833896742,0.2384069735918214,0.41899964263571465,0.3804049146478592,0.2349760669461282,0.4376402409233866,0.09890817918779271,0
0.20632216896128525,0.42975476362942894,0.5714995253433,0.18184692577752248,0.2852803429845633,0.3745609091266284,0.2181101125571226,0.13067306328331205,0.45858079737577095,0.3323388752566243,0.28824285435676694,0.42406268801571256,0.3424279808588482,0.24424779568472843,0.1328042961095772,0.19080019066908213,0.3945787846406217,0.33185027857719385,0
0.40839653024264594,0.8691525061763954,0.7220909307363155,0.6145249446425964,0.761716458936507,0.7316044616874467,0.7870573858747266,0.5422444534001697,1.0,0.8643425025037198,0.654738923830935,0.9526133371053489,0.7645215951912113,0.8694498606299519,0.7944876168395946,0.8326771341527908,0.69869886718613,0.8860194153026567,1
0.30152350100719333,0.4534926316752928,0.18629756710273088,0.15908676605340608,0.08454295206637272,0.26237152390117646,0.08131751562185047,0.19434608502138465,0.14095798706675772,0.3788948212280927,0.1889924335159833,0.29763163936067394,0.057508959797372444,0.2657808345343415,0.10562076329671016,0.19892218000841688,0.5153443089107469,0.361860925268906,0
0.05061940963137879,0.028705545859897014,0.280609845264131,0.1789625430724024,0.14025084660071785,0.24247039792375896,0.32387023454335456,0.07566909438854236,0.19613468556635383,0.4311844819744378,0.12096539437343504,0.35437134245979474,0.19183230861412073,0.31549525118199434,0.3816793008643441,0.3389538120382026,0.3590991522656652,0.11180877599104527,0
0.5113417423207132,0.46149379575350913,0.3101411870054911,0.40309064936069045,0.21796243826388328,0.336934537319854,0.19917522337830976,0.08735019640540545,0.5610307133008812,0.08121543200520354,0.2857069757269489,0.2843052022213805,0.3119206701027422,0.2392378880569783,0.24049001881262716,0.2666094080068392,0.3075842177608942,0.24978203662837237,0
0.25878627436837265,0.1669155016167454,0.34628621859166053,0.2175753375504974,0.066942382488826,0.22658941332864033,0.2729787753241857,0.15177931628167773,0.23581836338683188,0.24142205960210772,0.24329105268690168,0.39815702436585454,0.09261305665783462,0.4940562951022677,0.24605976157705503,0.31962534807429543,0.26534035198454264,0.04287717138817712,0
0.2198267118468545,0.38576811111704656,0.27884735794434873,0.14533134731191583,0.138411716416589,0.43161535751127145,0.1637486065613485,0.2827277280501776,0.41210877216844793,0.3150528748935391,0.1590829110795899,0.12811670857795418,0.47438661674156324,0.1250602489676815,0.18360769193185122,0.2947004366341437,0.2237345861108217,0.3188566245874745,0
0.26541594349489295,0.17682154741136535,0.235222431388765,0.0039240675572153605,0.23327167005533622,0.20195747570914324,0.13798475703921853,0.15974819772016385,0.20077185981524237,0.36909499312077887,0.3810472500136111,0.13862498061306272,0.18783071521079278,0.19088920512537064,0.3471454618660149,0.267460786315794,0.261134783516925,0.31435151361054275,0
0.25804052101605773,0.22407420538696265,0.17512932510605106,0.24584728005632797,0.18016940656571734,0.542143920261899,0.22119794178198726,0.20514916554170676,0.18500366254146533,0.46323410114058317,0.05331197465253201,0.2931318906279301,0.22128520337483143,0.07919198744295855,0.15171084065642607,0.28803447926869996,0.14627281364126948,0.2811476713864052,0
0.1315648112647828,0.2964638026844382,0.10901558361111668,0.20688538659666889,0.17285282216087133,0.0,0.2083877648159912,0.14213602906444855,0.22475321393310596,0.2502067360578225,0.46215183315779007,0.28656507965890105,0.2900935159580246,0.3094736602263094,0.3546170214689351,0.3045135344625422,0.2838055629308943,0.33534963022757724,0
0.0759784755747685,0.4193400608979131,0.10942657767684774,0.11305417053270128,0.22188571572071625,0.21181522334408986,0.06298992643397483,0.327985356819108,0.3315282909671923,0.37648499153964043,0.19798536042665618,0.24525007420330616,0.24634874021168288,0.4525594529762157,0.0,0.13516667812130762,0.2506649011350157,0.11973157181013966,0
0.09183646769466874,0.3718367539149781,0.10087780678931199,0.15820937130310875,0.27753818986410556,0.43804276096078953,0.12953483774470118,0.26772213441034626,0.2687224562596409,0.32888319733269256,0.3920836659614907,0.20151096831976723,0.37142190895155397,0.4096386062591655,0.46407510146458875,0.3102307959665944,0.26889242924231604,0.1930498631662157,0
0.36113293005382524,0.5071298247938496,0.27516191611707375,0.39806109530385203,0.3743293540689747,0.17732322980100004,0.2531961016571479,0.09609464443552154,0.22540692803660378,0.17485715570491311,0.2016536851389238,0.1600125962343596,0.21554838301653192,0.31386792235178973,0.23566097074720052,0.026275216269353724,0.16046553221218168,0.06767207769300973,0
0.10904920046986719,0.37013201102150983,0.38616606934799524,0.07277846141093638,0.3354834057301829,0.21744209186066446,0.24274650441881765,0.21100543297363608,0.40752269097215577,0.23654547755206873,0.19440237584192416,0.19643493839893483,0.20908120529330929,0.12045573760833561,0.1933439130916628,0.26412035496441033,0.29852577039790135,0.39448468694113675,0
0.650219465138598,0.6598568628085214,0.905194356180038,0.9261281874345755,1.0,0.6168420303229452,0.5452287907642871,0.4936254526168942,0.8500951903855738,0.7861833510304553,0.6130089186734302,0.528483113617159,0.9954497199709496,0.5600747560902416,0.9018396320160047,0.617223355141888,0.7914771642798337,0.9138459100177124,1
0.17045773334359535,0.23485155912720823,0.25123440728049706,0.35375022346331875,0.2380185551354276,0.4669958913392466,0.2312153706741886,0.2214779633913664,0.2294761454058722,0.09200302856103879,0.12559277838895783,0.1863199732313088,0.3862995818620156,0.24602487287655878,0.19184269724611522,0.39718416947279145,0.4361412559470713,0.40064589530893124,0
0.5713183867510208,0.3784986658100513,0.31190593265516886,0.3190670719971551,0.4707445186594894,0.13354881223116738,0.22807207074858754,0.021143340678552697,0.3170528610594282,0.351780850065316,0.13052799373181992,0.4222096021600844,0.16373440088502567,0.20890382691801243,0.2643479098744039,0.44130356353117783,0.1470162618302922,0.2849496550438819,0
0.4213771691563184,0.48840650167462424,0.9899594583664383,0.7500143227828382,0.728560925711568,0.691859700898092,0.6923192980083583,0.6624249359728253,0.8620446624211853,0.6734704200085946,0.6073821612079275,0.7292418883623353,0.4900420505141468,0.5723295969206255,0.5974259669394871,0.6077931925014555,0.8123485566745742,0.6466831353707838,1
0.32707025801059575,0.43496920457009214,0.20582954688561206,0.41020970023608627,0.1246952618944317,0.12029467002811675,0.34032958857980067,0.06943111139094382,0.3187318754102749,0.26215758324655913,0.3786223274385847,0.24286672420541328,0.2567258735554633,0.3111117991509887,0.1704820539928266,0.16525524310117345,0.3069315327812103,0.2464854629043235,0
0.3574246994663488,0.25899875582953935,0.548010868009746,0.20619755121674926,0.05713592419608429,0.08023608457488104,0.4268809276146811,0.24080164961838346,0.26908689976649103,0.18489713440907957,0.1956757024840972,0.15554849668608461,0.30653809759961065,0.23831440989554792,0.30220064533640817,0.290732606238098,0.19889455196405245,0.07495232496366552,0
0.1924967331501273,0.16895914762767153,0.1655798125058659,0.24923563031979296,0.30557041793947226,0.08018116726168983,0.19612888869188028,0.2755421216736875,0.32723515229930583,0.24688926975042144,0.2793409760594009,0.10137731116113446,0.14058559147869695,0.2426965795259112,0.31126613382279933,0.27775639506182326,0.14814107361255385,0.22161256077421668,0
0.3043287626013322,0.03657837334679251,0.15022617658702353,0.324730031807511,0.19469708009218586,0.31967314093035365,0.1110280801672392,0.3530176029114484,0.04708642104858593,0.4082357929550222,0.19295725156237425,0.4337390226481824,0.1491385253239907,0.48097183380621233,0.13508066631673887,0.034726158399437546,0.25517239313430923,0.3980786846915222,0
0.2750414229238518,0.18931417576490187,0.23253820846273413,0.15513823521684555,0.2629614165441181,0.3201033933011233,0.22457021681069017,0.008994587573282115,0.3208445852866566,0.2644220611311712,0.13081222599838482,0.34279242907879276,0.08218897591409832,0.3754489138389362,0.24311600564233446,0.0,0.2713995504715885,0.20125691582908767,0
0.09365045516226098,0.35890001139047817,0.09539701778731932,0.07686757205659367,0.38916436220878914,0.46475267149516947,0.16993050805228083,0.3703731068386283,0.3455831624077214,0.23901775658662255,0.41029802579250696,0.23036533836681233,0.312104097438283,0.09954761399888093,0.10467644438187132,0.39028539577465365,0.3161446253888094,0.2329051748874497,0
0.0645040484800771,0.6131981910034079,0.4273808133307972,0.41082190802694574,0.16904718316157258,0.25114116805157444,0.15215646491401952,0.09255014858009311,0.17934717755491592,0.40914219561154946,0.35088944403087635,0.13359423980535742,0.21222207398110296,0.3398947806323897,0.18148343257751953,0.25955034937992766,0.2982216936477774,0.2969116662212957,0
0.35507866382239606,0.0,0.06834860480320293,0.23411851919710164,0.19330717455130902,0.09107413503077341,0.4833714685180587,0.2875047896779095,0.306977958743571,0.16695820609213435,0.33667289766136027,0.2043480686821586,0.21599881915510008,0.3233202351790312,0.05452029219276405,0.4416433431821179,0.2718867057668651,0.4037133050536509,0
0.35872930880514037,0.3418035375651245,0.3685926803100579,0.4664398968971918,0.2967822087442667,0.38190589849718015,0.30926326886028743,0.021995752002649915,0.23145756607747492,0.14587461917154598,0.27777199968452326,0.15507878088236354,0.3226817068036404,0.3677233717767514,0.3944284055224191,0.4443113873829121,0.04887710991149288,0.10611999580638179,0
0.23712602923911502,0.33859345073158764,0.2558394734069294,0.2554231305427185,0.40556365567732267,0.14223305462313773,0.252797157766595,0.39276520031795253,0.2870788669809869,0.20571364175574663,0.04526082815509966,0.0,0.49914174277128975,0.2870214185500974,0.17991122330964854,0.2919348266955809,0.136279103403598,0.21025584671244807,0
0.33920311456697827,0.3163798177115087,0.32395725595016256,0.47238269994018156,0.15056308901175816,0.3232953731064194,0.40115063349188634,0.1727989958050154,0.16050957033820068,0.21553749534730787,0.28896796429864813,0.0807428471246858,0.31616823890299783,0.08099359099051279,0.4051996990968936,0.31165201937081477,0.4795767846562725,0.33025405127311575,0
0.3227990941551144,0.2298394698341287,0.34782568683851056,0.19678043774724763,0.20131767257395772,0.47480591689761464,0.05523274339835932,0.40413774921036394,0.44854288451749924,0.34189809955137995,0.21034354367547708,0.42122824860876895,0.21138863681320014,0.16530572971471347,0.20340779869700035,0.18157675130577544,0.13640522500965016,0.38320094009307576,0
0.1836076106718426,0.16201950904351942,0.1834861062597607,0.22889951174274503,0.24370468430484338,0.1302485850091235,0.07243169841455144,0.25599307678088773,0.0,0.23792118168210286,0.1366302869906722,0.343618543193541,0.3757161852526175,0.37854949122975207,0.2084263742451235,0.11378271856439068,0.15224892197600576,0.284513281981768,0
0.23713465972573158,0.23767432639901218,0.253788894673766,0.3067219710686336,0.5541991295319797,0.2727707873395183,0.3295117780510301,0.04762279525718288,0.1918120008665398,0.39745780032599265,0.2982778469627939,0.0,0.3308827842779436,0.4801797273554523,0.010491089665624814,0.4323265210774615,0.0,0.3625598734064096,0
0.4983245381954666,0.5046637005126694,0.28384863954727596,0.316312141642554,0.39300057227495655,0.10753631212391598,0.09255999825066513,0.4007702696629162,0.28287861674475995,0.22281937048242526,0.2513347963457393,0.0,0.22713252226515984,0.15963439129681317,0.3601685960338099,0.3694036934060807,0.3192016280955893,0.297455037855897,0
0.6615009643974149,0.37484348247762345,0.8008797337883247,0.8597428718775295,0.589104183865349,0.6755851610834052,0.5674867313177736,0.814062545840901,0.7301879009940917,0.9832119487348321,0.7182821111000017,0.5880556129739088,0.9829909248831763,0.8716365307260334,0.6979897180931226,0.734591547827032,0.9024797210288362,0.6887501299095178,1
0.16092386588393714,0.42190519323925946,0.2520815221640265,0.10103629797033167,0.23560153961988553,0.25029577133196484,0.12293317682616534,0.28746083426218355,0.3649371106598298,0.2785840784874415,0.18497870927441482,0.2321833517911641,0.24945479718478586,0.2760785952977258,0.3831796914688037,0.2826327704063307,0.08167640456443476,0.18252147136135705,0
0.24218060582311707,0.4504336504945299,0.45571776159811794,0.3684787712832341,0.29049917665826075,0.1293872333385547,0.3362345950469264,0.2310374525503791,0.3172633930327413,0.174058785417746,0.22924802645920853,0.269697683209171,0.279553370979263,0.30924672573522977,0.18049660185701208,0.08880586574677568,0.44497420478797534,0.548710500282803,0
0.3917778272710302,0.325807609293213,0.10756803151590108,0.416706444118749,0.39706858272581635,0.305856968446353,0.2836861245984958,0.44903338826539907,0.0540024560473511,0.3989469428871581,0.19285519617107788,0.38142129356924626,0.2644451016602852,0.10084887719101143,0.19041762279571706,0.37260748877991584,0.2247750542416152,0.1754217502338274,0
0.17817295925143856,0.318148517619344,0.004428436054194157,0.3027648866097564,0.0,0.2227783927961851,0.35250915823821893,0.3246754367270051,0.09419074252456708,0.10964027246877797,0.1673593551612838,0.27234590348297616,0.006168017194755598,0.24841317089817302,0.28737152485600775,0.21603553829548194,0.31303851616636624,0.2768468989991445,0
0.48602423714952003,0.5432920362791643,0.0,0.23829961252998916,0.16372635617565237,0.21822738749143195,0.19979379164608918,0.347411091817523,0.2364916111638411,0.14069113429600522,0.2293377806445851,0.31177410843548914,0.10795344066816617,0.05245195732360236,0.4891291361002384,0.17290879843498763,0.23351764156965726,0.2022645513009313,0
0.1884087373043823,0.3059376873954029,0.43949387465456635,0.2893385054613404,0.41123986845325144,0.4394589877336543,0.1796031637218175,0.28298302047894325,0.19900628270216528,0.07214033905886838,0.29269130424626255,0.1237420458341843,0.3081163930718653,0.06329463002305363,0.27051915993731257,0.06151203948724848,0.3308637719646312,0.2027943911692628,0
0.1448122210980164,0.20950842950725904,0.26289384432367796,0.11893812074956503,0.2896623434305114,0.44342925729609883,0.19114454071675474,0.29741713828380706,0.0,0.24532849594181913,0.21243492568885536,0.1517802877107538,0.37977405635542383,0.21085075820514063,0.2287027015487695,0.20473685502531147,0.019982095388190818,0.11416162719076467,0
0.18365462754259743,0.21493035475573152,0.1881750100321767,0.35233769579858343,0.28252747657572397,0.297164408601314,0.3232722656220745,0.23882868758011586,0.12756288050514125,0.46662069752522584,0.3613041585555295,0.4435392416722701,0.3741446105153739,0.1947554315361422,0.0,0.10250842893667053,0.3263826456049884,0.23779024967961995,0
0.15937814101583103,0.04516359942586573,0.28875463514800537,0.004761029659224536,0.21386756858373518,0.3924249147830582,0.3194912684210486,0.3750827278870331,0.3244421638243395,0.539240138654009,0.1794112446811822,0.2977758012409988,0.19742554345448196,0.3648161523897845,0.2426110148739405,0.45626138553328544,0.18630208535176285,0.4188551830860381,0
0.37295357412650415,0.0844317185165423,0.22083147738170394,0.30609052808241183,0.35454290969374436,0.460402359113179,0.37828475099547343,0.3575786348408661,0.5660314696647233,0.2615570897928755,0.21531298741101174,0.2712829484392539,0.1401936693175839,0.2581160542921368,0.04277773674670218,0.18645771561186333,0.23615993415212902,0.36395623490236517,0
0.7622277091538558,0.7790937922628093,0.5637708137147265,0.8390399305726284,0.6858568775177512,0.3602828506859043,0.8689039971681474,0.9239369135278525,0.986602042000525,0.9781761948866113,0.8592362185729965,0.8125149811983371,0.916478593551912,0.7395536956965025,0.4190455023939268,0.6341384144692033,0.9499039519235428,0.6010021562068002,1
0.3131868700592289,0.31705574225707783,0.2965150925817697,0.2978775561687081,0.2864491002941594,0.4525084144967704,0.3822959817241669,0.12278153228820796,0.3454865297056659,0.35708480494137423,0.28779607445821465,0.3857709244603275,0.2725688841158845,0.27405612652915007,0.2645488653612452,0.007810709704039742,0.24035219273129513,0.1698099310654515,0
0.7321782063981083,0.47274636999693037,0.6146161283848767,0.6364117169577452,0.9131253804686956,0.8592373067145527,0.7090122067194053,0.7722132666120545,0.7042177002801212,0.6939949277413633,0.8135696957082591,0.8459956267600675,0.6854677235676816,0.8577205595311521,0.8397113553043569,0.999241262768556,0.9190818790080185,1.0,1
0.18834238199128323,0.19723323982201124,0.3834417517764153,0.17817391182876002,0.31796894592059266,0.2877514002437373,0.08236238610697891,0.31230033261117296,0.08037841482907668,0.3253710193798192,0.18913700282429824,0.25100407039077427,0.09468640604483936,0.26468587883257794,0.36123405015647436,0.1531641486372855,0.17713994966271868,0.30455452282809875,0
0.8523107013229752,0.4847078744353924,0.5800476703514191,0.8674283005931438,0.8545471730623458,0.5953626434191945,0.6687713871311861,0.5853016370304136,0.9267324301275959,0.998457485384486,0.46663198998312466,0.45957737507714863,0.8448587342252699,0.9905393627721786,0.9447398203412886,0.4930248030097938,0.6783818140635841,1.0,1
0.178833724930833,0.2280431819487452,0.1837593216623179,0.43301429318587226,0.28797708570330477,0.25175202802566576,0.13807300315731652,0.3386787336443968,0.17660741200667018,0.1716703226702752,0.34271375956919026,0.29647872651902774,0.0,0.2310675083482829,0.2650623544657144,0.2092484613062608,0.2692436398827766,0.032837439650918704,0
0.03854583850329474,0.17248418417274702,0.07544342529640724,0.17526149961726106,0.3393290480437258,0.20495198032297202,0.2926832058536453,0.16319984085613218,0.25782028796370776,0.4805080986503225,0.20818167063677243,0.29613153251435903,0.06213673270378739,0.4324127346900245,0.19273520452661616,0.3760640379887801,0.23521836450893135,0.32338952380249675,0
0.8741500096144634,0.8119260555653468,0.8808643519786308,0.7337842277264783,0.6035712428553006,0.5377863816939517,0.7953494975476498,0.6535861083161502,0.7371699280434756,0.7281221480430535,0.42724693305258593,0.8792957586877239,0.4028046413151706,0.9673029343007777,0.48321498960213966,0.5616465893627587,0.7563345413075538,0.9423041329085076,1
0.028439558665542347,0.19534225013742193,0.2999641777766746,0.1191463296939427,0.32575296761458916,0.3590071956720765,0.26522403715550114,0.0,0.0966293964745836,0.47634269902672977,0.18441546483659466,0.011902813224520498,0.3982296865972327,0.25160267098524075,0.38259285867492704,0.28323504102632385,0.30502709634546027,0.293561109725742,0
0.3899848241553263,0.07261877536514799,0.198043671314951,0.33532059029637096,0.291182890694963,0.14665898624089868,0.36208826705990826,0.18624721816570228,0.1567163726327535,0.308433731259617,0.2507403238401083,0.18725051979656682,0.18317577697034743,0.12162438402319622,0.20251021047293621,0.3820011322584923,0.2793460555585797,0.3650312896932814,0
0.2204352347502363,0.4469087806593178,0.2329909486974832,0.2303996077357764,0.10261923465393602,0.05381995604469203,0.23003364824846462,0.2935371728889874,0.2866630489852927,0.1922486703436941,0.25243093592163307,0.029534800560643948,0.3052200424834574,0.26936870137240554,0.4868393073019429,0.2508975575714857,0.1368796777424705,0.2439132239093417,0
0.241566169358278,0.08207131380610946,0.29623791417681894,0.24879797258604408,0.47971904903245377,0.2196125556859064,0.3901604062391909,0.09794939162440294,0.126638884252419,0.3365994351771388,0.38004769367288493,0.13511287287107293,0.25288928877806943,0.08421049917651066,0.22825362084334247,0.35043073427489513,0.19780498010366263,0.22011583528674367,0
0.4756617991156146,0.8931873941178707,0.6732401465797092,0.7213495513484856,0.5367719541577596,0.4392646737046649,0.6336602128357635,1.0,0.8701048093260701,0.9802930393181369,0.825649057828064,0.6327281805008873,1.0,0.820313451045557,0.7855769310453539,0.8972753309124307,0.4908162197435316,0.5617175545515246,1
0.286365793951926,0.32083846875836686,0.24219451927374291,0.390369541718262,0.360963903612375,0.3035369205097209,0.3613054932776252,0.3400508265284292,0.19726437839837319,0.08873213059703997,0.30044345510111486,0.31553070769977143,0.38085663893662786,0.13764144699456476,0.1412282728867404,0.30518803195693245,0.2414599613376296,0.023708606731464632,0
0.22417066521086143,0.4638752551245654,0.22434437657800527,0.033942556991898326,0.47716586625070523,0.3318871011775351,0.24159845694246396,0.20542987167015175,0.3798822315750082,0.1849619919728569,0.3877907709419186,0.31506343428691075,0.279361831058482,0.26746177664027143,0.22900383559429863,0.3754768144251119,0.1461588601477799,0.055368984780374886,0
0.6692051899538537,0.780110787756902,0.8346168440693359,0.8263236686585882,0.5870597772360671,0.6634819801609726,0.5920820562590519,0.9142899019391413,0.9241110707156364,0.9127493291345828,1.0,0.5923981806156148,0.9053852191584529,0.5559219520718632,0.4749156371321953,0.8239738124161627,0.22949171257403073,0.8683582240140403,1
0.23570993948785693,0.2343266702522481,0.5506374356414098,0.2094887835462242,0.3688272390473985,0.46739886238431416,0.33047369029461154,0.16914207144623938,0.09586148968156649,0.33945043392570456,0.4474030268387739,0.3155155714634944,0.3980137784723381,0.5610336457285704,0.35048491412687427,0.11792405610472989,0.25612729186053457,0.41442582322253807,0
0.3469628815374338,0.18156599898251619,0.24523822740560794,0.31884040395713076,0.3505293884855373,0.2407027342547739,0.1819829743471514,0.4401048384853399,0.1213216342577251,0.13704018932404982,0.09074466285983035,0.13677390164508113,0.39968138525428043,0.4036999307815844,0.24111453586417964,0.30955772746681365,0.2487394506851301,0.1069627808856454,0
0.5176835375006744,0.6863439274795972,0.3251682355827688,0.7580938134678687,0.8275766256236051,1.0,0.3984376702815916,0.5241492140434876,0.745944624337613,0.6583060664368239,0.7509981871532347,0.8321404581126838,0.4893682096884494,0.8426183758641316,0.5018020316972907,0.9675766564088946,0.7571962966428345,0.6047884747859341,1
0.20674604162076465,0.32775796764328713,0.28353569340044105,0.37047239271656424,0.2945083053733865,0.14630944312261807,0.18991695713807316,0.18245907126545718,0.22762359080578579,0.4653656429697506,0.48458795099771534,0.35039214405359026,0.26425165562003416,0.0866017336594726,0.27640099668761003,0.1551991244275536,0.4456626275879104,0.05726731722514128,0
0.4079617841445593,0.33127091564238553,0.14884481609849307,0.12757313118752883,0.21080754440840882,0.2572918117173293,0.03778097613291373,0.30936317602543073,0.40449547166181665,0.3191768967797053,0.1688736636634918,0.15467159231194114,0.28598228130088943,0.23160355415941844,0.30316494091070895,0.32220656471267617,0.3810268634673595,0.11414518852845737,0
0.14188319561316268,0.19045106578879026,0.10668633713069847,0.20161161553986368,0.11510756785374773,0.3409490130439541,0.30750735637546933,0.26802751377692235,0.2137669684383318,0.005477588043672987,0.1950152049406185,0.15862521475751512,0.27967290607186257,0.3243648602565246,0.2889559194991704,0.40156459709519055,0.1818022918737892,0.17682689424152276,0
0.21704081382308293,0.4237414264216336,0.23123974852282175,0.32295865338059315,0.038586565255293165,0.20778904423737019,0.14843681590797048,0.5470613347954629,0.16998438914543712,0.25879348871937424,0.2651890962730204,0.05926260508760159,0.18687575073482632,0.2985719815179106,0.2602866730289542,0.0,0.1819610266594479,0.3724985993736271,0
0.406720209004819,0.27632590016366276,0.20068873229995154,0.38275464520718666,0.3014507726153936,0.43429071903951905,0.27198813246662873,0.10306371619353996,0.08582089609052021,0.44811135186775,0.45683988649399565,0.22845769440608793,0.20401752146368146,0.4253733150690643,0.11715451815478145,0.14263275772530082,0.3271992153626853,0.20264738525684925,0
0.0756330164380373,0.41209824004502926,0.1180479654544111,0.2260683984016434,0.17565752275754826,0.2142779817351735,0.1438456650818392,0.33571350852321546,0.2632988229168294,0.368038431425307,0.17689981461499332,0.5059626123939053,0.021442145739526686,0.05978381104932473,0.46037018172597144,0.3068850000935661,0.290966329966729,0.30175303687816135,0
0.2998502596352187,0.2583950307293649,0.3517421951560149,0.16773620645763385,0.13191417723769777,0.1733708571547574,0.2619652451588909,0.22350174573396048,0.3352329851765412,0.4065678039785824,0.13289939953179897,0.1619261450063281,0.07765126980245754,0.4936447588910925,0.2865603398946192,0.30757627840618934,0.08917499379627422,0.24985960131917503,0
0.16164821318293662,0.227726687823154,0.35186398432420846,0.1661483897422221,0.3446333343118265,0.34866751786724276,0.37659473136631527,0.2668649193901648,0.6389510892372143,0.37654404358504984,0.2889853149288192,0.14488907031019177,0.23835290489510308,0.4211592372280041,0.4551441538751523,0.4273994920528275,0.3442230768075544,0.09932077524453137,0
0.23459049006024318,0.6338730291739836,0.14017903715520189,0.3898259658490434,0.06607906517834627,0.2207292690822463,0.08826522997833275,0.28087310981090496,0.2567164304294508,0.21308022409797017,0.3810468430151568,0.18194812323966517,0.2892222097368789,0.34846659283256065,0.07201345493245803,0.16019027899907395,0.25646331607790007,0.3256184103313982,0
0.20821105584955293,0.24138110759038728,0.2840242125643157,0.09365933042949326,0.29887482158082146,0.19964614231971928,0.28524433426906487,0.18063388953555592,0.06122607279266115,0.19871529618255795,0.32689331405296024,0.2972872106892443,0.25371170408016724,0.3577758223612411,0.22556871849469282,0.2567531576818261,0.19242797443675294,0.36479415721041464,0
0.3868303937133136,0.2514059701263238,0.0,0.3120043382378159,0.0,0.4263924677129477,0.2703368645431913,0.36996088238463865,0.14174666341827385,0.0636991032039935,0.28129052609694005,0.24596758720526296,0.19101510086114012,0.26015935368793164,0.5820923070438712,0.35014306568428694,0.37593983270359826,0.35127242698640265,0
0.34252434601117665,0.20042680566439422,0.28270631475657604,0.21771634188872077,0.3026156349731992,0.2910029063149797,0.20408076869629577,0.09048415324938411,0.26754844683586093,0.22548766146312413,0.02315533027494901,0.3109194122666461,0.36584105346913304,0.553402777025074,0.20305629960152066,0.18535457241411188,0.11686947634729106,0.27503702877844083,0
0.21057178049492542,0.21374847619746679,0.19110675486918793,0.20866296967810652,0.3928950188615954,0.10426854653018383,0.04011298920740916,0.3948142128681178,0.22695786887913014,0.2034121249020957,0.23665394515207971,0.2751132040934952,0.18711385274579612,0.3107117353176764,0.13452849114293244,0.21378085865809768,0.0,0.390668456183653,0
0.4411256480539333,0.2480742851099982,0.29803640877984267,0.1599042072049541,0.08553975219347398,0.1767566042194923,0.5124371006733789,0.3259625137944347,0.282944180453326,0.13283519317777603,0.3593500961180615,0.08707680708234503,0.06195322603811426,0.1829335452542025,0.4845389094353737,0.4777473078871134,0.19585156860993475,0.1690961178162419,0
0.8759572172448568,0.7036443264799269,0.6568355510850782,0.8577186172277591,0.8258047906080521,0.633596128078484,0.3619978087168361,0.4875235306235951,0.4781751341875774,0.8674448191329265,0.8874034272959667,0.9838450133766271,0.42571900489177456,0.5740204785243794,0.609287185403204,1.0,0.9690397435172227,1.0,1
0.9836114512732828,0.6759658260181435,0.4946696457772394,0.9223208531966633,0.47249578080004284,0.7024715586967509,0.5684770254123146,0.5937118054919857,0.5292301596090037,0.7528563499685204,0.8971259853841504,0.37764247999790634,0.9469453648597996,0.5836323441800678,0.8116306637414678,0.7427106859626507,0.7697950545282364,0.976214237449825,1
0.11874249919717489,0.08866035708913825,0.07012331847420283,0.3279097361353873,0.2094510582294108,0.025465568461071647,0.24242932567796682,0.10014144018566998,0.4492454582767566,0.18054139340958086,0.33178071829829453,0.38067556328619845,0.13540858569315506,0.25912565410656496,0.3164161481665776,0.2638655406892128,0.2933320911171782,0.09044447277290157,0
0.3258316492467508,0.1668301859441017,0.19129836017872845,0.22400830816870537,0.2959084825708902,0.07176147423922524,0.09893638448390954,0.2501555447837328,0.3938495123385361,0.24695231160986983,0.15500083523415614,0.0,0.3643210702072335,0.16168820207314238,0.11230757010979345,0.04416097282494627,0.07730790266296417,0.13465429354553768,0
0.558201362535927,0.8012573843406579,0.8146945076392628,0.7918033122365578,0.7321155365701772,0.44609977297973796,0.38501262412979337,0.6130993949077729,1.0,0.8725680895286864,0.9705787278582603,0.8295149769342649,0.7569798091745086,0.6188056974840309,0.6048771536407471,0.8046926310115394,0.9318776062364702,0.8458959099617598,1
0.17024959932896838,0.12456846623218312,0.18187334280967582,0.17550143371832938,0.3443439122383497,0.36711808603528623,0.23138436525611195,0.42171028225892226,0.41421632725181556,0.2792078699680647,0.15137298741483518,0.4390451979322648,0.24267791787659101,0.26513982357171695,0.20924739692721178,0.14322516084433629,0.07376326836216499,0.32594419882687453,0
1.0,0.4648110041232245,0.4784573262481471,0.610969149928853,0.789761638587553,0.7417326217428144,0.7812483255705696,0.89170206718701,0.7379775570138554,0.7142092386412678,0.8519741770275996,0.7960218977957916,0.9308796025416816,0.7394573669701655,0.588718458434579,0.7905759992485532,0.5499879180224522,0.2964883494769623,1
0.34172467556115255,0.24965140796831256,0.16766840287110377,0.2739789635981907,0.0480657453472744,0.05376074421410337,0.1155776697638706,0.2919432721131657,0.24960900138326422,0.3758775118666903,0.1396012177397708,0.31896014085776103,0.23633553371256627,0.13683457663108856,0.2962369204855503,0.2420785770105721,0.17450569670255217,0.255039890457291,0
0.0,0.3727495218430669,0.2920405868887037,0.2872233452861138,0.2864146101027444,0.0027805415162217573,0.13178008139105135,0.19579274674645653,0.16015086746363985,0.21741861404245538,0.2795439643214554,0.3707725979506229,0.07237551675511594,0.24893975358418274,0.33538524147085325,0.13911001960338165,0.22686006714785453,0.30598625385848194,0
0.31128495390562166,0.08273978175584493,0.17492510723183247,0.37908675609930303,0.292810754837003,0.21346266307041675,0.3035753225494225,0.24278893026938422,0.25150942028222,0.3288182232064165,0.1627158711209042,0.2548403686665629,0.21252781664720166,0.059727595047969345,0.13954530925008402,0.43818477364765984,0.2961667977502281,0.0911694038318333,0
0.2030834079035807,0.19364351628216048,0.17699629891205193,0.2831800081886437,0.5171473579569082,0.4098118204404838,0.48303033631462167,0.1818770429159151,0.4509625884965429,0.27727309796430005,0.3683636190063715,0.30492447496577857,0.20880793405478232,0.33633971423272535,0.3081916664342171,0.03781762007045256,0.23510509226642462,0.35468850238939353,0
0.040924241088595825,0.22408878525527223,0.20496080495706978,0.12531457546851382,0.1819126989096635,0.2662109697149173,0.1140103857177909,0.16470574343010286,0.43574824186632616,0.05767524089436327,0.22801814084714744,0.11004287610830982,0.15980358426086685,0.22627153244582632,0.13149086528454773,0.31887167384397136,0.41213807437268957,0.35100137633232775,0
0.24166883598173386,0.15483354686433093,0.25947102552198714,0.19793996309099485,0.38086883048486175,0.23060490831701952,0.3335597057682058,0.2743856514753631,0.08175147529071342,0.23912101891153895,0.10172510808055799,0.23702549941396944,0.16058430193231732,0.295835564018177,0.08891747950405585,0.25176421903353247,0.3186898699075833,0.35891146831707943,0
0.25879303775028356,0.2545027878807518,0.23909548844488446,0.24630009830989788,0.22427498683538633,0.07696255172319846,0.18801871094070005,0.3597548864784216,0.0857998842938659,0.22725333861528657,0.15162952854749873,0.26336205152777337,0.2033640182719818,0.42728723979696026,0.31078997850283047,0.09258362010673465,0.3305473613936438,0.15704177724855245,0
0.052496262995057164,0.41722593873568437,0.21032439618431997,0.31002084069315217,0.036228866351579125,0.13888215690899808,0.02131850252123449,0.37254273925613823,0.23077543121499763,0.3185565944123483,0.2576096418796091,0.30621700646948324,0.2095069767509768,0.22557452926313123,0.23899210974289092,0.29867579859126736,0.30185421054616335,0.5873724260808812,0
0.1784303909906882,0.41366638892248686,0.24979064110957583,0.14729050645697042,0.2224431707442592,0.3978313989049447,0.19898294368194733,0.3639469358853798,0.17495850486741743,0.15812035638672325,0.329151689271315,0.14512329272251112,0.34870483001940344,0.29219511988280195,0.14516872786388896,0.24142687072067992,0.1841470851328555,0.2918771868002872,0
0.2833999527484605,0.08487480021122223,0.17388028077693451,0.20626858983229102,0.19953899878757309,0.185944487240895,0.2508648472451644,0.1857693320043306,0.07450511381750169,0.3435843535027332,0.3403446600578657,0.35118091720272027,0.06511186044831019,0.2858701783100981,0.3311174626968308,0.1262557517872498,0.2511007897818555,0.2360480025627561,0
0.20168924766944712,0.17955707307195407,0.08280609935735236,0.4411001960406755,0.28586176533260726,0.2229433558359714,0.34091653954188916,0.3065280729819269,0.2830828879290457,0.33219976873201923,0.26607216925103877,0.33042657483899096,0.34037347610533303,0.2695262482039364,0.22355266078046612,0.43364773617446906,0.19265181522718797,0.2969576320512815,0
0.8505038960533874,0.670952472345085,0.5947651549895665,0.7952807644536846,1.0,0.6608352768729155,0.47386654739287065,1.0,0.8047314967943615,0.7229327047532939,0.7389001817272032,0.5759428088338363,0.6456086179310346,0.7860216242767434,0.6394391351038504,0.7979370350852792,0.7224058038882293,0.5297603434197314,1
0.321959064906443,0.16418308858205433,0.3346040796892003,0.0,0.15964650418801116,0.15113301463584994,0.25939848300867174,0.22566064436080005,0.2330234687656138,0.22903365638726336,0.25268886891869047,0.3148157160349868,0.26791972313228596,0.215877782007453,0.29820979357657385,0.34913482523833167,0.1832768931132845,0.24287167231927892,0
0.5835926962839773,0.7984158648922881,0.730251736108838,0.8815493615345482,0.6707719577263358,0.7324016928540728,0.6754819539238456,0.8603177543582339,0.6403699297292234,0.6645308719832069,0.4848532301250352,0.8481734697489338,0.6193330397999507,0.9307933590525781,0.515016065959973,0.5007741396126686,0.6333351602174663,0.9897529850532192,1
0.15453901873487103,0.3476047227367991,0.05681785800016734,0.3216458867874424,0.3132048033386672,0.49172682798423484,0.3754581910614847,0.29368602849973313,0.4130959522183552,0.31466847293378397,0.19479159344473573,0.11264730675413662,0.18167612755683032,0.2451911350543459,0.27100220864195246,0.0,0.22365275980912067,0.25342981234593337,0
0.14912067612548396,0.21272384749940235,0.2904682574228976,0.42023623744767447,0.3636922763864889,0.10371197230539,0.3686238901883926,0.30705256138328424,0.17503347992638052,0.2718516515423883,0.3186744620379879,0.25564635373874506,0.30762920009880657,0.14644587796914393,0.48913984530958154,0.01848583252261296,0.319342146799377,0.2940116155612387,0
0.0,0.13278298083100343,0.3821029568057547,0.37035962805408695,0.29491818728441205,0.3558637167931813,0.2758125081305756,0.31664738889307775,0.21212155493912635,0.26389752195065114,0.17411555363010134,0.40161800130187764,0.4325871291402642,0.4155895360836488,0.20102694859865652,0.1355471152761895,0.4032368392900196,0.3152688643109695,0
0.03974752652443428,0.23186772665956706,0.17262530810189403,0.3152608235000615,0.377176825414264,0.28917114555040474,0.14530359488086492,0.17067839944033175,0.32446850393594256,0.33640878078513126,0.26691428469248846,0.2655749103267485,0.25601470429222606,0.28229158692966766,0.3359153170206175,0.32561988486838356,0.25283025206601,0.24411406992071966,0
0.30147584693526386,0.20885864165081958,0.30756286367170366,0.28845394166152455,0.3725059385202969,0.1841985354561978,0.25494472801379436,0.24261811844744352,0.3344977769967742,0.12697849666669891,0.3720372457885427,0.30595945266045,0.09196899116404644,0.39499153905766005,0.5180911696957278,0.3702200763459289,0.4212381720671763,0.2602445657923106,0
0.2648818382326726,0.3957665769397337,0.17795410853003787,0.3420806437264688,0.25502253709389733,0.4289879819738519,0.40490697431672895,0.273637516551112,0.21852608547807273,0.3107927091615347,0.22834599674474007,0.4516368527174002,0.25941640938124144,0.20132288409845953,0.19484618967112893,0.10443572977615512,0.31678709537119876,0.1515986556832597,0
0.20117625825343535,0.20504436459069397,0.40716205440000325,0.26710404427497547,0.3735315491276654,0.2862009662571662,0.18571992745215216,0.26604601692958146,0.33753116007186074,0.3932081591731097,0.234122792447868,0.05229872273764671,0.04386372910937178,0.21083048678597358,0.0,0.4654125358884197,0.321631987767968,0.17371995886033065,0
0.2676662668672593,0.209313584664468,0.5525862378050879,0.18608120164584602,0.3079769205375568,0.06989612810360304,0.2659382071745695,0.21554753734824675,0.3310822463013315,0.3342103642437595,0.4200398166751991,0.4105083200977986,0.2420434085451963,0.13667366289971367,0.15074723804527845,0.28632855712263766,0.2689343336064515,0.28095119089375425,0
0.1409508012776533,0.11988952988954882,0.2740186906106231,0.2087641228489185,0.43559766199807315,0.227828353598758,0.25704645906934404,0.08337958383335548,0.20671609297874324,0.2712389686081583,0.2052657146544176,0.19172457597109213,0.2892291550738388,0.43177879378731876,0.2673963244369393,0.38730235401677654,0.32459228530225387,0.38012240496014205,0
0.3595803864768711,0.14679025966915243,0.3582043081763904,0.27363480979855564,0.267141033103837,0.3730955377775105,0.3512030461527747,0.08145785289141297,0.1199183625029876,0.22245802015895258,0.2927167387637422,0.4137490786267991,0.2578081031034885,0.4544435558469808,0.16519893833369012,0.18549056148646742,0.2133180994567647,0.1519326969240374,0
0.190632142321296,0.07350234245868165,0.30813441165459343,0.15321477339790657,0.1857097378499355,0.29161421639046137,0.21920469574549403,0.16544160284387965,0.011267389033128572,0.29409110150413775,0.2594791561130082,0.1879135050779952,0.1255121073439784,0.25153149743842296,0.3076566112630922,0.26173106575891647,0.44656786245905833,0.33457294031260343,0
0.5974255076155458,0.2556166410315928,0.4302388223561468,0.16606532012886438,0.4005853731915253,0.15309893830849253,0.24779018421524557,0.31442531882021085,0.3333077476068732,0.09729380294486947,0.1459573691370647,0.3233740094525075,0.205874012414428,0.08231817893663454,0.24148279185911328,0.23572341926514745,0.27122979775706835,0.31350895851367594,0
0.2647509541368785,0.31091601094080296,0.2984355007357485,0.3988876390371431,0.33656948482711524,0.19684654236281846,0.17304795472001827,0.24402950228862008,0.15878782707049033,0.12373693584083834,0.0,0.06408846906055476,0.4882487633333829,0.17121997004442674,0.4784152359785374,0.2983785521386696,0.2440290374036674,0.06992738598145196,0
0.4614131656684271,0.2818028289004339,0.0,0.28427152447993587,0.22664334493611576,0.11787849582950763,0.2924348597669233,0.3555717673752827,0.1697807821728235,0.0527520627025731,0.00859933125485568,0.17011778876976136,0.23133958368882285,0.1880793323635025,0.16800614888051418,0.3181479432553786,0.3055391255375109,0.27395120833122305,0
0.2417966625010125,0.09146680684727498,0.4916418963636854,0.31428389791628397,0.27506881135649863,0.1750639246792468,0.12956629685801865,0.35319837376570434,0.2308165137898555,0.32452775014874735,0.08774198395586202,0.43562258127719583,0.35816529224913246,0.2402724768682429,0.3061150502107489,0.33892052314417787,0.08956233395026361,0.4513392269665504,0
0.3763073304707214,0.29656118677969284,0.10562665634319848,0.42931530526299166,0.21852866331766146,0.4666445280280679,0.2818464480235178,0.3108169622699978,0.19476347385249637,0.4188346693338171,0.32301206611523303,0.42314700310175457,0.2713049438256448,0.24435536088930404,0.3214156195478573,0.4231048610909449,0.37200811686870067,0.26658685685851274,0
0.15977890320276666,0.13189105702238985,0.11778641361102171,0.25140284879978425,0.35174222277885103,0.4067870129184813,0.19173314603651787,0.24535740795036534,0.2374974935918265,0.17376637001618334,0.3382899435712743,0.29354178959478705,0.2670187810143527,0.292996652703511,0.323854149754898,0.3226524422956466,0.14938120526537713,0.3575594258491535,0
0.358644164997589,0.2966903789481525,0.3228570959953221,0.1953520622991223,0.15829022272179422,0.2607713050263665,0.3603001819969803,0.24395415934195097,0.1657676412841249,0.10611782903219696,0.27449956183885926,0.18351189580857546,0.24139112951323122,0.22134654613016086,0.19666828303785455,0.2852564272911415,0.31654049009729285,0.485833473358094,0
0.2906726226954482,0.5412966453205131,0.2622907372862694,0.4254209031272319,0.16116047609935458,0.24494967380363358,0.32434782473506507,0.29767939699154367,0.15803335838666072,0.15285790514432807,0.36859412837231903,0.3929860975180174,0.4314572269746304,0.4664716579903441,0.26615433235871155,0.2126560906922088,0.41211891265341627,0.33556831382219043,0
0.20513020805749466,0.3384589070028655,0.3105740514982589,0.19273613562727415,0.0,0.16901828438061023,0.19207665788672346,0.1411472874756686,0.2004189060232354,0.34798601538342616,0.24552442564521829,0.368763525748593,0.06899534972255147,0.21339231304540676,0.017317346698599967,0.19881069641957821,0.12452110536427918,0.40375034001140586,0
0.20190981010095274,0.022755910705715587,0.22311321825941952,0.3076328017894847,0.2910353382473255,0.29010671045679354,0.4292786817228013,0.11622513139574508,0.19915499819791904,0.4354064845612483,0.01391801356428593,0.24355666633566767,0.3974705338284441,0.3956819501120872,0.32921396474156234,0.3322527162114033,0.12507722523338377,0.41478125007150224,0
0.23567605608677478,0.05549037780302182,0.0,0.363131896147033,0.13180060867306698,0.19533665859958835,0.08362692960757681,0.08080363562993492,0.22913947598864604,0.16245073670372243,0.29535651975936383,0.304304610277551,0.28850195755895286,0.2786320949114132,0.4393321845918263,0.1218887477146137,0.24340781605564987,0.3859227784623507,0
0.05561536067298761,0.0,0.3702094477181809,0.3925270111914324,0.12752523765839952,0.026819751214524568,0.2618841785208641,0.36170058716206355,0.4657113426921178,0.31195570865217415,0.20539399640971662,0.1428243254098165,0.25137415500047855,0.21408823553376924,0.12819185131254207,0.4958506781035944,0.46422020824865573,0.38632584202665143,0
0.39511174821104533,0.4385602979298841,0.4383998181998736,0.13023716880473468,0.2077281958060277,0.30764011550576553,0.5538285613290612,0.4276119044456699,0.3843276594398056,0.20346544533408512,0.14401604426138506,0.34466894600598874,0.11792064829187679,0.22138763788236368,0.2362266461197693,0.44114945069473693,0.2074363236448387,0.0,0
0.22480498766772,0.12657218218616204,0.3427790712704238,0.40914637147092126,0.02074855763359229,0.06357512590917686,0.37034283697299847,0.43837556087508867,0.0,0.34785238015346004,0.44654558637385355,0.14651052810006263,0.4395601392271853,0.2286406862943993,0.2877564508687744,0.16369200225434935,0.3701234231225667,0.350134254113856,0
0.2531872823177227,0.1624158900484911,0.20247609541072709,0.4045290139468053,0.232123483125073,0.030494676674323123,0.19919899247988654,0.25697358089606465,0.2547627438947592,0.31672449296156974,0.30692662897065687,0.2333408681768817,0.10683522901054801,0.19706328980349253,0.17526681320538423,0.2157875436776493,0.33294022423094644,0.2984923299476503,0
0.49713455154600217,0.7900469448354447,0.9644283903784348,0.6226765306747649,0.6408639601070558,0.5846146738725257,0.9999886627893864,0.37644471558583553,0.9514067801040406,0.8278773212853714,0.7071092784240763,0.6586857630509079,0.7631281586667864,0.8973545409777305,0.9105089645857823,0.9178194677029388,0.542986372840186,0.8401440537961269,1
0.6445400500431092,0.9379826141084306,0.5490148681657522,0.632835843222192,0.6648937956394798,0.9952944818947961,0.7440586428241714,0.39628209793361674,0.8912977749466222,0.6333432134686042,0.6750466700217559,0.5585251814916812,0.8755663346431941,0.5509123657662802,0.8727717157115253,0.4278588563767312,0.8558427267670345,0.792757329799863,1
0.3589860917000848,0.3925014248984183,0.41947142471765875,0.0922238004331378,0.11044017115498897,0.21524255278700244,0.25963438492088514,0.22138983953716135,0.18368328037809406,0.21346981117631533,0.3079976586919004,0.09044530638495613,0.5312028607104523,0.2525192252061159,0.376101687307447,0.1803994126042591,0.3189219511029722,0.2620109287394291,0
0.21465174944060664,0.0,0.0,0.12782588661775773,0.3137467874311098,0.26365594784083557,0.2721240048610797,0.484113217922403,0.09770924621682253,0.24670799749795316,0.28653226273765786,0.16164722601539974,0.2533992094099529,0.058006079909878605,0.4191887460730033,0.16820625369634795,0.49376801977342033,0.2461030811299054,0
0.3610773545672911,0.01272655295591646,0.4124602656151729,0.29704745399004906,0.3712937660806882,0.29645941349396354,0.25587097896161876,0.21696289451655346,0.29405732522634465,0.21259025093145376,0.3541451320078135,0.05962520265373597,0.18501089658468667,0.4953787898171976,0.1748703443713129,0.22135795323238264,0.14409028799799084,0.29030148074629886,0
0.8352694621056057,0.33738945763153294,0.9438797506730052,0.5431556370043864,0.7044688513436265,0.7060207428819231,0.712830135582746,0.48354449686952644,0.7473105060622128,0.7057528696430542,0.35199872794870285,0.4858585636297846,0.8812557641332434,0.5786774360770178,0.7737734223523398,0.5972133428509788,0.8488102698468122,0.5034778756459595,1
0.28804845429626147,0.2939257356999014,0.12292699741222102,0.2431637055017667,0.22837995424847907,0.3094372050048919,0.368715639452016,0.26805711064103377,0.09685932539336817,0.26290945714801217,0.5633291474091116,0.4475206392385343,0.0,0.2576011784433814,0.36185434303064135,0.22812075849184246,0.19478908958273397,0.2179642941899814,0
0.2561865475989951,0.11236447260802845,0.3014563861400692,0.38576641143499724,0.24049551508143863,0.225682120803975,0.29481284238586836,0.006583669740214626,0.3144180947917441,0.6222262964493837,0.23527885346623356,0.23570499595404032,0.339232840011962,0.44743992018375545,0.3669961413320962,0.0,0.3176078605195296,0.5586316174290009,0
0.0,0.37534114519255274,0.20896337231678308,0.14605763042416103,0.17935382726164384,0.20022234143607648,0.40566317088324877,0.26918934871810174,0.4040318356129763,0.3093064143134195,0.21289231312594187,0.20315713561488913,0.3173930500899521,0.34845107551992505,0.3696151222841043,0.21861537863491085,0.2710247027685367,0.32008484911063917,0
0.40387467997617493,0.5659093809124829,0.7917024375593542,0.6428154834152731,0.6409218272986643,1.0,0.5842217528399516,0.11060772088487503,0.8538859512449859,0.6422259145096072,0.8525131710242245,0.8454788769732002,0.7545150097970562,0.9843452340658292,0.6802760920805593,0.6371277476992274,0.6479296625507486,0.39401374369336367,1
1.0,0.8269259269611516,0.7795165816619399,0.6282225986571899,0.3972794924361,0.6312276716303491,0.4450859027231686,0.7424435195624371,0.7786641967980716,0.9485912966158279,0.932146047600473,0.4504766014435771,0.576134824973361,0.7172713309023863,0.7675085983047266,0.48322246808078817,0.9353753762362748,0.9977799820473146,1
0.22084905020641424,0.12551367992173557,0.12567975821036786,0.19574186611178124,0.32633801918152927,0.4048637734263522,0.20365981935610483,0.1287827734978091,0.307436717999177,0.31095562947150246,0.27884516026641404,0.2830887775488079,0.23649202643875822,0.26177810254670575,0.2282018645651715,0.3784292472444547,0.5174151400847052,0.2715583782048631,0
0.24750047186129812,0.2510372446739078,0.21800324532283466,0.4171907684958397,0.2502887062072348,0.48635814539361666,0.2826696497953043,0.25261118089567924,0.23256076481746743,0.3177096279622214,0.17939279525113527,0.2674890878846844,0.2509764416929382,0.28902972391182274,0.2920036391514106,0.2982393856220696,0.26138856954079503,0.43827321908192485,0
0.34938632796227514,0.29801569330108435,0.3047246376278484,0.42678272754982716,0.21208699970058373,0.3231502817695192,0.257922681661177,0.23965185343976703,0.4067950998494675,0.49982552360824495,0.19822400045639027,0.35004635098238596,0.2882940295176173,0.289733490694053,0.2796613274840185,0.21003064102466104,0.0,0.43417711895181865,0
0.1529170262124337,0.2646222080829979,0.2750920113009974,0.1648123747394181,0.18774450107148857,0.27599398593314695,0.1274705858416445,0.1775160559069983,0.31407221686703996,0.24713967640091833,0.19273565872529447,0.1416316817221534,0.1284146377873122,0.23418934222354387,0.4930975027883797,0.3178943970889476,0.0900562908526297,0.33486594008787474,0
0.26828985538705064,0.2005997905027607,0.27692085465313304,0.11358142929838858,0.40707317878437566,0.2723912973409634,0.1696651344147342,0.229984544068855,0.18675565215236611,0.40740039721802,0.2257311892663529,0.26864388953387114,0.318847174798155,0.16110800754825494,0.27324513593621885,0.28293226832730517,0.06351054147752547,0.2803235786533132,0
0.33352057439778404,0.23272334689346433,0.1541998265513408,0.32197921305527816,0.24232172132457216,0.30866920141093657,0.19553681699749764,0.10490544343828528,0.4582088755017131,0.4355933692916289,0.35605419535143534,0.20346271775508723,0.2139618432206713,0.4158792935075758,0.20754039549191042,0.1740932756383243,0.4746681610763744,0.24427867820633534,0
0.13405775535130754,0.07361709806714381,0.2768671248481669,0.44361291522704305,0.2743799772089246,0.08406860726886087,0.2770140072446083,0.24359884453039266,0.35368523512890765,0.3228079812894072,0.0,0.31542906453141484,0.12958247085950997,0.07939255102615614,0.22738319075517235,0.2993165330836014,0.05311184676558109,0.3345491700469062,0
0.6568170921788635,0.9301734423566427,0.5448262079569981,0.6167317621824553,0.8909143249177762,0.9300414958148961,1.0,0.6044147570739308,0.5637715500068763,0.9388250596998731,0.8892434004961244,0.577667763403662,0.8072648084213307,0.7908395331085512,0.7388395931351637,0.8862297848846771,1.0,1.0,1
0.9493276791076506,1.0,0.7267349116071133,0.768704801365544,0.8366752949591134,0.7161964599579723,0.41433152861435085,0.9033252516070289,0.8289348681993627,0.9858714126218225,0.5433721370973699,1.0,0.7474449388407951,0.8355344675913354,0.4855823316352079,0.8419450320835021,0.8473049531532502,0.6366581718036031,1
0.1659511388483057,0.5123263439912338,0.08029626287380315,0.30961678830286876,0.0,0.08785273817325889,0.35643247376798953,0.2543153104395707,0.20482698095340654,0.1522772770774105,0.010414895243788913,0.3332087063471965,0.21602231564109142,0.06737617905836152,0.25362269674123405,0.31974976184921533,0.22591915718495523,0.26391912199749057,0
0.19550486033945996,0.08049995192616416,0.21566641817601534,0.31540411462416396,0.24207739538395115,0.11807579161015702,0.06723768010380224,0.503421512257668,0.28901929036498,0.15111169964801363,0.3054140151643452,0.5127023293367303,0.3244554831575074,0.0,0.5682750025584331,0.028090422365154688,0.22527856655478015,0.11399148399605796,0
0.9195911102459573,0.8244104027249672,0.6032208897588751,0.7639224034433115,0.5971519380280063,0.8802710873550773,0.5714912055345274,0.8791272917332973,0.8346425683423443,0.727494185465426,0.9113675542178551,0.8176780048106249,0.4556373869939787,0.7968533770952982,0.7407852105658245,0.6528143270207528,0.9652003645922116,0.6927595794882491,1
0.3980254808407998,1.0,0.7582184067424528,0.9536441501589614,0.7765559806572435,0.7972461078191097,0.8989062434247534,0.8868860821905996,0.6815079818286258,0.6716677857903541,0.8030453457247045,0.4243651102206503,0.9387440285734044,0.9096732334123616,0.8342928602379922,0.6018896138681048,0.6314335808178194,0.575825433013042,1
0.10126184942763641,0.004470763491827651,0.11805916160218047,0.13971033260273757,0.19447824539385156,0.4531492054153255,0.21797880734820715,0.22989101947069426,0.3111106436558731,0.2215218314720128,0.298018355666405,0.283673785234208,0.2647106278719092,0.5819759301302749,0.3593351012853222,0.12019336183519233,0.29442666234269965,0.15499158320083356,0
0.45617199954877863,0.22123434657630378,0.25631344910936565,0.14615468075121896,0.3359957279767786,0.4140015014461939,0.4449397415148107,0.27440374296348524,0.31892251399350824,0.23157396133959543,0.3133622415633427,0.28767581829990574,0.2569917264701785,0.2665304430732555,0.30423067400723786,0.2147017078185323,0.22090038495063602,0.4548834416405864,0
0.3094328799502595,0.2812162489121621,0.17925761196813475,0.269336002214185,0.19625984054860537,0.2070634251860186,0.05064737166722402,0.2470676518160414,0.3578912207947061,0.2568910929735623,0.3808609312986916,0.31963929351340203,0.2428550432403736,0.17464893363918177,0.1916483541566315,0.07353874312754544,0.21795053318820087,0.26751985102769843,0
0.26816163203880894,0.2734338518187645,0.044743834051206965,0.18478596072358916,0.38768532181597715,0.0897451779568153,0.0,0.253877856542509,0.41448934089699735,0.25508574744353507,0.20966504768483876,0.026981447471082415,0.3042704947242632,0.32935301306596537,0.03619210010786797,0.38614389384366626,0.3418834631070531,0.3858779131056814,0
0.22611140060882826,0.4427682414293836,0.35160247582917914,0.25496019421627636,0.28159475493491315,0.23359211002450014,0.25626870218396514,0.24476791178959076,0.29578403574837886,0.4587968561692557,0.10537430596495173,0.3870825716210568,0.20581186195464785,0.40235957779177667,0.2099865564383009,0.29953044118483035,0.23093869014455645,0.04232894519460892,0
0.5119985598355108,1.0,0.8255518628716373,0.8768510474150563,0.64433347379921,0.43750871476084036,0.8571746458880874,0.7160791135546472,0.7207339995292884,0.6583993187034093,0.6631984824725063,0.8616931381103311,0.9100497873325997,0.6607095012234088,0.44060996438710204,0.6864991152219563,0.765596422310057,0.5877403939167729,1
0.01315807883096784,0.37723926457356327,0.21755241330359698,0.3387557445983875,0.5331726321195533,0.207610756980687,0.19946164208114137,0.2642397003668795,0.36846968235800914,0.181994436962782,0.17428460834414433,0.3768627124289639,0.2954367188605643,0.004632608439421537,0.10295298406370704,0.43014830365926526,0.2982313939694575,0.15853648827553013,0
0.3145738524404711,0.4104877728931292,0.23145931849001194,0.16648688659951563,0.22313694197434006,0.2790996149525466,0.2711888030144453,0.11987343133199602,0.2608587737953449,0.27738739961666864,0.5520968845040705,0.47522135335380045,0.1476107979329416,0.21551399661409887,0.07438695977955964,0.17911515832438163,0.28787260043084084,0.39470243450658804,0
0.09894322483787962,0.3757635493140703,0.19403001927910785,0.11694364300743529,0.27753524373501154,0.18731050822827722,0.19350140106693567,0.3387191230809884,0.11059199692787841,0.14135617447818014,0.26848959905786424,0.3663291748897846,0.398579236178782,0.17019259355660524,0.36248523603035776,0.15590292478355094,0.46914512162881594,0.11394747694963259,0
0.44369367076293853,0.26210818421764814,0.17521249798646382,0.17543266077434583,0.1721052254034091,0.164924917474499,0.09602226368756084,0.06994955173353898,0.2265994746814697,0.17884889556155206,0.3828591142531954,0.28516919839203,0.28183812160935795,0.1608255510934659,0.23547659010640293,0.2933201324357728,0.33594348876552105,0.23873298081779615,0
0.4599458594540826,0.4154872411882397,0.42594610888266005,0.2450958232842673,0.09528082825211473,0.5478724305378895,0.25755435222592243,0.3974449676769081,0.18396702027709336,0.36567069310547673,0.0,0.20074679307988552,0.2381906699929254,0.30551305219662234,0.3786429611921329,0.11870284940436215,0.3291961826704245,0.39720003719640895,0
0.5216608323123582,0.24467900577600493,0.2621239987029105,0.31602865247478457,0.2360451417991251,0.2939231222972896,0.2970654003193377,0.14853320174877677,0.2387143946140398,0.33903195117882956,0.3614291339875714,0.405820198743313,0.2902523280139353,0.2926942853493329,0.340022183825755,0.17862757437144305,0.17370651376130053,0.23502425708147218,0
0.3891463729982251,0.32239856566591446,0.16696368689220353,0.20907060933853813,0.0,0.23602388123600862,0.346325222523998,0.22149939051016918,0.17919036492912072,0.21427036910686006,0.3958439164382822,0.2434761173327844,0.47294994116903355,0.18151197941383324,0.27606781421575155,0.19799176892475673,0.4989383696509587,0.2715646373571232,0
0.237964279906791,0.23628133983943028,0.2628526036011366,0.351755049215644,0.4153283483529693,0.24972997065950112,0.347837928660596,0.1657879664479861,0.34191465432714796,0.15856101714076115,0.3808791923305759,0.5152769052871887,0.235349933443433,0.0,0.18423124801062124,0.3978250161147164,0.3163692144430294,0.27986963184100355,0
0.17338849512777343,0.22340321189788678,0.30680078689996265,0.06244229780331012,0.18130009888225543,0.42218716893402986,0.12451479168059651,0.16011701208861484,0.2515832387177729,0.2839770711405651,0.17499951445606332,0.25923572599023464,0.32295274404873275,0.4853742188516377,0.2348506744678263,0.24504432215913247,0.43329428151754124,0.18410009700422858,0
0.22014642508623844,0.430684671377555,0.24196757224139304,0.2901216905136202,0.20791107515873808,0.269144360838529,0.2754936913323449,0.05697496882999392,0.19700880489027095,0.10201502957758721,0.20114696711339694,0.15458034764017606,0.37141854114826905,0.3728079924502613,0.31723529852001725,0.09788209225421984,0.2382238267343749,0.08833692258638501,0
0.34888068564900226,0.20391001556766475,0.431003292194168,0.33074062151160644,0.2634681618210349,0.3224015901253563,0.1689087502442762,0.0,0.17719643571162663,0.3396948348690602,0.2596259247626756,0.2335798632786552,0.14825919150667266,0.015300900890015706,0.42098147449777484,0.22505263098260714,0.1984554421723371,0.16940244794897533,0
0.25141932629619707,0.40233957918473084,0.3055681553291127,0.27130205132885077,0.18654810911159359,0.25802411810137293,0.31759050666969785,0.30569996113700915,0.23809374834237473,0.2760851588726699,0.0920125815949504,0.1618795870266715,0.3349071703055183,0.3510439541649049,0.26123183090072344,0.4274758881238182,0.31096232997536405,0.22202469785643225,0
0.20723523321202972,0.05409771495970883,0.3763813681465803,0.029368672990112504,0.1593996372760235,0.31241346789073554,0.2377142223941463,0.2270856684554193,0.10830519606159927,0.24870371326799956,0.37043949864853504,0.25239614998432225,0.1503728944430727,0.10029538472832034,0.15284865004533058,0.297080050289723,0.2912322714831652,0.15393914792851976,0
0.3710402027145807,0.3081344127098106,0.39612702249413634,0.36033084119763825,0.4326040543284351,0.2930555300687505,0.35863112817927456,0.21314475122970575,0.1778247026129193,0.4548121168502768,0.27594456115872257,0.3465856679034855,0.2648488017293668,0.1796181218896043,0.25131794710988814,0.42231928213212566,0.31662880891353085,0.044623220832344906,0
0.2718582451488262,0.23532311584804028,0.3160209185660993,0.17981052669184966,0.24449141674473526,0.12960236981975837,0.28415436487510193,0.2591089786583594,0.10617580138657795,0.2313928749754294,0.24546137520795644,0.2837214283864145,0.2881742207885381,0.1634576873267587,0.3416373589519257,0.31276668146071085,0.163050449175343,0.11287635459827544,0
0.6952795122660399,0.48483127135825255,0.6908396502921206,0.8155826808237836,0.8560459549458456,0.7979727295413208,0.6172963955548664,0.9162538589650944,0.547863235787583,0.6367743720266815,0.6093321610534089,0.8536269182480068,0.8358196420064424,0.725302183465165,0.734937200743913,0.18727258351284304,0.6424436754478289,1.0,1
0.32047091940938083,0.3213942949812162,0.16305114061745105,0.26939948636554645,0.5138617424178799,0.24788824848932342,0.16681756646290657,0.22914851327654076,0.26106125290321996,0.23185979431713408,0.24623743591881977,0.07678638436757926,0.13448434298968587,0.2320797715514203,0.2301678435973076,0.18205728701679993,0.22875836967082758,0.2573217826497046,0
0.2262151098280401,0.052943770044045574,0.3881910047588376,0.5085037880028324,0.40371852150071474,0.3802627922543766,0.2771343526174724,0.14884031551274357,0.25870336631631613,0.5026705644209803,0.20776142649915327,0.195405130261127,0.38287643909246966,0.39084232608947145,0.14825178330702357,0.21862184641150928,0.18977134049182787,0.25836272548733086,0
0.19449053832554986,0.3982574316956976,0.24509006058719293,0.2594919784654986,0.19712366147363236,0.3055440186705886,0.4119181658140806,0.32774329809838076,0.3324240353601827,0.32274762470612145,0.08437088280266042,0.14486574019610338,0.22540151276810486,0.16289631490081294,0.12225555702928026,0.02533891109553113,0.08841649442390306,0.21921693311888796,0
0.37109342875060664,0.37876111431539883,0.32782790055592426,0.07544468835566767,0.1490247816286423,0.2170175075163419,0.3435545224883079,0.24743842971153282,0.3864242360140676,0.4078283954493137,0.39390045624126474,0.39466486773763443,0.1255607314409538,0.30791625993469307,0.17709651508535007,0.052112040236896195,0.21550346415329966,0.40896843587527015,0
0.7189899629888212,0.557106854523791,0.7683952605096769,0.6205190411315895,0.7044479194577682,0.928434328391879,0.8109572749079655,0.6172549910201346,0.6931954933938356,0.7857677296185059,0.6646711586469107,0.7271786237718002,0.8395462023583429,0.9844470199385116,0.6528927386435381,0.5861842987935375,0.7181821904880209,0.8384434819854979,1
0.16976945710630123,0.2955230703600535,0.43330384777087055,0.3875188369975072,0.0997777345384106,0.21831088360097656,0.13832757343725854,0.217898497370169,0.4425291995242425,0.07928792214603794,0.05573616480637719,0.15057350158796773,0.2844772723091191,0.32449057847689083,0.302493812183384,0.391082248387722,0.03842972869192851,0.39260038460307245,0
0.3033930570478838,0.404944313277933,0.3778812545398694,0.3286080234129542,0.37843047686105313,0.256647321718924,0.449545809378466,0.40397909276251137,0.14773268791473443,0.2885881525161264,0.06432440445677773,0.43261467678828514,0.27690777292380814,0.4118527412880415,0.23687709942786045,0.027247900148162696,0.5664841049283988,0.2657306256624688,0
0.28514125119256817,0.1561279693571596,0.2909829275393017,0.06746484647379627,0.35661394875186464,0.2938960879712435,0.25667984842113606,0.38497816315670086,0.21047811289160623,0.17585726650457056,0.41470531409166955,0.4708918962681754,0.16678747526586846,0.23635081154706217,0.3754051051913745,0.2406225997827073,0.32135062104855805,0.3436484316986059,0
0.4378864676634263,0.2738257066540587,0.23717024468382916,0.0,0.05664873544055987,0.20268980737799283,0.11787292825045417,0.3476956678519896,0.09279748461052556,0.18984348059796546,0.19455682082338138,0.3945691700079335,0.17701135011764269,0.3042894541657586,0.273484735302726,0.3583946182536735,0.3520258062539776,0.24598718645565468,0
0.5174143909587929,1.0,0.4766210211022027,0.5488955869349481,0.5317769452266239,0.7557296609567402,0.9026179390916691,0.8146812429794125,0.9850219725913176,0.7264205532480177,0.8385698632548516,0.6653634055544125,0.761053341781183,0.8811011637138759,0.4153913427122353,1.0,0.693856080338712,0.43080704870353587,1
0.09290859371344173,0.3232890586955433,0.0,0.22326133890913463,0.3865548123280058,0.2522073058685584,0.1901274940045665,0.3567215504526819,0.36697021781038974,0.40720476314403403,0.3549210914135665,0.37976497527245756,0.33794902689250417,0.2818634378939766,0.2607410799716577,0.22152883370831175,0.10451580483283293,0.13536261894162294,0
0.10599259464570471,0.113150437675195,0.2965448957396495,0.19083826051393604,0.27480360388477104,0.3016920495136272,0.46337316872506584,0.3020469502679691,0.17577588350098494,0.3311785549823362,0.15018949599014653,0.3595786629251249,0.25775535034831065,0.2980652579388338,0.03632152274623837,0.0,0.0698290921103881,0.45949250268381603,0
0.12941357100161882,0.1490008442675685,0.4002702936958745,0.2590929793622629,0.3303704916054301,0.2982102292006824,0.2457598537247262,0.2082041057021732,0.3497869626980582,0.3894803881373386,0.3801026016419316,0.10774340396227794,0.4065893221413195,0.2070477694962826,0.1593964554946199,0.2296806763877832,0.34973541222984783,0.3148557020833675,0
0.30424259629410716,0.1944198154570052,0.48819460165405393,0.1617463216912127,0.23566827185221909,0.3266995199067781,0.3570465872523794,0.4033091825851839,0.3014195774791887,0.3761095240945596,0.17018701935664732,0.3601698352420458,0.35856749801876797,0.4315464009704243,0.04978768093257491,0.14113802612787194,0.34877691632407626,0.0,0
0.204262661552659,0.23760956434468972,0.2668630776224289,0.516176967365455,0.25106497257003535,0.38127344243002137,0.17821837935385643,0.21887208873970104,0.2515063267732342,0.15710404697807384,0.22555386632764507,0.3565661122975924,0.153956252668974,0.2500106837156366,0.3350480261987119,0.15106407414247067,0.3814496551137947,0.2587460175653587,0
0.21112375451425247,0.3332451942955189,0.3767699346403427,0.36957271745952536,0.3013132279411763,0.36266711304684146,0.35452727009376767,0.5711809488020976,0.39616804840584496,0.23935070360376623,0.14059848551837567,0.21866316942890673,0.21018581732800246,0.31137070812710416,0.1659692505772841,0.39306126058244845,0.08325243929256451,0.054096983642030055,0
0.4067213131605046,0.8674739124700765,0.6778076616763838,0.7730509205133335,0.6285091922539923,0.6819011725499351,0.7221298532827022,0.7242920995099544,0.966423554117014,0.9046537251063471,0.6926140488779804,0.5617865083361275,0.9461102852238038,0.5762730223635272,0.6581106292474088,0.908945165765048,0.9584594680398968,0.9850722368184806,1
0.19355528148486453,0.17333465821079896,0.21698292985279796,0.4293929573481275,0.14610026611681082,0.3661934025509777,0.048055627406103446,0.20981379640170703,0.26953036781260065,0.3203466797631134,0.3353471895751426,0.345201668223991,0.2081529913301875,0.19451778488025195,0.3529571057508585,0.2270434810142062,0.09691764119944937,0.11400553431958232,0
0.2517768421876315,0.43786777841097435,0.27733495601466535,0.25200174146569254,0.25881941777721507,0.2979830595715224,0.3251728103273882,0.16305550791784051,0.12308555264493176,0.4144670225685638,0.05307504466771798,0.4465296951045727,0.020718556329556048,0.17985506406027746,0.36662247647001367,0.2500410266893928,0.0920227835485791,0.30117137849511955,0
0.26319362705771526,0.05039231051881074,0.37105522470905583,0.23947804930505112,0.3447419292825776,0.33282957722426276,0.157204422278639,0.1402245513789644,0.32864261217388047,0.21361011647073835,0.36237151353597963,0.22861588685643722,0.3728091732937946,0.3007965381050922,0.28455699924569783,0.2051186561511671,0.277891313687382,0.3931423257943251,0
0.40725154009978215,0.1780962717960493,0.21660189283460068,0.06550684610480306,0.10793585648320317,0.18786399967624356,0.24328756071274926,0.4622899990924143,0.31431913659102695,0.14055057877722477,0.16264234175630615,0.4149698419876785,0.3851932418355031,0.25337798922690435,0.19689682413534013,0.38499194028455713,0.13080074479303763,0.2970436477669028,0
0.32984621307673434,0.23818174185886917,0.19920420255470156,0.24043381469123212,0.04751986792503643,0.07634650330922954,0.09127604651747173,0.1303303806878222,0.2979729072068124,0.1413425133567927,0.20462049351527323,0.4059073957343279,0.2072483234726289,0.3385018682160504,0.13796587839881475,0.2253474930558844,0.13599735341073027,0.20931603089193251,0
0.3713992496447976,0.2205135071605361,0.1720475548486203,0.09960336851858045,0.280384541235442,0.3574262082671416,0.2827985507844249,0.5186597999697309,0.42157449429645016,0.21309666823395812,0.21183670794315168,0.3063636063382424,0.1494376983489178,0.38995459678389843,0.29339206262123,0.2807750693030239,0.33243444013249795,0.4567395860042871,0
0.4079727937425035,0.22745019679683937,0.12720264630809294,0.24799616642964423,0.2918442397622366,0.2121375998503935,0.18231539087448112,0.31762386528368963,0.3097093929633034,0.2084452431607411,0.05151206016871723,0.3047653822455343,0.15792073678703483,0.27572092904443707,0.26813886780148444,0.023326308754880176,0.2597298021293888,0.31174390304493466,0
0.45749838744236215,0.27047208126608024,0.07557850257706053,0.14838444857837324,0.21575131135056852,0.20773178572064094,0.2682416614139102,0.287493153049368,0.45766335461426305,0.24955364018945275,0.1117366663748908,0.388456735629828,0.4015629492137228,0.27789317128071633,0.22043267257492458,0.32470556830588737,0.2246704223584564,0.0033149285467019007,0
0.12630235356746156,0.24316545505437653,0.3759008345729619,0.13288494206621143,0.14073101392942616,0.3170258751129068,0.22341566611230393,0.3276981628851369,0.2483623849845644,0.334199637770748,0.1257906263151231,0.2485498419054079,0.22471719827642117,0.10409308910750431,0.0623826462557574,0.3322898842329594,0.20788571413384263,0.12732636620232046,0
0.1536321826865786,0.4585050919584513,0.4926634068310686,0.311518783883653,0.3738415717215305,0.0,0.2265997101411547,0.3822598767903448,0.36094123219769014,0.10363319942801469,0.21475335521585515,0.0,0.29955914082073043,0.024000591852781167,0.38565734113450856,0.3919269832860891,0.19307598227122016,0.3125531116544906,0
0.35127268850698673,0.20648668594756994,0.19625603058682473,0.48456310184934953,0.2922954996626457,0.29067934125697914,0.205635910574947,0.17843539988358667,0.0,0.366248863830827,0.3037971646907655,0.2285000808143904,0.2335327957796493,0.3383373114713266,0.06343479123041765,0.17921424021354335,0.11364365645289634,0.4625811138984095,0
0.3422759045888495,0.3482925002694566,0.18578954159479455,0.20162047876839415,0.3149357005861648,0.15068989111184064,0.2007359214381982,0.26075113208421213,0.36951264217867097,0.1774481660584551,0.028913864556319363,0.02000830389781469,0.09887043199526399,0.09241987381600753,0.23144670896561093,0.1073343815682874,0.16566940482145553,0.15710969380215403,0
0.7262621727219774,0.7685412876788561,0.7246863112738311,0.8695568259651791,0.6316711630728542,0.782130706557007,0.6913283525369703,0.5126754590696034,0.37848851172484077,0.8049691194314884,0.4711916273910368,0.5695974020647078,0.6438050548210911,0.9367040726222122,0.6001189502554337,1.0,0.49300145395236605,0.9376582424292722,1
0.1719068913051617,0.11785561146086065,0.21592762071632043,0.157323066696116,0.39890637743804325,0.1760284583524822,0.2614769759916811,0.36796486247294113,0.4035810772415007,0.27502711382256656,0.2961155483935902,0.12796112469958293,0.37276679763086845,0.40162278907567206,0.025557631309705564,0.4615534984642746,0.1659208639755622,0.3213557065762328,0
0.21629398490706647,0.40457406613972424,0.22098742050414924,0.22943901604180028,0.1500089170141391,0.13808735436846908,0.030897548100021738,0.17449417028270148,0.1312773933865452,0.2641646600388488,0.1554798157091522,0.1924490817941792,0.1957353528330808,0.24422017812515534,0.1865773292314191,0.12258566920754416,0.2602919732737406,0.3780979859517533,0
0.21917065869633084,0.140184842106775,0.35524829170014616,0.23778133392527184,0.19794522459917085,0.2276254861104077,0.16207067831743507,0.18631912919066723,0.18250500240517742,0.21551950983994378,0.32869059481817076,0.298853448224873,0.4356084888736941,0.3954074910534411,0.48477061278814904,0.3170990175604995,0.31517262668482365,0.1915101066835437,0
0.15531778293991813,0.3005498516853791,0.20940986755796548,0.31535194584659787,0.20687243835806723,0.432977410974407,0.25099683912415643,0.5404666157210496,0.3223210356535396,0.08807147941022397,0.5003795900167897,0.38184147458446194,0.29561771500971756,0.32759601474381134,0.10731438824593748,0.03347486675964831,0.24499003509983727,0.41545244069790016,0
0.42577333259570405,0.35573926121957783,0.09613485244677736,0.2489965772993972,0.28600463428710016,0.23802284401676554,0.24542728505814262,0.4380673676425485,0.15918019795739635,0.3458862835439983,0.2879729949855077,0.14709611329140052,0.12080782020957057,0.045842191182380254,0.3082692435938527,0.24241062239187536,0.15090670840278703,0.02486738506767333,0
0.5501614275575684,0.29351226630713795,0.10252850447789591,0.2263409592828538,0.4103523228793904,0.25978493852934725,0.24284495108834744,0.3362796596641221,0.2086002771198935,0.22471201890604758,0.13663905880821406,0.4574584937159668,0.1032866464902962,0.2703359991716186,0.30758614576983195,0.24836186560978457,0.0995364645412212,0.130148316674664,0
0.5542553186096191,1.0,0.4937722034709079,0.9294272260382437,0.5049283354329543,0.7751238799315191,0.8967821084736751,0.7258648823717441,0.8951544772137381,0.751414418993567,0.3510244546220247,0.8328076438570655,0.7255148984127303,0.848912595813073,0.6460989241604573,0.7931847123321509,0.5733840785079696,0.7875440657211167,1
0.37428410582675564,0.41035913745737507,0.3050776922639969,0.18922274621378177,0.3748391478663742,0.3058797642734025,0.5624041332169167,0.28721234661936235,0.33372256468169004,0.2848508669555238,0.23810816897582582,0.21894501404949204,0.285309261359028,0.31254109021766263,0.388526547957331,0.2870620669964517,0.19445329894897254,0.21077752040812198,0
0.9159513229192007,0.8058885695060336,0.6279303657408026,0.5038711262501926,0.5843040483278866,1.0,0.7322512133716794,0.7559551692519928,0.339996667336551,0.6029259397187637,0.7120481612633783,0.6303308274777837,0.7439504544395391,0.9997338637095905,0.8280814044636663,0.38355090453489127,0.5210588550176357,0.702069780969967,1
0.3824424005141791,0.1535166974646291,0.38075977746843237,0.262198149870557,0.5291430563577133,0.2882597061245048,0.23836977164448817,0.31896576725391906,0.20954245145353478,0.03456722519778094,0.22113745908746824,0.219244766911693,0.05892190473402259,0.24123577722466086,0.0019467730468723243,0.20827757978134248,0.2792315190453607,0.2616395412565879,0
0.853935926455118,0.6028619331747567,0.49726227172243864,0.7548188321517996,0.8224253407856537,0.7622723675939754,0.5607580535025175,1.0,0.702213202819166,0.8632553386569767,0.6008458676900099,0.9191714397056181,0.8229324406591932,0.8798956064815103,0.5127021318038429,0.9169254407912879,0.8562425351358512,0.9026880115570558,1
0.5481665417809388,0.9519872122708734,0.7989032067802478,0.6846527037660899,0.5289342929795026,0.7917799939857044,0.5588829446870979,0.76458005612801,0.9859005810458805,0.7853369347379308,0.4735797908917466,0.8919854417767616,0.7174579005126989,0.9167104501026049,0.57468874050669,0.7292143067008892,0.8438631875847463,0.7578360342072432,1
0.4622110394216615,0.08219297071719978,0.3121821859341402,0.49852991190599383,0.25357008935906344,0.21831946092786447,0.10986976988818964,0.3798811665322297,0.15758463008311752,0.2386229728732014,0.10185972642488664,0.43682735201169187,0.3885862372870819,0.2462098300944243,0.11150212772956863,0.43430884590911584,0.20608819275434234,0.11737541910189778,0
0.3432554151130634,0.3221324732824017,0.18422090501875563,0.2292973616819219,0.016023858921636214,0.2101285412455511,0.25088619689563907,0.27024971142738274,0.2954652294424209,0.27930900918766866,0.21827875632811955,0.284343393106518,0.37024383919722975,0.23854023120284268,0.2881113868998012,0.2276594724803058,0.17238893002245145,0.3127455600301125,0
0.23324681218410642,0.2901693888271351,0.3311470535683113,0.22623601618733183,0.0,0.06500063865008496,0.4962423548515953,0.11889568194734612,0.421245934988705,0.13790959150988855,0.2281052908326559,0.32502499115198846,0.15157666641029516,0.4410658162910865,0.2590874029682093,0.3053021015559604,0.2178871590377049,0.3290464344420509,0
0.320023011020001,0.32844192505735825,0.31248650784420867,0.3542166785801435,0.03174906770512978,0.06987286796541825,0.1616790519772274,0.23442157939929362,0.29657643079698154,0.288961798387462,0.38405269737472375,0.38781943582964207,0.14531378700474484,0.27862913320605653,0.14826021427337943,0.227410355397572,0.28861496428581934,0.0,0
0.1717143028010337,0.2912302184565728,0.24303667050935793,0.15682463059669305,0.2550790623467287,0.2647686975091765,0.335808926063361,0.17301992253656878,0.3548628148619748,0.11912284308887866,0.18959476969603872,0.4538791841920853,0.12713466788833788,0.17094792248430335,0.09962667272868178,0.15072803400257123,0.2666035789634523,0.33478507514115396,0
0.2405748370990984,0.467239525571769,0.23852631441394886,0.12423737424716477,0.08603535424180311,0.26525413088373756,0.15869258146086518,0.27959237703790435,0.05565962882457445,0.33283001614910585,0.12278021538483938,0.2555556711132807,0.2094036139072034,0.4562066754734644,0.2705787008115433,0.48345663377375125,0.31728908800749034,0.4210487106774975,0
0.3115807347741885,0.22766337932155764,0.10596141838248485,0.318914253442967,0.19890548364728947,0.27729801842096524,0.235002500644237,0.356965452666977,0.276419556907473,0.14395597901718332,0.28864038682462384,0.2925626469367675,0.3113599568846647,0.37430491056782955,0.17608206577873922,0.33015228006166386,0.043021931459103435,0.23560182216540324,0
0.19086191323392665,0.19980320035568733,0.1137743039727469,0.12863095305739092,0.269520418307263,0.21797458625895724,0.5495817263224833,0.32131041192013754,0.11179657823055841,0.0657236508379464,0.297780566638972,0.20237594863275798,0.40977699394055866,0.28382366061519276,0.01209756283668001,0.1276690841898962,0.16896615327914455,0.3030444326041887,0
0.2042192776355547,0.19218944231624957,0.3652085156705921,0.2447744116762129,0.46553135747828434,0.3294656058287664,0.20077324069725772,0.27875904358707504,0.20751174287566504,0.3531275308588504,0.09013627440507854,0.15115648281144,0.30468279022659056,0.39709077384683455,0.0,0.4149365459188499,0.23318378458863925,0.02393500456754044,0
0.0,0.45802276461305325,0.32636805225135146,0.545377169682898,0.15612087630708593,0.03838592732213078,0.25086621480702115,0.21695532042914067,0.32843967803377855,0.3789914013503627,0.23952470261446035,0.2211150345024729,0.3127263783419353,0.21924056011690027,0.2092021478923855,0.3744561926410343,0.4011733428284287,0.38007594926357124,0
0.3361907350568901,0.4320718218468448,0.24669072236760173,0.3692520526067536,0.31373031497664106,0.26397243167002393,0.34003787071803154,0.4707925707990224,0.1735277304989737,0.13489589197887103,0.12785025452135879,0.36933135636838654,0.3855241147754024,0.18555556799992778,0.0,0.1690291912092297,0.31574250133683956,0.24199322332206002,0
0.44328773135243227,0.23814603754711194,0.16454540463462397,0.3776937539103502,0.04968453020074298,0.2797133024977708,0.2447303688592954,0.40525934122292573,0.41740222475660516,0.13689657304632713,0.270121364256997,0.18152747893101515,0.21480071381119117,0.32408653294695694,0.20981270534896812,0.273271054783363,0.3648726598335716,0.4318194068555111,0
0.28601029311360404,0.1481358387816506,0.4405607235052419,0.2145314552172246,0.1308699850532517,0.3523455975424232,0.2565394692585571,0.29901139751908656,0.10783842397701521,0.34748995019703666,0.5106914037429464,0.09845995242586442,0.29250505671874344,0.1557628365579985,0.5727527271516956,0.39875589737803,0.2838528811635964,0.10265590289566953,0
0.8421893925037289,0.5558309535548029,0.8434301060779653,0.9663926426841959,0.6744964354276947,0.7989271258467807,0.7259000015331012,0.8146050443736124,0.7386201188378957,0.767739106495021,0.5571104007929227,1.0,0.7989395372501601,0.9605337521435486,0.79183132250802,0.8956382605289053,0.5587258891930593,0.7349726600045349,1
0.22452877011959,0.3332765806930558,0.21082231917096914,0.25663801912294054,0.519541339628795,0.1352427660785503,0.17164079232384544,0.33137066491490963,0.3685651829359312,0.2997761048375194,0.4670761082518401,0.2880947121846387,0.012867557978823163,0.2616394824936831,0.18148196510829886,0.4160574098626731,0.3657548877058032,0.05923710682472677,0
0.28823518813662996,0.30570994884059005,0.19457448794356946,0.18067967383058442,0.373067002686124,0.0488989872892287,0.11285626326515577,0.22032297932709344,0.41212567667611744,0.20505796324366315,0.2999381868729036,0.253327441526571,0.405551009552417,0.059833237814449464,0.33831558444673326,0.22613212843088834,0.36098610327032893,0.15168614726796215,0
0.15180759532978505,0.04405015870185383,0.19704226073251807,0.34055723406071303,0.5231846427451707,0.25739324154273713,0.1581573381855635,0.10780417500589434,0.3162345875566719,0.0382460737138878,0.3160414121685866,0.34812539275154947,0.30235353438794366,0.2236405993673731,0.31779287842561776,0.270512604535396,0.15662513897672897,0.4720494786850031,0
0.38106235946013023,0.2627064498498614,0.2660282697469754,0.051418826199049444,0.14201119489470942,0.38151427284371,0.000958928368337969,0.4111591182916753,0.30995973867450766,0.16029744059634937,0.1501541228311255,0.4775146359817969,0.4193686967775305,0.23566710741478028,0.2661510075342855,0.17245823669076732,0.2661740773391326,0.16913155737168456,0
0.6655830093019823,0.6185864460712971,0.7162182503141279,0.69539325013414,0.8123819797804879,0.6094023799730619,0.614693647916846,0.6666371895297513,0.5885844041212511,0.846067786820675,1.0,0.6467535694393749,0.656956228882202,0.6075023031048893,0.7055081999383274,0.7982567585149105,0.6362654753414883,0.9250836352886707,1
0.36019268399659915,0.16116122930657834,0.5061836899630047,0.48662055101003926,0.18922256539371335,0.5306863594699152,0.36250894352650914,0.17256234364683082,0.0,0.3325786165120392,0.25375550498573746,0.30176339028924387,0.22253965881946608,0.11273716832813627,0.1987568002694592,0.33479647431340476,0.20747495591509468,0.2067498571188871,0
0.5506948377827311,0.09125732633291289,0.2004123620326906,0.2097784276501106,0.3572268425629986,0.13254678907766948,0.3416115529091921,0.3195579798123283,0.3476016921936156,0.3454267656214117,0.4345983563959115,0.24409486444751496,0.31361894913898736,0.161614085732451,0.1342245987678919,0.4617794541524322,0.15254574551715094,0.3269574492343466,0
0.3235558456569519,0.23308145230666977,0.4338134668721263,0.37090129251838705,0.21920150603202965,0.34001461745643335,0.4820552182225824,0.4852581520939632,0.10264001430130032,0.13881602666114193,0.42819025440806213,0.12300627389948354,0.09129506400499854,0.19165670431611437,0.3004272051369503,0.23771239520666843,0.17193236555132896,0.16909450459305891,0
0.391747211729799,0.0,0.32072206019660093,0.20993382088077361,0.14052182505356542,0.2903853069131176,0.3972941556170386,0.3746972597781017,0.23378643629120457,0.35508891565131384,0.3541681478135013,0.23951544754082,0.16683033376141504,0.1737719162653204,0.35054240186417646,0.24494238235447713,0.12445813363232941,0.047816459738905026,0
0.1168422887189445,0.3733742915171332,0.11636354132187932,0.12781278836787371,0.158086487196797,0.263690489748919,0.3244956926976878,0.39312066800987955,0.3753965558736042,0.250092845108169,0.37246263685076003,0.16948004632283675,0.03149607826456405,0.16946427139473902,0.15324873828684552,0.17416155138409878,0.13487503249097332,0.19466685069043455,0
0.23426960191747281,0.030291300898296375,0.36139563898821814,0.17739991446295228,0.18593197139517345,0.12162971064523723,0.17148600679749335,0.3013468528833901,0.22729067908763134,0.28943944027389773,0.29343062247146123,0.40847939866338,0.20886566189627448,0.07277706197851219,0.37806668998863796,0.21022141934832944,0.38375109334928525,0.29600525358189644,0
0.3507041626182716,0.24401135306959448,0.21170731113364305,0.1601500451222899,0.22352127121104606,0.2861335800520832,0.36794994477541143,0.0,0.15018865908846285,0.2690915490626807,0.2381364260845257,0.298405149103207,0.28210483433518646,0.21341585644079114,0.18677761648153876,0.2205398212317399,0.38784908197872914,0.16215904805131426,0
0.5016884893811633,0.24922080541971994,0.014956775959076074,0.06269435719437977,0.3423938979245695,0.26554816490020416,0.42786651589519165,0.10622502799621769,0.26421937577965354,0.2508113273666028,0.23283825723313095,0.20408713256236088,0.2064760749353823,0.27095749891364496,0.2863097233405859,0.2803087420123892,0.3947185010688543,0.10584657852535354,0
0.3636102522408841,0.28230794681105476,0.3214956644026119,0.2618373497773602,0.11739390085426377,0.14133977213770785,0.17713828893307548,0.4181630891963595,0.3792028877344533,0.12041469240078095,0.25640693384994395,0.2016871428696727,0.231387935283918,0.18567486172573278,0.4186829947367533,0.24773121557516375,0.2759388165521528,0.2769109847359988,0
0.08498401138136852,0.31569842005869814,0.44402910385048155,0.4443081764071761,0.33854471087585103,0.3350571418386545,0.5202288940235746,0.0,0.1942797188703238,0.3518190218891922,0.20952555905896517,0.39877339703284415,0.24527751276277687,0.2658092632405117,0.21703904029048748,0.1872986849430327,0.18434680442228177,0.2825399556204132,0
0.25219680075176554,0.19690353637599955,0.24256026287571525,0.15858263409284173,0.18037128165670874,0.17671862349454806,0.16289669777730942,0.3752693195699778,0.34241408704156634,0.1381164077930861,0.10667274489489148,0.2311268028243261,0.5086345117947455,0.12667537555641428,0.23065307323551518,0.26064644964611944,0.23696293911458202,0.19501481509366136,0
0.20628840846728538,0.2098720715383294,0.2544070033917381,0.12210416991551329,0.0,0.27869618347984454,0.011332006084577712,0.13083535562263354,0.037410116926171355,0.05218666626864363,0.301162620894315,0.2233230201927912,0.21899194534382518,0.09209178596511888,0.17129810933937267,0.29517461910522247,0.24374952816321993,0.34872088732503825,0
0.31664322742102907,0.2871269884188334,0.36777756991697386,0.1102206284246752,0.4910506463422166,0.13486866962297583,0.3399067512641025,0.04751827667039782,0.13836823752759392,0.43196423760704034,0.218692021239898,0.35079071261593575,0.2784346466463095,0.23740502127997928,0.4136620389919228,0.22160094104177197,0.03631142709238355,0.1536111889657954,0
0.501424569552115,0.6905841663373338,0.31664394347802005,0.5088403190990605,0.6598292087768884,0.6969004350650976,0.6635960369943922,0.29161668035644484,0.9994311401893068,0.8621553596503583,0.5727310073144707,0.4928817627360862,0.9538255553489117,0.8631628415244768,0.6348162381932646,0.6221419387317472,0.7523267821340012,0.49562022577964315,1
0.32375728576981866,0.40061901000456673,0.28698101064700987,0.19651845327361483,0.0001310507644151082,0.25847074905008055,0.253092423243399,0.27195145042467495,0.5027488357243999,0.39887158554316865,0.3442073101899983,0.13455074439140802,0.18844063009639078,0.23861864716857975,0.15695114511875757,0.31005574299821415,0.29282906190588454,0.1194030648334369,0
0.2671431912818092,0.2451311952594929,0.3414356962820443,0.4012860739574935,0.4089153237815835,0.4202158549971702,0.15915027672531906,0.0781648866415404,0.3616892293678519,0.4158560125841081,0.4367190936652511,0.30819954516308506,0.010395526287564766,0.2938731356120311,0.3166529041491292,0.4002490025510307,0.42155544327798805,0.3591560084062402,0
0.21905808375157995,0.46171743220089906,0.12266476382466349,0.2897711414640043,0.11910779767859672,0.18305518671156756,0.28321827444306763,0.2246364410964266,0.24928109725437325,0.2899266529878364,0.19075725145617306,0.35609758417785276,0.2133424308114874,0.2382933446136914,0.29335735295054266,0.27724002413978016,0.3273073509451423,0.28803572817816464,0
0.3979858487823351,0.020013054555787613,0.3454732795267385,0.3777244194903307,0.17095598005891163,0.5655084541469472,0.2735618756874469,0.0,0.29575263975205046,0.16361679640127214,0.3897994328715422,0.31575328400695574,0.1782493513268571,0.4302942301915475,0.36273415671751724,0.15064960147814782,0.2317545903326983,0.31203001489168963,0
0.7814829113730315,0.9166837199510662,0.9187607395341797,0.5160082022139045,0.8739895319304642,0.8094850953461394,0.726460595865694,1.0,1.0,0.8700831931373739,0.6221638822088525,0.5053530364273922,0.8557920237900247,0.7399304809307883,0.3548416029216167,0.9155330514719758,0.6741242032766376,0.39437948980540305,1
0.14445615840215842,0.2465134436529459,0.08534175422560247,0.26198587051454647,0.29447690767242457,0.28847376726220214,0.1415698203411806,0.20895388190793981,0.3144632975177958,0.22462748856662818,0.2155233541191868,0.47841611303506676,0.13588130573606505,0.3796502161706779,0.11143832037940835,0.32857373029256975,0.3349783069748768,0.18875618139315453,0
0.16527151145412075,0.3635052506457546,0.30160661688074264,0.3872232904068412,0.17334169348395684,0.1502718802422101,0.38632686715211983,0.2655944748001065,0.22569794453177316,0.3338392594782876,0.3293739086374873,0.09930835159200496,0.4161574147703307,0.20075116679015514,0.4540021657290286,0.08997416637236047,0.28808786589763735,0.22772545588738285,0
0.7319400827096841,0.9415788077927327,0.8374178857869233,0.9702053756862375,0.8527664463330065,0.7245706907981263,0.5773834093073444,0.7982575546481182,0.6475002071233962,0.9154443056278705,0.9868449396845858,0.6514207215161683,1.0,0.6451404197101829,0.691353408334677,0.39283888969638747,1.0,0.7189254800542011,1
0.10516020644164004,0.2720436201712085,0.37914083863415027,0.035600256772537864,0.18411078383814194,0.0859731148779582,0.21828674870397402,0.3790923392448581,0.19637411180704295,0.2442979633360364,0.4246274075670777,0.3049481116609491,0.15878897730198377,0.269069834300287,0.1506941186317251,0.30045784152832,0.31184081848873113,0.0859408359401857,0
0.3936180050915349,0.2622772400570632,0.042511462390929844,0.24383885699860366,0.28374477471074855,0.3667350833722889,0.20950283162480604,0.34935259209366487,0.27245703841242586,0.09219344691549047,0.08017998718209834,0.38470718441792184,0.3935181014058123,0.28874910764856676,0.4294848065416034,0.3767931818849928,0.33203544753756653,0.14064262135195937,0
0.3185448724180539,0.2859721264520741,0.1340914610049873,0.34818290860873496,0.32928138538458784,0.4214117376087796,0.46170892922813983,0.2896571295571915,0.10269411788413801,0.46270275174425635,0.12782200779964709,0.2905557032406857,0.2191919288294974,0.19832495797782487,0.3417160145837821,0.27933515191215585,0.3115889789521757,0.15211764518039556,0
0.11232802102462439,0.14404337126632308,0.2997307995374366,0.2762726616485963,0.37783352460390385,0.34033621875301256,0.3786283547419189,0.32300754297509476,0.27516151709097875,0.3819222090745187,0.36032953500881193,0.29513144410647896,0.4025286245032171,0.0,0.21514441910314602,0.21330514412179227,0.3883219452977884,0.4385673996340923,0
0.24416530176960713,0.17855530858421037,0.20168222102157585,0.2616532492507796,0.19935514785924782,0.19849390572735556,0.12878107915464296,0.11154595113753626,0.25727642771083364,0.2867920611742987,0.07862120274592604,0.3411929698457017,0.3416857167789697,0.3669626965934348,0.28598669016887174,0.3264498520346795,0.5122031013493986,0.2138174078947248,0
0.236326305081415,0.14918122276449663,0.15106225411705126,0.32807113453896414,0.3391905005444131,0.3151785121966234,0.17013883512535669,0.2778593587680064,0.2640022970968874,0.2762426316074815,0.35457145335378276,0.27683146585296187,0.3314696275686274,0.258109488338667,0.2846943278427981,0.3257545871006248,0.07514130161732002,0.21163945403712384,0
0.35083697649488743,0.042721549216918175,0.3021308372255029,0.27852827227987337,0.1787020053163847,0.07647305747338545,0.25865554092566434,0.1864608749123437,0.27792114536256446,0.25262225746281314,0.4422134669585098,0.22127732470323708,0.1271803008853762,0.27151307619475795,0.2763996020766118,0.41310250902885237,0.3502133495097494,0.2928245270979411,0
0.28466060219912515,0.21002502809396312,0.45277871445292184,0.41106187537278627,0.325940695882193,0.29541603271515826,0.23944491388225875,0.0986651522383438,0.22405933320136412,0.26216800400863083,0.2775347769333595,0.30634436404189913,0.3605596237453222,0.16694151139685595,0.16803092713491863,0.424102801569179,0.34251779070317784,0.20310748694400146,0
0.3271532072142057,0.16499555780220854,0.3903036433999667,0.23704231819860253,0.10765420731160785,0.11862275340688525,0.26496460826051055,0.05841741718462107,0.46606071801309057,0.37587055366511635,0.4692213185021197,0.45657081869306804,0.20777122422380886,0.1456804644819788,0.0,0.20125190501284415,0.46187834270031425,0.15065792110033546,0
0.36581104145510973,0.2197336170090147,0.02773008568954094,0.15920261211205405,0.238277286295277,0.1568215537595063,0.12344509463994963,0.25837027410681834,0.5416363723279938,0.19141743255563498,0.24966329770098702,0.09255569473228137,0.3992081266049816,0.35496916520217076,0.34668809673591006,0.4131754973565694,0.1987190374366231,0.21370986161852537,0
0.2778444490816843,0.2903675518754648,0.3009862235081779,0.3813343301566655,0.25676978344310203,0.15198360810035658,0.23268499562751588,0.3404536982481996,0.03561664499381853,0.03630973655536468,0.3601931345670789,0.43241473802215935,0.09817599579766317,0.2620551124999474,0.2020545864499582,0.21870038653100515,0.28666372105076987,0.09485557251871013,0
0.2190015571274659,0.23487093563561087,0.17107766694490373,0.25773627113232067,0.3253779133309376,0.22164802659627977,0.19561663192375173,0.23010821000153533,0.24910763840252928,0.04116165215986939,0.3053864701553534,0.19587985246638467,0.40138420897732613,0.32092641707709696,0.3904079685063586,0.128679544754211,0.20543360305750882,0.1009049815051109,0
0.7092667663299899,0.38666609125068474,0.6524981749648574,0.8606829209226298,0.6213167637276246,0.3746270831591364,0.8252525759984616,0.8758372466858421,0.5769639790749935,0.7841871742553486,0.6305559225289183,0.6323053920407521,0.8087698594092187,0.7029025729686899,0.9134588228287577,0.9097072236040975,0.6890749032201288,1.0,1
0.252104428200767,0.1268321855061768,0.1911833982112745,0.10457083360224681,0.09655480386677542,0.29820987031836954,0.1152186421494446,0.28834648080680336,0.09378126973346829,0.28556596241401055,0.1913580917244445,0.41879386403807733,0.28884626746948777,0.398293947159297,0.1593223940289769,0.25673720082930007,0.1322695410260466,0.20036737087066983,0
0.7491657327973171,0.5454016033781243,0.5613863112711943,0.967862809079153,0.3848501660633523,0.9908562070211273,0.5782257594827432,1.0,0.7072916774974127,0.8851920534857765,1.0,0.6605733958099824,0.6575520558411769,0.7867452933267143,0.5396790115441763,0.6606316221776534,0.620128644775451,0.49495374645619916,1
0.15646211239294966,0.30163616307490637,0.14781553729770786,0.3298702283576115,0.3802344405335092,0.2939837688684676,0.215650151973317,0.30447586951704353,0.21295923333443048,0.3622656550558179,0.030231269894185175,0.20972711582576245,0.011102560585120269,0.0705927003727354,0.41366346757766914,0.35742219783660234,0.16366237200582517,0.06969958527509237,0
0.17970541398312379,0.35938673439372354,0.0,0.43914928779638684,0.37656133125369895,0.17463360841662184,0.19590588739803977,0.31052643417552267,0.31374591878091973,0.17393417709141273,0.0559867895362888,0.5036431265442405,0.3647348859922661,0.268822363395322,0.27109302990880535,0.32455804341958255,0.33892759432540115,0.0,0
0.3479785341212927,0.1712431176645618,0.11865289179297184,0.18731995909271537,0.1790436673981875,0.0038452652743568294,0.1845317632543635,0.382582066621867,0.34610241167414346,0.3130220628347296,0.2657941651884375,0.42386782313704374,0.12277985261584468,0.134220745364456,0.384915432842624,0.253312587620645,0.16945860315469857,0.31623095521077643,0
0.9208480853833877,0.9035255551662339,0.9640861748612507,0.7030422046082048,0.8931681694431208,0.9033748733588319,0.6028350097068775,0.91007359685353,0.8033473279859343,0.9411375796316471,0.8252065476845823,0.5819027645829005,0.4183322553699197,0.7247677582092965,0.7082404734424569,0.9726864427855633,0.7527094417872878,0.8601334788126634,1
0.33790112501301517,0.2410954971404736,0.19381226659226608,0.2936957076248302,0.32925822688321404,0.05871099112350045,0.2950817107027398,0.3283065642896241,0.0,0.27354275904943476,0.3333530961274695,0.3197053977117455,0.346293802573699,0.2106920089578102,0.12521122783894528,0.03403068018815242,0.3810667888681669,0.3343678592553212,0
0.30355009168718244,0.08497750994700762,0.11706646622992253,0.29126890749881523,0.36972029363176306,0.3103173218503616,0.3524940801442262,0.29485822705166154,0.27069953188387985,0.1895568070889876,0.34756021704601564,0.37298550793919694,0.242426117040427,0.23596887498656102,0.44096869740666844,0.24754938642205326,0.2590823044439163,0.30810710893034743,0
0.12267576737604058,0.10272380125930669,0.3454986444445661,0.21611776133261706,0.39083457778764086,0.26717598851494223,0.6767635342660157,0.1933216221623982,0.2966957835027315,0.15470252048950367,0.3858496012782916,0.3148614872649143,0.14665721759028072,0.22392581270638867,0.42662017282006315,0.4122050926446946,0.0922725232881225,0.2060836427521353,0
0.1800876679724522,0.19425467655985296,0.0,0.05429946482649256,0.3928059014319703,0.3240752896793873,0.09430731622726826,0.17433131301121357,0.24649931884014603,0.10646467214118929,0.0095027339783679,0.23089475350726774,0.3187130274607889,0.32102287836759447,0.35502848626505756,0.06357312858642117,0.25694822917923266,0.21778583629250542,0
0.1819579653902127,0.4327713899482057,0.080909609135981,0.3082439413054653,0.4577589293105544,0.3322626311767387,0.09026835771529818,0.09621033893015135,0.15980495480243184,0.26894894938238495,0.27711312329068627,0.09739641348403688,0.14526910498636403,0.15262210156239758,0.22831038302621287,0.48816345487492896,0.1380175521251863,0.13276506002370542,0
0.49870514376409614,0.22632177403470286,0.08271898661320332,0.0434172710807228,0.0474669558544808,0.20034258489130063,0.22215783746646603,0.331911956521587,0.24656703576954744,0.35120452415610215,0.25538713991473927,0.2516225711352239,0.18069821511898634,0.42071061524773756,0.06622188441064064,0.2861572348856658,0.22820194459009197,0.3438105517005401,0
0.0,0.2136978863422925,0.20630027555987113,0.21367717216595664,0.18387018306148228,0.13049296889506035,0.03135617796748963,0.26736964566008947,0.21398512158445082,0.08496621441175867,0.2575040095400525,0.21460597659127528,0.1946771258005462,0.0,0.3319321014769472,0.10203387518690438,0.257592430580949,0.15300778678807686,0
0.29220176997649416,0.46072891865784893,0.25832675615362405,0.304275650333452,0.22180918649416026,0.18958357529250844,0.32899311263253983,0.23727198791933612,0.2984227493835196,0.31090082287324333,0.29170202069666895,0.3169426383265288,0.14763931206878902,0.14031647723838023,0.24488540720712923,0.24777264156865028,0.18732126079364458,0.2789200355697611,0
0.11317783274215859,0.1981465887456385,0.26171119130221765,0.4889184255866367,0.1992780418177207,0.17007810232475246,0.18390196991994473,0.4490676601133575,0.0,0.12967143854216956,0.5777546450991462,0.3209058488189964,0.11728180607929362,0.24496984213902742,0.2580945479281434,0.3515350295086727,0.47074024033870765,0.29662620175350585,0
0.23426349637559862,0.2918531072855554,0.4841215072151559,0.4992376634864504,0.25832573621593347,0.26922287119804905,0.3791488188959663,0.14852067606791836,0.2899684447141906,0.24689645824553724,0.2876689853749064,0.1499957432860713,0.059251900802923724,0.0012419876810449981,0.11591390644124708,0.19495896580728003,0.21481700960214858,0.482467739491542,0
0.3496748257047798,0.23100409918603293,0.1620995133611261,0.20188018254371387,0.10635347734921163,0.48872314702979336,0.23843418237298156,0.3273416906418635,0.18557570405550408,0.12376866136242123,0.22193433868984777,0.38214310400550383,0.18751218503220596,0.14553616327247015,0.2686557093242972,0.3098827120861293,0.44714178026238194,0.29245005740469937,0
0.20392419688757657,0.11380719594366798,0.1532474719957452,0.22107574689424175,0.3294648567064361,0.4010772994686522,0.08727433495184553,0.17831859832840208,0.2070565003524098,0.34536604387679726,0.18662673575337999,0.19843211980630338,0.08056089074197312,0.3080088779167911,0.23063211104841344,0.17151459580244843,0.21885841306214843,0.38523946023175154,0
0.6314624415241042,0.3521542689813747,0.16512825640582438,0.36627974443310296,0.20658009554987902,0.1912299780518549,0.35903216318705333,0.2537302705325383,0.2834291097414167,0.2516782266238351,0.2903899751926522,0.3009959076923379,0.017563968075350184,0.329988720233144,0.13215766962036393,0.07692410373287065,0.2429906507369581,0.2600777203977345,0
0.19361961898015279,0.30225500031489017,0.15634798544266587,0.31117848493313416,0.31622305258375505,0.0,0.3928366844212141,0.0,0.17607411693326497,0.3730417641109306,0.21192559296970712,0.07405768210365496,0.11875155259399953,0.3732286895584744,0.01941945633416342,0.38547893211544204,0.24338774811492528,0.10691256034690799,0
0.32469292561113583,0.11144777040739007,0.2838195549302337,0.09631752983907196,0.39793644271226314,0.13529408943664895,0.2589092361630428,0.1470663997609783,0.18442623309424108,0.42833807750325936,0.26241485978724366,0.1828957031529136,0.11257264349359328,0.025395821632067633,0.0998463239772776,0.26343510897332534,0.3676280522467196,0.18275782090933587,0
0.35446667313036717,0.42751294128090755,0.4653244065520431,0.40777694458070857,0.23683189820437794,0.2923264195631612,0.34201874461410925,0.2645413539159354,0.26569170254938534,0.34885037582514183,0.24288608247688814,0.16248556763516064,0.200263232099697,0.3260692453280491,0.25035919494399467,0.2908251972242005,0.3304095090642628,0.20501902445228684,0
0.1333962802172488,0.47363468525887686,0.3193567741970228,0.2153335189477223,0.2433617720757703,0.15320426642473792,0.2831911122168934,0.2736866135573765,0.25238616518352286,0.11082925417466852,0.2817707333282693,0.18645862810935618,0.13168272874129744,0.40200909898448334,0.5103665629402311,0.4831144154583563,0.32801473165147416,0.21812979051049716,0
0.4217318998707157,0.2838170258420262,0.3193785900237426,0.23343435096621598,0.2117592291307835,0.22964963530032517,0.0840714195641648,0.2394487108696123,0.2855239692451141,0.4720555880612505,0.26031988780062587,0.0,0.23872174806584542,0.5787404959729967,0.35396394819820476,0.15269332674296937,0.32093278173166684,0.16095838901323117,0
0.18741536262563402,0.13672557703335975,0.4061390018382437,0.3260105849232819,0.3225992050814648,0.39966537053709406,0.5875179097886467,0.04489286753078134,0.16139481029474703,0.17605898989905716,0.14790164531407685,0.1206900102875545,0.21404163231335613,0.10400755416527141,0.2902050841044896,0.25620379857143377,0.30772343977163863,0.3109274141965903,0
0.4300625330633455,0.2470249747518109,0.06671277254403774,0.5001707148049618,0.30872854601937333,0.27053698192589526,0.10984346187923477,0.2519459467474543,0.33242609946346635,0.31036248646642567,0.1684135446217081,0.24315216604510007,0.1760791957555881,0.44969938994756714,0.3573848774363335,0.18707981576804303,0.10978364093739568,0.28333780986775137,0
0.29273253909169683,0.3922962451419191,0.48466730062812263,0.4368377602588838,0.041735498396944876,0.21213355740069773,0.3100825901779863,0.19069392437176821,0.46393200940484375,0.44552502073631595,0.15208838304895242,0.23051199761131316,0.16005350365724358,0.22658458670725964,0.222948118079994,0.364510949769623,0.14338424035193986,0.0,0
0.0609256807395262,0.17062997292318208,0.11110424413198935,0.13415785662294838,0.256417795218628,0.0,0.32371245260284764,0.3404626083920419,0.2198676894355705,0.0,0.13042976487971325,0.39794823209232355,0.0,0.2082971905367777,0.10839990658392892,0.3465484361901804,0.16898632574278463,0.2984744824882734,0
0.010407320138901638,0.237224919594413,0.16057563010022619,0.37958026947996154,0.0,0.2849222558973151,0.5045784717848737,0.22805842821789932,0.24967022911815492,0.3011616123965789,0.3105423348646873,0.20097911961272244,0.12900445479422096,0.3283264957060635,0.021032633509962623,0.34986739840604913,0.20298417711181754,0.25037021849045793,0
0.05087900798377698,0.42943536030268264,0.07005181527855314,0.4401862825273024,0.33035377122752263,0.24084968154158778,0.30304572212023734,0.3058349122538919,0.22571075336955038,0.4210824681903177,0.4169681032719441,0.2686791162185129,0.17800067359596344,0.40671448532851495,0.007292754383341676,0.30326711284135877,0.3387490129850706,0.15059777982663852,0
0.2961381199996141,0.14509127468195576,0.24885817774198332,0.3299281828373268,0.37263624265385165,0.24271717588821023,0.34134598602178345,0.1705035881665477,0.27946460617278646,0.3702648897325438,0.28985193737679854,0.18647875643520329,0.2165149158923881,0.3718787275057527,0.11897864596862112,0.13668218391910567,0.3221906511774083,0.1973027686549843,0
0.2257500105532715,0.18065270703068131,0.2803461777963879,0.18952507103072674,0.1746320699529551,0.2873743401164127,0.20176089038449543,0.27929252667740223,0.2827844827422547,0.11326851986901104,0.19225106513615053,0.42253323278997545,0.11055045847188555,0.0,0.026578581610898627,0.2534931935892003,0.25371007336392387,0.23588669734898549,0
0.1954169715448417,0.22030669238787914,0.32008602212510145,0.12489278444482016,0.425012706100672,0.32017263893531656,0.0,0.26024190813142517,0.37488839720509554,0.29664470897929607,0.20051908483382055,0.24266898644260596,0.2713983937805221,0.3423505905547979,0.08018861822515597,0.17739779761161423,0.44662937536809744,0.2539536667937123,0
0.49479569920863514,0.12980394362085113,0.2264490631004141,0.22489689758727638,0.33523709823598935,0.30548229528052706,0.15078387547227934,0.2109007339068032,0.22276930797498212,0.33987513978382744,0.10980137021696784,0.49217326681069384,0.15889799350486672,0.2489500723892088,0.110801267236811,0.09422091860312601,0.14506859091068514,0.13353721388028938,0
0.8966136517747232,0.6039871431305376,0.7256785014217257,0.5057696873449605,0.7738623043005622,0.7310431554279051,0.7611540400772857,0.5349021209060929,0.6333221689189932,0.8385771588651502,0.6239175553804377,0.24417098372715407,0.6928865306672406,0.8812581116640977,0.8727979793006905,0.6148537549301178,0.7108916801211747,0.8423746865987336,1
0.3281811807592389,0.10891359899027711,0.3598417357301918,0.282921079027318,0.17734644031530278,0.26696566866707155,0.23327986177843127,0.34360887402974377,0.2067447891823681,0.2772508592054631,0.1754882058216025,0.1374588593569921,0.2705839350291818,0.14238787995777166,0.3460696349738588,0.32106790386125483,0.15818626523873355,0.27565365182478185,0
0.2110702749487542,0.19548918924222886,0.15739479988017985,0.3926010645769743,0.10543566465005391,0.36802766784205837,0.32782452816651786,0.20429306419847848,0.31391287405526236,0.23105211787641103,0.11787923937887779,0.11914796143949125,0.3286529819763629,0.32242843884220274,0.27904136971830634,0.2030180152791392,0.22714821596427742,0.21093362114031683,0
0.3205867512775522,0.3961640022190245,0.1317223195092051,0.403711544233487,0.2446712742052982,0.44106670011267274,0.2503965320900528,0.004302940874282402,0.35191054855685727,0.19677835864304288,0.20485244663578195,0.07562842827162769,0.44466393988072517,0.18746785914365832,0.4390042929895024,0.19825082060885763,0.13867057574208663,0.4083435008835776,0
0.20112232992348636,0.2400659080362799,0.44134714094059957,0.1968377911912129,0.19335764640615813,0.045106693040500606,0.2449176474211462,0.32882602134884703,0.3503437738817042,0.2629861121956639,0.364700028769706,0.337747648225629,0.38355402756307155,0.36811631865730743,0.43839738353287017,0.22963682001205005,0.09075303491661901,0.3296462492422504,0
0.21610489610639189,0.1910521987841864,0.29124994809698496,0.1042632965072767,0.2656865719391154,0.32818759188633745,0.42036853242783556,0.2872451018843127,0.3751744540623132,0.19673247516326864,0.21348516711049295,0.41174164494587695,0.08540986900434211,0.2016231637305288,0.3854135568071159,0.2246665942296987,0.2157277561754495,0.21816014601201855,0
0.09397283858399688,0.3335893800971591,0.26422410897356063,0.328151956601282,0.11330509369139202,0.29219250268320396,0.274623954154473,0.2666842047872424,0.16800809101713712,0.3927189578264078,0.49603690947736134,0.11675871684428615,0.33645327755115495,0.0,0.330233193937895,0.025581446014989434,0.18700391825208904,0.09243704058948995,0
0.30420752147482194,0.19341052484209817,0.26528407655778763,0.4160755079402271,0.2298169545727657,0.36037652082303906,0.03495605729394058,0.19355643836312864,0.25332263452912873,0.4807996815047751,0.014805750008813151,0.23845481657286677,0.42480266210995155,0.15579755136797535,0.22445934274891957,0.2898086782066647,0.2721410264467336,0.4378924570545297,0
0.21342874586548094,0.1541587437738804,0.2786669269693435,0.24636992938265503,0.39233668418527323,0.1385657420374181,0.49250824005531746,0.40297323300579924,0.2255771643691427,0.46573850771651437,0.15602462859312727,0.2746707747898274,0.09682347381164152,0.4715883107561692,0.05231358243028267,0.07714699644854106,0.17383442715265557,0.4086788409611394,0
0.30914098102768917,0.040865537279546005,0.24865009813746458,0.25953774121580403,0.2596538757479421,0.08590127219532678,0.3036299157250804,0.37717779952745034,0.2988797756903924,0.22249745065860704,0.572684872350322,0.13905102572896771,0.3428141560564904,0.2791928446816829,0.4914775539608127,0.2964099779097651,0.32213862939940757,0.31068603778771103,0
0.12169249930249382,0.2101329019694711,0.40497907496216723,0.10211119756896991,0.10401800190398805,0.3209570995255387,0.2001905554676,0.30825940541913577,0.3687828918255334,0.30538389811094535,0.1741305305585863,0.4039520570234326,0.3390547219124213,0.25321934250274936,0.24741006233218826,0.2948791047372387,0.21256195596900349,0.054255436633592835,0
0.9845358674982335,0.8506317986996795,0.8573356448888987,0.5606604465540521,1.0,0.5594878685070837,0.46962184450649075,0.8716444638339084,0.6727558829747282,0.8397925024157172,0.5180995092782112,0.8251013908417786,0.7923836112859455,0.6359089403770174,0.47009839542560505,0.9376470051851613,0.766026811483363,0.9212118714281233,1
0.27925029764819775,0.2318502823904349,0.3019113342071383,0.2574299780415951,0.26324748707346624,0.2010000204607997,0.08222684082413792,0.06476497569735021,0.32838938599374723,0.21679598918971438,0.17846933204126,0.25102067520677845,0.3453918703498753,0.2716436731631678,0.1712734076030839,0.397155154677874,0.4395022603577958,0.30934679863874237,0
0.06833907504198175,0.28848628728709547,0.27754084894820924,0.3454643557800661,0.11256926419943367,0.22697349030730998,0.09658355674501759,0.22046719766130413,0.42781456905294696,0.21150966928312206,0.0860896210906116,0.16841448820302207,0.056685779989934654,0.09450725454313369,0.330518433699448,0.07644601151654759,0.2874794308425853,0.2530891211059088,0
0.29661690410218494,0.03882211507654412,0.34021557590025475,0.2654345910989519,0.5364342159488706,0.11798373355308331,0.23768054907512404,0.4657945241107675,0.39296675683496973,0.16645455381041202,0.27687609140481373,0.25023992276981044,0.2838347040872989,0.16615834768182042,0.23928155167591186,0.05823371496679436,0.26621481422416987,0.30400248081061987,0
0.11713389994091186,0.213849859249453,0.23255492825270077,0.11488538731789943,0.34475772097470214,0.199892683226676,0.19938188727197856,0.2839190548275881,0.2345310068719001,0.35049721754869756,0.13798929546392003,0.08231360835238316,0.2128254923441671,0.2572283407522015,0.10110928670829755,0.0834695725959689,0.27187573388055825,0.15906633192220457,0
0.41371395444427067,0.19378555170971287,0.444616831397058,0.15107159555364796,0.23653574973199357,0.40206551278928393,0.21121126244334038,0.2826510091810889,0.3811190506765616,0.18327430589990001,0.0985913091342771,0.07495472844309062,0.32001192993254496,0.2966534064397142,0.3773995807697309,0.21711463372208917,0.0783115290879349,0.0,0
0.21615826216777484,0.2789742591522915,0.4228975117605116,0.2449843326549385,0.3704171549053197,0.3795178787718545,0.2222263842773451,0.32136282536442207,0.2207766349930166,0.4086563072894172,0.32630120059191187,0.10714194943739735,0.2693829582584616,0.44777345941886554,0.22825227585439586,0.30372580361140816,0.31550546052869743,0.12560525210024795,0
0.25066373663551245,0.1510840950138876,0.295128823803496,0.03301149339951792,0.0,0.4146864920972291,0.35845601552817213,0.12408437969034311,0.24964004278353527,0.37234084722415883,0.30030407299487266,0.2677867715420174,0.38141848975751164,0.16231450297585354,0.25374141383975546,0.247858163404913,0.2172685542794749,0.20322333862950975,0
0.45585053173590795,0.3133984387934652,0.14621752238344277,0.0772758069377433,0.22521374953545129,0.34741173361932987,0.22352603959667344,0.3150381010006714,0.2282649460897374,0.3360400521658719,0.058329037275320655,0.44250185441753204,0.11650198621315472,0.3452478795675733,0.2173379206397254,0.23610065195597194,0.2210677712835822,0.2806725502061792,0
0.21685019377432063,0.3406985805026046,0.25935536769520484,0.10171048257208581,0.3307275254197295,0.26753579691483376,0.5612257602483168,0.4248725035934272,0.33533801883214287,0.27990046015458153,0.2696466706069622,0.12955727156402708,0.04132153273601072,0.14529290691021218,0.24427395781954836,0.0,0.1846813849272701,0.2202864360250689,0
0.22451941537488826,0.17072957617877338,0.19353130167868965,0.23145377305756887,0.15785961849241453,0.25085133703907336,0.21661880540007092,0.1766460955519647,0.44078106806835804,0.29982879070739454,0.20407453208524545,0.26750325169896505,0.12678158358717903,0.19758740718657,0.2115907059474103,0.10038473081081409,0.29648248575933017,0.18932647568646088,0
0.1597116351323775,0.4523407582895417,0.15838315507471845,0.32690826042550053,0.13663944037824372,0.37100598827221226,0.16763231710031382,0.1344174534952,0.16451890279637182,0.1835436884006772,0.2985608025909064,0.258326044736534,0.1185812704104603,0.24664635834414156,0.11277983112506845,0.32722688380011755,0.3492283478646888,0.2471263193740766,0
0.20128677687602087,0.030794014469571,0.0,0.1366758652770676,0.3120753084229061,0.40574691459571327,0.2862365470331101,0.1237327108751003,0.15590510276276232,0.4132939718381412,0.09270629553501403,0.5022127457817236,0.4751245030989555,0.5061666483843863,0.29568417849813333,0.20901702188818067,0.2927615519381843,0.3590301941262331,0
0.36533121833442594,0.0,0.15804215804611532,0.20203359324522835,0.45923462407498783,0.3422324518595643,0.18313953675362804,0.40654164365386614,0.16113810153986563,0.3710919764480807,0.08693473048923814,0.37879093981469886,0.20126396254348172,0.12657949108704764,0.22394276643084232,0.2832813015664258,0.19063018833691453,0.3164744207194389,0
0.20528165758473738,0.09311684966137021,0.20384468602875572,0.3349035169596073,0.3403266644184542,0.2817542808074191,0.315653792235366,0.403166027088951,0.259032621174395,0.41407826053002816,0.16280237928407848,0.24120507465514113,0.19230001241674954,0.345124615808681,0.12826186640902615,0.21138814293958108,0.02683882110128158,0.3213251302683834,0
0.055207817384751,0.22543443938350052,0.3404096129405775,0.3222387766797955,0.21480787146065589,0.07518926597008421,0.32733503052799434,0.30033839025561865,0.3512093024623119,0.2171065365718453,0.04787502486285308,0.31405122196920343,0.2489028681911819,0.4170020528080135,0.25344796389357016,0.2445439732972598,0.3000705366239177,0.17836827174386427,0
0.27047500942477515,0.18274606374363095,0.2537256640586265,0.21975246215159724,0.15568280704823736,0.21521492614301563,0.27380573927517277,0.15793395177632316,0.15324618151783792,0.08677078748893907,0.2968870031306675,0.31543879143604725,0.27779925330838207,0.3658204591274399,0.2605441164496873,0.2970413124838908,0.28646049107650756,0.23901519766981505,0
0.36458138632946624,0.2646460753874928,0.37227114534007544,0.2361503530346621,0.30069145351215953,0.44820712907873395,0.2204057352154944,0.15803528550739526,0.30644460571923887,0.3388329168989861,0.26325372845743344,0.3704057576447239,0.22584890365197854,0.26530552115001904,0.2949489859076332,0.2844833245644934,0.4435925955146619,0.29434675000003985,0
0.13949795226290468,0.35260231891567345,0.3267551691397482,0.30310547490448636,0.39995983204525326,0.3262445371433533,0.33880170835652024,0.3264287540046652,0.2908949689602527,0.035966664434297996,0.26003452928926685,0.18325696493810498,0.09641908508319755,0.45181799431609887,0.45747944090628445,0.41310647203547346,0.280625610022705,0.4120750145143188,0
0.455185423826398,0.325927372353347,0.0,0.3045785170764411,0.18019623270764842,0.35778061895879887,0.2989828563304208,0.04113486831726412,0.2822596204594573,0.2752753272701929,0.2936154983757744,0.31906346222959703,0.42951591517860777,0.29966667875371583,0.25274781525693574,0.38775610650258696,0.5191288868307722,0.3598084905001707,0
0.12561016301564115,0.2398576142186232,0.3310173591873877,0.0,0.374054340152668,0.10810593133522753,0.2898394592148321,0.2796019779532893,0.3801503669756614,0.3161109257072248,0.0,0.15582649034128104,0.2665846155223936,0.22660241366562556,0.30731328757081244,0.34472398668036464,0.3230142083715615,0.22428700689346417,0
0.31806048484236327,0.01808931748712675,0.08667796865110367,0.4868225724176405,0.12433494879075568,0.3233009237364027,0.16756748540009847,0.2595607287121077,0.17400949572716873,0.31738493855435734,0.2664128940780039,0.19620522716269195,0.12397934563831475,0.2821329036991013,0.10447374411488919,0.3012977250545006,0.5651781890844281,0.4120204061514414,0
0.5315093899305109,0.3347953580605041,0.19485928222225335,0.09738824114700867,0.4695042757438276,0.338481032271153,0.24736292421037126,0.05562180469338182,0.13825792589223368,0.32575843465287235,0.292459962895108,0.01644021292402556,0.3259135067802194,0.06178762621360481,0.41248108823227114,0.27502670978859484,0.194389426150084,0.3688185206932807,0
0.11189625889773197,0.23945479091012553,0.36283473578603065,0.3539162366100584,0.275393167935406,0.3563672751481543,0.3088920050792583,0.39403675099111857,0.28472309883485336,0.20731620213147584,0.29030095083196283,0.0,0.29594628836620596,0.0,0.043184391111349835,0.3042122321129181,0.3073035204720154,0.11050854638320834,0
0.3726553924631529,0.24904987181088106,0.0,0.2196408682701883,0.0827936545159024,0.1768457160955898,0.424232356075423,0.0,0.152036497013517,0.3495483534225871,0.1657688656541607,0.15658837873936898,0.4938887402329033,0.2954064872092629,0.3621162893238371,0.3093603661449063,0.2694036869918534,0.4016829891966548,0
0.16931273863671711,0.06983457694278378,0.046628980047376783,0.2641195811360769,0.3172358012272124,0.3028727104858827,0.3223152177855701,0.2485706978937018,0.21719317375000385,0.12123168075252228,0.19719043938994013,0.09143819376085954,0.14858013674476966,0.260671224452565,0.23586326949508932,0.6177673645473731,0.08850452829939909,0.23498815350018615,0
0.141892360563451,0.3128741145031205,0.3374457080889215,0.18080232493195686,0.31714484447394,0.31794253102897996,0.18405368546439005,0.11526778812748062,0.10790460017220732,0.26038066503057544,0.2892411842547178,0.15489690034505027,0.25319024095913184,0.31846444433661825,0.3241828857598361,0.43622561441469865,0.40323769986376523,0.12984502806921472,0
0.2968942348331022,0.3474423688918328,0.3122679410799378,0.2333214608592589,0.34999556265161647,0.38342273074295363,0.18349666791760033,0.24978410475441093,0.03775686337349188,0.3200317657037456,0.39677410915171246,0.21912457270128866,0.2660123389401633,0.2235765118067272,0.20393245313489633,0.2778605544215915,0.15589089531666595,0.22176676762678812,0
0.1357040122441109,0.39019130010713843,0.09655351412539706,0.38988643093332687,0.04416404978743038,0.23745332177582745,0.4450524666043473,0.3336707329894786,0.30054907463694985,0.12419018300509932,0.1618238506997971,0.41132749852373907,0.3066807389508377,0.35682990964006767,0.2588552574976889,0.21619222191838175,0.3419993956570518,0.28112236413471636,0
0.2078302605786493,0.1837182886205978,0.39920098035683294,0.15484549281634696,0.20083140646498274,0.22125137302541822,0.2926784071931381,0.2267849964446102,0.09196349242238339,0.3894495685588916,0.20147216214578617,0.492392232255939,0.2864788008711807,0.4020648981282591,0.3257033817016951,0.40780675257479515,0.31844067955173183,0.2782202600790168,0
0.0749215921420471,0.21664557608098023,0.263480528347181,0.23686092370805117,0.32172615913777936,0.0754992070712168,0.22816308756522335,0.4893723410956372,0.3694718511402668,0.3239428155055265,0.2968818850026988,0.20614817711216,0.03951156978919443,0.3048554308494399,0.0,0.21093329648646683,0.24956089725972028,0.19633714775115835,0
0.1800407339603119,0.32444468727176295,0.30306664744439193,0.2426892334350478,0.197034122516086,0.26818489549183194,0.3160304491640439,0.497415898327793,0.3627304506157817,0.3671187939779009,0.6206214633832341,0.3119150172121413,0.30815722135740425,0.33448180891859847,0.12892408268940964,0.19673180362974926,0.18925968799691992,0.32771367726634737,0
0.19713905669824078,0.40870051978277466,0.329433710731662,0.25193552983312045,0.1946768463302994,0.19801208120523744,0.28932957639423396,0.3201002888022748,0.14108589926792797,0.2543776906737078,0.006205651760436776,0.27540565410047163,0.3414579090350423,0.21639176477429495,0.46798323953681265,0.14425138630767395,0.2760928498363914,0.24570103040008534,0
0.2554368188181691,0.23614072627775975,0.41717561150194415,0.3343201821934095,0.24154917166442907,0.32272935504492084,0.004401630664397055,0.17616268316419098,0.28453852099826654,0.38384386022709405,0.2739723201586952,0.42498867999731876,0.35415278296303165,0.19140046911143868,0.23319632248554767,0.2990106023486286,0.19616373365723636,0.4337548213499912,0
0.3105333577194962,0.16611737762752882,0.2551157229325296,0.23959543589894516,0.21715552050186782,0.34484086981416445,0.06605621459767513,0.18795829300547678,0.33208454957408573,0.1763098269586758,0.05694319488760338,0.3302266411908083,0.3847713556529847,0.24460057508283925,0.014698528183656107,0.3347163696038579,0.050813454229637456,0.28705591322177987,0
0.17024487999242427,0.29327100131882095,0.08311774840296926,0.42264465788310773,0.23271668079343882,0.2848048475780242,0.5290935750258021,0.43197281207072846,0.21321212544555307,0.1788135778155569,0.21093459861765618,0.31118778981718426,0.23737310388989546,0.2025707025995834,0.42606175008508507,0.23629481298665958,0.5259506911644782,0.26088910765026074,0
0.2833790972626613,0.12973150806458475,0.25303434551730847,0.356839539459859,0.28678757999343774,0.3673797677514051,0.40169582875223897,0.32951077139653684,0.16439595709839297,0.20870375636556882,0.4817786623559962,0.28770022159941977,0.2717147907726877,0.14680487915512538,0.23902466132616135,0.3359648303383344,0.25178148525957605,0.18767461181792228,0
0.37294152105120276,0.1560184165941799,0.11356929023074788,0.0,0.21803037591097876,0.1802087278862074,0.06387767051823343,0.3043622507574606,0.1960035541762421,0.12091168496257212,0.18345131132314635,0.37855654467155386,0.3223524332506267,0.23439687262018122,0.3242926022157823,0.11069056523359133,0.25388441208724366,0.26767867965837644,0
0.43753141002921525,0.051287090281414455,0.10638481158683655,0.23239287498974343,0.20550833368867671,0.1699439936728931,0.26604132625818677,0.18656914506035743,0.20692304034367193,0.28341100844204453,0.16989557410343661,0.2372778206417232,0.17253531443684927,0.10532554998879642,0.34164426096084444,0.4549353329010416,0.37774863940886994,0.28980592982335796,0
0.19066449312327657,0.3662843055224385,0.46771058600181625,0.38517242416051634,0.10585838523680963,0.2756690811393595,0.02423530211380065,0.3582046097586828,0.05377742337634456,0.15361584116689156,0.24961581951624273,0.30340078733692144,0.2186878451925617,0.4322900412079458,0.3367887498630735,0.327366970487705,0.10247189176184038,0.4539241477054483,0
0.22956151348241452,0.32499236686379257,0.1289095227604361,0.26762181500903726,0.43624807856888426,0.2230451803186223,0.47116019523601327,0.2696405736794714,0.24321901694247997,0.26399422027646396,0.21262921070034566,0.012333271467230345,0.35562098298677813,0.5131255796736536,0.3076515124039203,0.31495851536277514,0.22808887773304048,0.3889346918596771,0
0.35563683425110765,0.4577987913190473,0.1799435893292658,0.029772150826596122,0.3099183482024547,0.2102583527137421,0.23426765728536442,0.3167413306877214,0.19523290842092816,0.21773776343875945,0.23798565796760965,0.42637047255820193,0.2536083524936298,0.10171917030220479,0.10649458226306618,0.26670759059915217,0.11446863991708253,0.0625235815691007,0
0.37336642784790197,0.24360365572106146,0.2463107401287364,0.17991648001335908,0.2642948715239533,0.2881598433296857,0.15588897893017842,0.2349946700968139,0.17678813607314636,0.5259596883537807,0.23923230761060577,0.4354278582035871,0.2265253203030774,0.28111451698418893,0.0914363114025677,0.19635128897585624,0.2752641604947096,0.44032045971518396,0
0.36834088574688545,0.3146197424369299,0.2485564096121264,0.21220760310914255,0.5412001310477643,0.15195896191095049,0.28575198123620976,0.1599737115709441,0.46427448983455666,0.3564191594559044,0.1685980145390627,0.3115113992117474,0.28092348655318666,0.18800502856303136,0.3409797060673808,0.2967166469325292,0.2758838456663143,0.24496963465092056,0
0.304624326956457,0.27603541883374294,0.22267868449770067,0.24550562980200405,0.16370974253338455,0.32321566045565314,0.2447859238589289,0.26997386127378736,0.2928570309314647,0.111449726268841,0.14268603737415375,0.0,0.3177690710188488,0.10453479715038805,0.2659083651874783,0.29451858699274636,0.32228234066710243,0.10551797033967289,0
0.27578318666737506,0.2658348761595087,0.3132239902839883,0.2864516890620629,0.3149627007503176,0.2744799353332857,0.35113405894076366,0.054735063213948665,0.23424718298963365,0.08393842073852967,0.28320424211258616,0.4470316211024437,0.1931098261663638,0.2652702436356658,0.34077840579059665,0.0018732481880170404,0.18734674214269748,0.293741879112742,0
0.3501303090730179,0.2377935372221396,0.18032470008803467,0.22289894671922428,0.0,0.11278187852218421,0.36379352490624417,0.3930279813014613,0.41873992661107795,0.3029043215737639,0.0,0.17379921649754299,0.40895868118583584,0.4447665086420264,0.41351772916086915,0.22164970422762406,0.09321089601105217,0.2451242092049822,0
0.341600661703792,0.25563714355593975,0.14588516437275417,0.13247463949728497,0.3731118557896273,0.06865327762049142,0.3777364552983014,0.2301761009043476,0.23849986004285714,0.045029475350401,0.2323940043845696,0.3236302619213651,0.08963078945776226,0.30983630407022145,0.2606814704414827,0.1727493263401232,0.3525607703789565,0.0,0
0.11695491958450654,0.29764297132530027,0.2785136633123741,0.24874914441061252,0.18637011850764174,0.3627658824163893,0.1898383991198846,0.286938024419524,0.2734393798039124,0.2057797067965345,0.1442444738752524,0.19872038959324467,0.4748346139237296,0.3834937435919414,0.3724466477538374,0.1556243551870222,0.07747728724397326,0.3815793058910345,0
0.18076043543469597,0.2876582824128546,0.19099030963238384,0.35714269795875464,0.15705879261839256,0.1757264136890364,0.17123549277422695,0.18212335019739534,0.3819029866657375,0.3254555552332364,0.45519327448144853,0.5221173044679106,0.12631395616811925,0.25845029527927466,0.10885596200278805,0.15668728867020795,0.17439009876931966,0.12314141510340709,0
0.4062391221689346,0.3024981639202451,0.01847755343480101,0.10501341664202199,0.16846330856631175,0.22939611623935394,0.09995066193928445,0.22044235317013217,0.4620754285786427,0.29810030522304076,0.27625919547532435,0.12789334971778143,0.05332182559449916,0.10261642893483541,0.048473302235078786,0.2590042314689811,0.2960662965288831,0.13416520566167842,0
0.9989913524091782,0.6015348114284271,0.7427877815865978,0.9052976548845644,0.7249063739088489,1.0,1.0,0.6981698641743721,0.7802788293059411,0.9360590467948875,1.0,0.5430646191604418,1.0,0.9405113962983345,0.5093722909943036,0.6632529832939534,0.5742710989746528,0.795466024492523,1
0.08268890245329089,0.3158828001277434,0.2843484237476996,0.2626645068646038,0.2824878230752553,0.1757297022969958,0.27207908293301725,0.554620667798112,0.3909480544896572,0.21539098588481953,0.1871953903478512,0.0,0.3782432983581637,0.3443926424529775,0.18474064368682092,0.07819507805474471,0.11136790681723291,0.3033277434975307,0
0.3263517869718011,0.43955130026410283,0.16974505598234219,0.18454562121653295,0.22493598809528675,0.2849459105580267,0.26164213211474263,0.3225169585560509,0.11497761493418296,0.2976224427155859,0.16093415437292152,0.23279993175333058,0.45496163527074474,0.08221086294807897,0.21646390378727554,0.09704250732272504,0.2683681569462127,0.3757879498468021,0
0.6246991949490465,0.922330110226854,0.6470833157499951,0.824353345303189,0.5171122615979122,0.5723683161457784,0.5878099186951203,0.8317885540167815,0.5365669850366441,0.6185652927847385,0.7745813641010678,0.6058887674104273,0.7170719547822787,0.8569379587581392,0.7328780543085597,0.9917318007761113,0.7077335632142387,0.9012521666441717,1
0.4113285966508292,0.2476407775497895,0.38026433598174403,0.3627887039014789,0.33004546571003834,0.035605741584438716,0.38399591873939276,0.19505184470372944,0.33588727372897265,0.13329606001115038,0.10779111480360931,0.4871666484197439,0.13516203197942628,0.38753279668620966,0.2642104385723825,0.19958559299677942,0.24462053388037522,0.09386866041624267,0
0.2763501912615933,0.2189552917977124,0.4273934722859271,0.14191693795447882,0.17952150846834652,0.25131826162330306,0.35547448332410714,0.07031521958865561,0.09276439002814729,0.005472579071833877,0.2539234270303925,0.11580330193521474,0.20385398679785,0.32936538278700495,0.17301487350605843,0.2777538427292037,0.21407945106979337,0.33065371781157243,0
0.13293661851823105,0.3357912560920483,0.17447864673227242,0.0,0.32785063574606377,0.1256486454317478,0.3060563053486304,0.4171386219180363,0.2520114948714337,0.3694918997996237,0.2684557216643443,0.44049151937693765,0.12254714694914726,0.24901420235002122,0.33077939260497613,0.22715058915879455,0.3882662795983204,0.19815525525870634,0
0.3551852324897824,0.28241145210367435,0.2994365898552105,0.47313937691479735,0.3062263334207443,0.3289465612519815,0.5752894632661991,0.2243434530291411,0.1542540683657806,0.3013355677896559,0.30267892352666736,0.18679415296645502,0.1261123576534183,0.5271813306508093,0.28922121644656273,0.1621257542317509,0.3599116362735518,0.23690258181263987,0
0.7481329323061603,0.7101017983080217,0.7655313625847202,0.6020324317169958,0.8355991121014434,0.5078928098050594,0.640730761308852,0.9232274399879425,0.5163633073758922,0.9394360590633407,0.4663621128399093,0.43465934262615036,0.4511047931953037,0.6201906702819734,0.851327235079727,0.9526669387000334,0.9383167362846213,0.8752857452860067,1
0.1855817769902996,0.4161594829591454,0.2765170472296295,0.15703657123021572,0.07564726396835439,0.16792128346556606,0.15981386457843066,0.3622741262374307,0.3715053099264453,0.12401177533708765,0.34037992738979195,0.32809082784105137,0.10843830222844819,0.2399417561406518,0.29089839857889005,0.26958825024608307,0.04473507078297323,0.26574189454199426,0
0.560529830260657,0.7739587721866137,0.5337399370124344,0.9300268008789396,0.4249107190647284,0.9244406058981735,0.8780898754087647,0.7757750081754006,0.7297979856321584,0.978334763380112,1.0,0.6826919961108991,0.748398487281146,0.6205358413955403,0.5095282683735558,0.8033602957676235,0.7649320325373676,0.4301601684506921,1
0.17928749691232046,0.24085612735362352,0.2887837116230449,0.30804416723302164,0.249307894458066,0.09041307730713025,0.3373343380372227,0.24364496036043665,0.3894081748017638,0.16507134646240762,0.057727032717880655,0.24591687967803097,0.4055143225941118,0.2693130563939261,0.2260396240992572,0.14555835788110802,0.46093197600169866,0.1264476886138265,0
0.34489462151543154,0.3895565522996613,0.34726242374578736,0.15156785332531977,0.34197002741023275,0.26114007428229635,0.164832241575238,0.2715224904927105,0.24324090362613318,0.4199191018382647,0.1882147128697026,0.18260588495188476,0.16616336315429098,0.47762181635710055,0.17287762908010773,0.4056205878934006,0.12623349998061995,0.31079485866320755,0
0.29157620641308046,0.37443679605973673,0.23708660673349732,0.0,0.38772793505747893,0.29803175860723713,0.24603083619890856,0.012355378211681561,0.21420296761995417,0.1449427323931941,0.10404648844426326,0.23362606831597382,0.18568397374028373,0.1935881436826041,0.33875516399153244,0.28066865681432185,0.1905382212260264,0.1753142534980252,0
0.24612745280620676,0.2856765095151349,0.15388955969238743,0.266544630579423,0.10683124039155348,0.41186691155848776,0.12672457241071966,0.30266567619084356,0.12582996372872657,0.18601544962103092,0.2051401559008228,0.607761757710562,0.24826646959177395,0.15141642435517538,0.19665332658713475,0.06943929378549676,0.23046568942539303,0.4721303997290641,0
0.5474961489670402,0.10917148017399822,0.44078394061898896,0.4169614477583784,0.20059791893852214,0.2025927263785759,0.1394442620644124,0.14082142897125338,0.249927286027017,0.2524835181095633,0.05771736796706023,0.5252206387991036,0.21885797714043254,0.2578734732660626,0.17485150799038696,0.2179588553089799,0.207054626650695,0.24964834890096874,0
0.30034893056812056,0.3243589872818052,0.33163048051632843,0.148437296219824,0.18615422356787137,0.2758601439762362,0.40147735751539376,0.22138191014578873,0.24732377198994168,0.12688858754327087,0.4735872198270691,0.2685115536570052,0.379330573546809,0.2535876649681121,0.26023204782920945,0.06996293309775273,0.0,0.4002286254203151,0
0.16683828106421766,0.10265798433839038,0.0499993677021531,0.15846679972602568,0.32052078647228227,0.1346465893234406,0.06418621771308292,0.1409121626994656,0.20382000189948218,0.20853985328051766,0.23453285101086827,0.37391276152622543,0.3999105325709787,0.49065550064671865,0.05501112199617181,0.14729392955963985,0.3338182188471705,0.195516254136997,0
0.11945775550396898,0.29842268169447067,0.11652017022623734,0.33883412003834984,0.17044407436362957,0.1044359432981623,0.18666290243681266,0.2904048630107567,0.21671760856827768,0.2541052141999358,0.33354489542033006,0.3798905741940338,0.2127885629692683,0.12469335813086097,0.25913133747070194,0.3064779503324886,0.07471296328336594,0.14312700435908982,0
0.3894955605618395,0.3345577398664777,0.1346804389690816,0.4189310566305038,0.39751899175784966,0.3219501423748453,0.2745217224650745,0.27713296120532455,0.24055170493127467,0.326894216110317,0.2537361823533973,0.14817700295768305,0.12416900262068897,0.15975564956172494,0.2766558691059342,0.24676529962777513,0.2758412551946499,0.31009757602553334,0
0.23695528378506825,0.4135865486921698,0.18055372601093184,0.520640801582376,0.17378026567441082,0.2788071060300296,0.3185447803803875,0.21498929135758682,0.4158835854941243,0.31542541400536056,0.2254117169099268,0.41455177276537775,0.1281409863378129,0.18214197765578144,0.31750845183132903,0.3461759710497441,0.2887146262186541,0.23473692134118598,0
0.4872370441735816,0.17744395161490645,0.18178694995387035,0.2421036014713379,0.25806173315847775,0.20359796290140605,0.2479079323661189,0.24522853222861912,0.2709783192424968,0.0,0.47570515684094195,0.23232540237585309,0.31967471433363825,0.08462783901591711,0.19347996865008998,0.16932209604155024,0.4263668517410254,0.17970236717969407,0
0.2194598735912062,0.0,0.22510861159638276,0.18465151217261055,0.3440511720877359,0.2922903254812048,0.17791640466767955,0.32079530144354845,0.33679156717885234,0.15777450522503073,0.19083708935410978,0.0,0.11912080307568582,0.1609036527491706,0.25889994119272264,0.13655407847682216,0.1883857615541069,0.10296031821008811,0
0.0011842941190684797,0.10616251591711368,0.2049560201345859,0.16444370191208169,0.057900005290790535,0.3529334381401102,0.2811708075468787,0.26683182967390096,0.16672106186147517,0.2595271557596398,0.31173393513292713,0.2182124735316063,0.30334866870884375,0.1544727421809862,0.2616982375587656,0.3870997939511319,0.3978423644291247,0.4093106565939595,0
0.41810582323755596,0.12432554243394275,0.15422159706941996,0.2753663770057921,0.2968545918464659,0.3095611641208878,0.35934856534827364,0.27382943448178204,0.3087260726726091,0.21889488888219003,0.2575237963884057,0.2629041016064361,0.27581177629828435,0.3427047769099313,0.31661748183337973,0.25530604034802196,0.15290488180707523,0.2581205509675251,0
0.2813318886355846,0.2975482883201675,0.3267685122777635,0.34059836371475577,0.22941692791938836,0.503044523404775,0.4164508400748386,0.21256141412063667,0.2335751569429626,0.2100342648759698,0.29359583366326936,0.13336746038285802,0.15525550468912583,0.0,0.20216078454721884,0.37777110207688036,0.23174787758206405,0.23846056702244012,0
0.2840680711755905,0.15733399530676917,0.044383186977724004,0.20865793135602007,0.3367123235932018,0.28455997065685734,0.2983537431897224,0.27596203875752534,0.2985432969814853,0.31354141109040423,0.2170382285254458,0.259946867370354,0.4591910049843628,0.26704372348013666,0.25510761957447015,0.26234614086716795,0.22385097780205362,0.19775728435350365,0
0.3017265391119581,0.2775265193790951,0.25709119996300206,0.1730780900814924,0.4532519488914991,0.12394960679817435,0.3013163462655694,0.21157111092382805,0.46114567233391596,0.1415820955331391,0.16176840858876015,0.13362183240858097,0.2888158061140732,0.08523392085176298,0.19257658062906804,0.0,0.2788505624953709,0.1899742169492485,0
0.17483261193550648,0.14912690500153752,0.29500696058210274,0.2245899915715671,0.35884943470553227,0.2957648277205059,0.40405846753994645,0.19413564348092854,0.3781041100129415,0.49416110765659815,0.2564491073929152,0.30991680123289217,0.1383366053561815,0.3572867831058806,0.38548698034291606,0.1906656179120067,0.32033914852898054,0.2836567286613526,0
0.26138052369880344,0.2512245822526791,0.38599596548957693,0.14528364435067487,0.23068192323065254,0.21613768507317888,0.042856669465124786,0.35306978917148935,0.3775503257672008,0.173893787972612,0.37361589479856944,0.05996107347552582,0.2528745403842922,0.23484898351735342,0.26052984500795107,0.25990542043025155,0.24075500041343062,0.2034672501500766,0
0.29364377804115555,0.22383650462746935,0.39323422862276525,0.0,0.008307688616165237,0.34550063862637287,0.25725621377408414,0.2800535560312913,0.09083246760177416,0.24721195469795607,0.49042112924816106,0.34890395437550353,0.27036478541713743,0.1973135307874075,0.20265125777567275,0.0,0.2809168505105393,0.35145797301782244,0
0.08416611623636408,0.18617470072686912,0.10011280351863366,0.29922544188154615,0.19410782021703066,0.5349527860031718,0.04147424858354418,0.27443598144517617,0.11464563717931972,0.19079183915407857,0.2669703368008653,0.0,0.2784191340145633,0.47834889547290016,0.19558740419576887,0.2811769428166611,0.3729906031750479,0.23032557999676043,0
0.29476781005746777,0.08311545039777102,0.2519732780193633,0.44319884727232683,0.34295201383979496,0.027911086307111893,0.3518045685179422,0.46866858720755,0.5856419212194086,0.3070090884962427,0.08626960913375742,0.30216135736293154,0.44152403180097577,0.22754941842996357,0.375173070745907,0.14924764013467745,0.2946823903752221,0.0,0
0.09627169517850015,0.1991672072246994,0.18752939045735068,0.3475121545304374,0.2789991663785006,0.03700455284294463,0.3118492483480973,0.18069533351732192,0.40293366603294867,0.17468949562756964,0.1736061660277317,0.31493579329654375,0.3415511778804324,0.3037719236723444,0.04772832191382301,0.3145641327913901,0.12588303379907212,0.27823313339059164,0
0.16119974680321442,0.2841291621979165,0.0014771789441668792,0.2391705297412493,0.3876810907289633,0.1488111610494939,0.08316579280694134,0.2332833877413109,0.2093990211938349,0.17857267955986372,0.10739847086588636,0.3123021497423346,0.3214316213730076,0.1221223918652215,0.13872956264754882,0.26637903928068707,0.13420340102947997,0.27143943792361463,0
0.22953713052420788,0.22973344716622263,0.4278943074702466,0.13671817493090563,0.025164190213076004,0.3166646442468976,0.17447798861508768,0.12071788512478618,0.3562285620510904,0.23262779394890104,0.0983723130841789,0.48219353428114653,0.05671764827231207,0.23959859291966804,0.02328678701833725,0.28247898806226723,0.17306695597474944,0.34831297783952436,0
0.2894301209828371,0.17396414980658254,0.3010796575164118,0.11976663284056782,0.32608748272948385,0.41546640395274526,0.4457254652689543,0.3350228864931779,0.0841574140454654,0.27367961571352256,0.5067618092869255,0.1457666091469259,0.24289821125077396,0.4196229222161173,0.32405607064883024,0.5476187589382125,0.1620556740125694,0.13122930571110136,0
0.29858467440628905,0.04641175653092708,0.26779415281499036,0.10281932883729408,0.14804307578369386,0.3885678523054195,0.32055015350963467,0.38790437652046517,0.4371672559001548,0.15725935514322822,0.4298765994929046,0.07413932125853182,0.3395320401453884,0.19079947424800342,0.13836398288328206,0.3237363840765331,0.3633941830203056,0.3598322063975854,0
0.32569611201093773,0.4199906475393306,0.4180214242953247,0.31957425446274257,0.2136810158788235,0.07843554549553464,0.27480288405756953,0.38135011789808626,0.2925177783271942,0.0,0.35440745857917605,0.361779898573089,0.21385333675284235,0.36860340103042266,0.32535584972720516,0.16773918492615647,0.4025561339461221,0.09790276922726635,0
0.42000722271857027,0.4797240732468505,0.2637751036283873,0.2178137695548655,0.17801907100080444,0.2502095576140395,0.18397338982758527,0.23835637091737352,0.2995879387604708,0.2013624468651558,0.2272494324863083,0.22774546179132343,0.21189238783286335,0.1970262547580547,0.34146359235241674,0.037511676522826914,0.4389135830801516,0.26626353558435967,0
0.18621661010879992,0.27728199760693323,0.13748061887832935,0.35090132809924557,0.16619916417132025,0.20363597336717357,0.18935787935234716,0.33273682772893187,0.3153332696210679,0.0,0.2805091523533815,0.04064886018093028,0.20904139453730042,0.237019117390396,0.20775301245617955,0.31009830665187,0.3364091879295439,0.15718410486168513,0
0.3242457981309496,0.2159937488180739,0.3571127262709446,0.15441348966927282,0.20203696638615504,0.21375064690211545,0.18539249701860996,0.017898571073053204,0.24703995201898069,0.2361991415556722,0.3793819316452406,0.0956866701155327,0.17327112111163706,0.39441894706282543,0.28519466335412225,0.3159255623387646,0.30441203480074375,0.3049445976921465,0
0.2865660495705318,0.12520190725114055,0.3400541434967749,0.36286776596694564,0.01587577736153964,0.09373845917652182,0.26534084838007427,0.21205088891877014,0.24798386109948534,0.1476347286911704,0.35552775698353944,0.34333503225147377,0.2579236837073459,0.3852689448361639,0.30610112107024545,0.14688490445401142,0.2942500940898999,0.13493408790052014,0
0.29093613322023576,0.2676166310293605,0.0,0.25999504936096773,0.2319094752549693,0.35369317034954273,0.3367564370283284,0.2789013413191978,0.2875796954086909,0.41228597190756,0.3880355328514829,0.2830398402713393,0.5074501945151205,0.17461644105316082,0.10774682702881269,0.2486994391734046,0.20514281654488192,0.0,0
0.35469222136270506,0.23172544912450868,0.1925185465784129,0.24484425256549647,0.335522109698845,0.13162901872469707,0.10560896935226757,0.42810432661043474,0.1618173915480524,0.29249006584340836,0.22573549493210762,0.23105612665319053,0.42164676656651734,0.23977969746909714,0.2071808646138547,0.21763412364701287,0.18958498971069931,0.16958911688499473,0
0.39985093268926075,0.11961185684912917,0.29036811264278467,0.14010118272442745,0.1693705571584388,0.4272872361004042,0.184893061586581,0.305465498681275,0.025453826072681568,0.4734781073673856,0.3223182935567799,0.2281000188819686,0.3190655811999874,0.08082166852626277,0.39190368901031886,0.2111218269404284,0.22551165819418784,0.19100132620414187,0
0.3574726291977215,0.01030399685321684,0.048120822185076795,0.27523495493033756,0.16421481257229883,0.4074430314663897,0.21217907321377313,0.017856311714425865,0.09783832997872036,0.0,0.2219049355260505,0.227393904728274,0.19906447482617226,0.37946548468356867,0.39382238038200323,0.22955338919726664,0.0,0.324073789659071,0
0.2721423688832875,0.19523746020299643,0.24891231910867204,0.1989163850115671,0.42599158158195516,0.37027284685583217,0.23901723197713481,0.1388230051874475,0.4349007625844581,0.2664020962653161,0.2343799047763919,0.43595832636627496,0.18880614239463187,0.21172877184045583,0.22230892619490825,0.09201169940297907,0.2878882438511138,0.1585186306385859,0
0.5015198500270528,0.07514345044965326,0.20311868768809652,0.4547023216653477,0.3039974009615858,0.317597568821971,0.2637501324428654,0.2895932246388717,0.3433131436334243,0.15286164173286804,0.35536702946898396,0.0852396379737353,0.2894041567397846,0.27144891559435924,0.17604482941694705,0.24727776696092238,0.17529518168013364,0.12139584077659069,0
0.3191433627212191,0.08725765768830049,0.16928246185726087,0.2625835919130263,0.3042676898975096,0.2383049049383867,0.27976162128570714,0.25940037519437514,0.2303707117573219,0.21446252893709275,0.1988482152786659,0.27783250103543056,0.29929787070393477,0.2738031000782601,0.10856835399987286,0.1301286578628175,0.29786581671376805,0.42660079608050533,0
0.17952653220449738,0.126505922253681,0.3140753382179568,0.15491018674893214,0.42701645282108447,0.04545292751776944,0.31802639348736006,0.28834419696909863,0.22518799989626045,0.13898604708343104,0.0025868437068324868,0.186228557671278,0.18833401825192161,0.3834083990618147,0.1560573234063849,0.30433247362765503,0.09493122358698458,0.30762978329003055,0
0.15572890224604258,0.23908787170751034,0.35661453171645063,0.050484573166111296,0.24924772316897686,0.13590592655173922,0.12367789934601622,0.2813213815597721,0.1845698237598929,0.103983624851788,0.40891398304839854,0.3604107417198195,0.01812328523689971,0.07306862463975186,0.3212148485582418,0.21581514003550364,0.43006895732259487,0.3239603678249212,0
0.5208908634696623,0.5944685983763767,0.7778672387895309,0.7083662449012206,0.862168418835657,0.46684237403337825,0.4213393839545867,0.6516530797653385,0.5364094238198388,0.7213551434688393,0.4842222088428181,0.9324417856662114,0.5720291354808739,0.8958657537947825,0.8143743330921352,0.5300582309980496,1.0,0.7677814166311523,1
0.24540302414428,0.29057302056544215,0.24887720077978148,0.35332047483081674,0.2882442531865171,0.3113488564515615,0.45562657458760997,0.3493007599558079,0.45891501356571673,0.1693702760535784,0.058910335258534174,0.23316630511469116,0.22292843659871417,0.4251296982867227,0.11439466808117932,0.24053452474480697,0.2986215239251464,0.262012300478123,0
0.07031839015356786,0.32087716959962487,0.32552775346280605,0.39942311845224765,0.5041851774916237,0.04689271917140697,0.2033827809258144,0.16092800354108264,0.2707008626062089,0.25160822298616464,0.22191015123038252,0.3733125233681408,0.11783029465830597,0.12506542391288727,0.12709296746823495,0.20676068950888157,0.10256917409057845,0.24417142134408754,0
0.28851417046773337,0.32214590211898,0.2368096819108285,0.3569599079515652,0.25782965535758257,0.11224704610544675,0.34842593858599125,0.05390245029906732,0.28393356931460595,0.20389325799436248,0.19622491003543457,0.2706386499911446,0.16488541710184068,0.3114647216953399,0.25681559591464026,0.17592472583053625,0.4105815484055582,0.27457391323593977,0
0.09127332099930505,0.3549491235616468,0.23895175063370985,0.5019795411714919,0.32538512757117405,0.34959235792687243,0.22094742031087863,0.11907635941918143,0.1451702823604984,0.08569036673331021,0.3592473663781709,0.20381017753049363,0.3643000647510479,0.26630972827690763,0.21486179730754648,0.10964765980377403,0.28619592795552135,0.22376403802638462,0
0.31299690737370256,0.14830033651477953,0.36942088998403966,0.11785511954836853,0.10472978018321757,0.09717648094738121,0.3670867175801912,0.24311031340869976,0.26210297198852567,0.24815152755391787,0.11491401505621301,0.1695122912779115,0.1755488552495857,0.08136742633295674,0.18949478856395785,0.12024322523245137,0.3193210754640391,0.3293165276760189,0
0.23378607904895812,0.1488929140965386,0.09901193752188442,0.17355160539941888,0.15862170051052926,0.25121611974810626,0.17554350540228864,0.1853038770099913,0.24941611381344486,0.37170898848825096,0.42648945585865483,0.26773210749808773,0.2770651742524624,0.22801755792449907,0.3077498344070894,0.29682632327009667,0.40910172197060946,0.02335544450134852,0
0.7617030684921192,0.9688230028839896,0.7406739814998764,0.6086963008615909,0.5266961196757407,0.9375905463061276,0.6941350911455123,0.6863946687588536,0.2989913074832102,0.7123987290167721,0.6478011040741806,0.3913192061328548,0.8981300574380091,0.6261596446081367,1.0,0.9745994771440307,0.5904173500649214,0.966476457408769,1
0.2704403749943561,0.05629692333757888,0.41204759527615925,0.22463751395123727,0.1866950979906366,0.21274205413684963,0.20414243307933,0.10717843927002685,0.2697940703292782,0.1783320390503199,0.33050659265797955,0.31211145923382166,0.4450803294116572,0.22460402279527833,0.15361002987462202,0.07363091978167424,0.5132012063289775,0.329452959581936,0
0.31110577561814223,0.2696807872657817,0.2440345846917304,0.2346062154230417,0.2887402522519109,0.29114217904136863,0.19053070074237488,0.17372838353555017,0.24292057659557575,0.22723181224003222,0.49728186700591825,0.2039326393154703,0.28475983745372546,0.3059111785939779,0.418062914873703,0.15265784899046383,0.4107577394970005,0.2323125310814991,0
0.2720881384923427,0.19132534913447855,0.06393360143973631,0.2911403022864813,0.2916016101322644,0.21547444500756938,0.374298528232212,0.16340760149660405,0.03743387057623762,0.16634609849737642,0.06508728369376166,0.290564362658881,0.15975065563532553,0.36816270309949334,0.36565585630713526,0.13900310881142441,0.1530271764093623,0.31413275832203824,0
0.07468280711738315,0.30522696078475464,0.1279888510193767,0.17921356711626402,0.5094330137426204,0.2196086068409428,0.16117910748469272,0.388309909468167,0.13627875965891478,0.19630970269723874,0.39988626015834,0.2551321078369551,0.06260835458481648,0.3152787537187143,0.20242409415441895,0.4347821783836294,0.177257566283904,0.3761471168471111,0
0.11473319543800073,0.3165864067545262,0.27536948103558745,0.3672319544265425,0.06471788457779362,0.192981451240666,0.2144344076278753,0.2699876545586322,0.2543052849442518,0.30628933384207385,0.2362415246592181,0.41468035251456203,0.45294511338065974,0.1158523895920783,0.25541334523162423,0.34575931303685253,0.3202393578051159,0.20105876507971782,0
0.3498715164922615,0.24544001631936657,0.22485179643119962,0.17669555495627953,0.2441185580482692,0.3167120170726844,0.3003860616596106,0.48839236860294855,0.26203294549630624,0.07134057263859633,0.4473172745468099,0.10348548660882773,0.1828730889393491,0.28260917696210835,0.30006100987158696,0.07654740172833374,0.1604233316351656,0.07230610464729581,0
0.11981461202694765,0.3460698265132085,0.28184278069582097,0.2267157980933287,0.037248501345109514,0.06518069076876659,0.2062639335864281,0.0742490189878307,0.20874918174953028,0.33572095033143484,0.18028524118526124,0.2600155123301484,0.12160576500651193,0.2858520741964998,0.3109762469763479,0.07924788915830297,0.15977364440824138,0.09793956791111735,0
0.17605687120111665,0.10667614231306491,0.12226327046485932,0.03059256262701973,0.33757945468186357,0.4670697450499325,0.42103947321643664,0.05486986136481803,0.33698256058674403,0.4206527619908268,0.19518280231136031,0.2621736916780059,0.009052833903439556,0.282008340157197,0.12237283246783393,0.27395620214938177,0.06265564933733436,0.3151429869373115,0
0.08632642340050548,0.44516028426588117,0.44032995900654404,0.35223259989467054,0.2213839075193334,0.1290382076075562,0.17109027984692743,0.48311702877112395,0.16693631361760475,0.0,0.37361986101824723,0.4300603736341472,0.4491058824599826,0.37460176050991945,0.39418236126817374,0.256352088886425,0.0008445251810004217,0.25334572498000163,0
0.3830352636953399,0.3928213655429814,0.3310516565532131,0.23151197701272233,0.18228670457078275,0.15095622446910822,0.23038901810017612,0.13266084953242618,0.4607144878010304,0.0937154136321279,0.22635360677329322,0.01765379038829512,0.2855865833557678,0.24971395482914438,0.20718515756325528,0.13806600807639352,0.250295420270514,0.18466469319829149,0
0.19803205528876275,0.321988052077948,0.3921447094617256,0.2977912305124114,0.46531790382910815,0.16533813135607023,0.029443043294888976,0.3357553467507465,0.15737997368239223,0.21715693098695638,0.03762441878546516,0.14209477031850085,0.06973271001049167,0.19788360838956356,0.20265382073404598,0.2607952493857851,0.398766755722621,0.33122875178773825,0
0.27572098234090064,0.21817556709639313,0.22442879379003244,0.26791742225702847,0.2180495020604648,0.2725756800625967,0.2471707045413935,0.09237301861784211,0.2957639245373055,0.3359265342039497,0.18495212589902998,0.4741475293868884,0.41026860947969124,0.35127427590054056,0.3498184892833617,0.2536116343131865,0.38696465256813045,0.43849055344745225,0
0.17756443472262867,0.3299726470182527,0.02090352204607812,0.3494851678026265,0.07521014619913782,0.13188026757132576,0.28986703948189824,0.17542011574932254,0.15899757879965076,0.1918220773001985,0.33755511903022306,0.13805315242987076,0.2435014162932957,0.20456124585527963,0.34838689255948163,0.35175061048994116,0.029766184307666504,0.37541313025171774,0
0.4685259993817218,0.26098487895763806,0.12863880677887135,0.326655698347347,0.18201379909274706,0.23680756282980508,0.29442172021068624,0.15143748217373737,0.18876463026162785,0.30710182852844936,0.18416260345491137,0.36680623791884287,0.1316610882564842,0.13125707483061183,0.47872670389063865,0.0663728270088457,0.2467940165202052,0.472178061707548,0
0.25491071807869553,0.23474455500170946,0.33193785259607184,0.19587630237450446,0.22219477402557772,0.3243295526745644,0.15717059594935856,0.18111487799088158,0.2731991967713154,0.4106182844019488,0.3470163684668017,0.37904848827189974,0.2575980167458349,0.42940936285395703,0.04105810905984289,0.4926687062081617,0.5082110770216043,0.3047939619444268,0
0.3860416574508042,0.20664754899958654,0.2922441366163509,0.13136474206784726,0.30403807336525757,0.2503730260222764,0.1600223994058579,0.22170047653901767,0.2278989104181734,0.21758138447954845,0.462560949072122,0.23818647972305446,0.22073246677871947,0.0,0.14269511776246274,0.21843118906523767,0.16769767885880288,0.41580491120533564,0
0.2587441885394189,0.2541288995182633,0.12418868289585691,0.34621550918805366,0.132833775068049,0.22381198665433913,0.2145663432735938,0.2929724335191059,0.0,0.35690917779153497,0.1687611582865403,0.39639559537324653,0.1926202090580615,0.24413876971191875,0.4796543248082108,0.2167194149447598,0.39866198616081505,0.2546854102677472,0
0.0106689829899764,0.20786491146099198,0.0,0.11978498262505999,0.5570214199725334,0.20439510669961364,0.07866553984242511,0.2530357463879341,0.14226355059616297,0.3537423039608716,0.14325462647367515,0.28248804521621906,0.11235291557530491,0.5618833773748664,0.31043484640327773,0.2325393043021039,0.21484500992424577,0.18356800201007628,0
0.2492113302434367,0.28070336388280814,0.17104938388200497,0.34179740453257845,0.30294116908973545,0.19954357503487713,0.3582480182850974,0.25227877220144646,0.13359320338307495,0.2921925334507552,0.27843910040791914,0.365250177533275,0.3497856340089819,0.23689284032454858,0.19334956763037633,0.2502092500069359,0.29359706556023873,0.3080505253318059,0
0.35552029569262733,0.21245922996577785,0.3639576981803318,0.266609170535432,0.2821309885100848,0.0,0.13348944420118544,0.1399966763347072,0.21176143331157166,0.2637221209184534,0.2686300390049169,0.2842896336149503,0.16780664904805948,0.3329635556529806,0.46711461322619086,0.2076010135061048,0.17035981990796217,0.16776018113069524,0
0.20075911222580647,0.4530778187341375,0.16430426893599384,0.16839170151659077,0.23435269132965636,0.2996616862974686,0.19697730612485567,0.06113692833569376,0.14611621829418814,0.4037600627757423,0.2589732146962614,0.30413047404445864,0.21862945513923548,0.17086027645920765,0.4513083339850493,0.22741697715387033,0.1967956144567448,0.38153708396264074,0
0.2705146422625006,0.23643515549543387,0.4310463547987094,0.36610604991893625,0.21148241915395333,0.2506223738390824,0.2734457099126558,0.29341755335259795,0.08720801788730634,0.0649018470638128,0.14351319735970555,0.13423138683863894,0.1727411183232997,0.3261652770508005,0.2297285012410314,0.2735673526012226,0.1030835907949286,0.19460293564948658,0
0.0498358480133084,0.34884651124525506,0.17764260249195957,0.20293287844956603,0.027182751767180102,0.16852248227776215,0.24909192440426192,0.36164534291474704,0.15745238005184337,0.44888513442789957,0.1678532770984239,0.16802898380977904,0.4344829062277362,0.27537521828367006,0.1837570325186108,0.2313840242583288,0.41236882930504715,0.42594433835508183,0
0.7626086603708309,0.6979546510004949,0.5081839628908552,0.8133811718775681,0.9091447497391196,0.544645969068572,0.7341931936353095,0.7823872629063524,0.572002684843542,0.9267537571832861,0.7926913700614091,0.6746560310960178,1.0,0.9618067158579329,0.41649104057618974,0.6499516671960768,1.0,0.5432073342586285,1
0.13101396249103664,0.11244389131255975,0.1974912031619045,0.27995267572179305,0.02058218082981944,0.24443755569030812,0.431923014945943,0.384629328288895,0.1797779108168001,0.08237525088606568,0.3051796367757792,0.0,0.3832184939059213,0.22436950505401115,0.4697560384692881,0.0427641417308241,0.36017754702494,0.23793893958229617,0
0.2722789507590845,0.1260604161385876,0.23746072885803707,0.20842951337920484,0.2486174061386085,0.4462181912820622,0.2739773049900592,0.31053329467108315,0.17502482993816226,0.27679077026720156,0.217023587175048,0.25355872488500286,0.32787346850386534,0.18997193917036806,0.20223454767899293,0.19163023968617415,0.1893136427911624,0.27078822766883376,0
0.24663786581251074,0.2731817895775838,0.5147830368568482,0.18714726657505176,0.3006746822950431,0.3782154480693158,0.26176022969192597,0.5305414143006598,0.2046352849922228,0.28889070667840566,0.15414331061284217,0.20781703178280483,0.27987206924759894,0.3515564874769276,0.2882913800828289,0.4010937819201683,0.23860416272887938,0.21013977641931936,0
0.23293217084006515,0.3135865619870877,0.11312592184057571,0.3651110079903974,0.03716000497090158,0.13251967057594677,0.16223513206336004,0.27626458462099285,0.15483012230953686,0.4328797721314801,0.31038678453117097,0.167247588869886,0.3697140492482201,0.20280585144723307,0.1791476035311865,0.3574978776994353,0.0,0.3381780480074451,0
0.2864779540662528,0.3466148225692418,0.315441447034999,0.31062273675019986,0.026046082005231952,0.4100026956005315,0.06191376039615831,0.23167009433850122,0.3242252252543289,0.2930317031181788,0.09665964075448463,0.11820092525155648,0.2844485946888138,0.3113014016523389,0.11713553864646067,0.2971111166757972,0.06816718243671233,0.3249267108764548,0
0.07143319072817764,0.38027312835688704,0.09307997219380729,0.3456332428033858,0.16587510112146348,0.4421885653474511,0.3399460646711375,0.12903425549511663,0.13995009373476325,0.3226630246269172,0.21851462431477997,0.22967889915743614,0.40266866341265173,0.1601573351956052,0.2609552526610545,0.3645553352382767,0.34709409860627205,0.2308464798975193,0
0.9577620371955216,0.4562362643408926,1.0,0.7458452230642665,0.8864688002860102,0.5872436501024103,0.43004890353141934,0.4836696893847826,0.6604277850530882,0.8801595157338458,0.7256146422558448,0.6749577664814449,0.9212441973356796,0.7547194491969762,0.7703612406529029,1.0,0.7185530688001123,0.5947478796840783,1
0.1932798039659774,0.08331578450509669,0.18700215533004527,0.32836241034234037,0.1542191049094896,0.2862639266640523,0.31750605281699995,0.10492791495044154,0.18235573388869308,0.2918765031445681,0.3342894592004217,0.18534591762788338,0.26821267722976344,0.2159276500305086,0.33734202049607126,0.3123296294998729,0.2051820381765193,0.3074132621435389,0
0.5885574908072505,0.5329819552915972,0.8906934524172301,0.6568931518981018,0.7246682216218091,0.6234016085823126,0.415247388416786,0.8631776131509288,0.5982197275513268,0.8428482732483604,0.725267415870758,0.6598573755959367,0.4467502441105428,0.925764184777981,0.7805777710982026,0.601975559600796,0.811846543445348,0.7463756351658106,1
0.5054163678922197,0.15143359849307367,0.3506187044483614,0.14164873862955685,0.3617887615449093,0.29619411593270356,0.23120345228102915,0.24510849686374792,0.17142547654847315,0.3035286641778497,0.19540198235910639,0.10292730834793024,0.09664749108164569,0.27071055012665435,0.43949095076925215,0.2691989936288126,0.2357634008668141,0.2842991367523051,0
0.3968950523002208,0.10649456460741569,0.22638784134189566,0.24212241461685083,0.37431873680631067,0.3237121561630296,0.3048477897012235,0.20170829465179999,0.39580048228983317,0.7330988851272717,0.3329538518707499,0.26196066490562037,0.09425644348094075,0.1735022260819416,0.22435477192632353,0.1858479711679441,0.24807065985677823,0.4633619292168745,0
0.39390475208900966,0.1479169374754204,0.33048721754408,0.459373113058858,0.25440771812458596,0.2228220296772369,0.23731939894311221,0.44539544643421564,0.29833390885494127,0.5073043212662405,0.2835101665532825,0.1715444008115507,0.1799791677744148,0.25739287185915366,0.005041286083637686,0.19300121959352468,0.19566425991402783,0.27877477065026396,0
0.23809646558949255,0.3905273827194221,0.4480751953484,0.24604973704459968,0.26557019341563803,0.3380338443552381,0.1488954422175659,0.2632117114257473,0.5071344527442325,0.1899983775699644,0.3524591488847817,0.3128565335364414,0.23034809095564573,0.27659861114912704,0.4603143909447315,0.3164316575895161,0.33517823479135156,0.44210347555021073,0
0.21020172800830594,0.1413044876126825,0.2355367966650737,0.2629394976929026,0.20783403290614857,0.031733032553097645,0.18029448218919733,0.33442225162648503,0.22493205488849008,0.2107071246925953,0.13830681459630823,0.176793835696286,0.4190737727898352,0.11322672918374707,0.3364987716022275,0.25564662650842296,0.27937727957456826,0.16211724627824586,0
0.3518219326466204,0.4355075775734378,0.2788085815170496,0.21487550026942157,0.3408542042409334,0.35424432102780196,0.20684059855992315,0.28963687746130556,0.39166327148943636,0.47685507919293424,0.339112595108235,0.2552966675998712,0.243510978875451,0.31688758686323476,0.236119258902466,0.2727568598826866,0.12305484825629504,0.4056468635789391,0
0.17461935306459755,0.32706969066805486,0.4600762036167956,0.0,0.5860821336811944,0.2744495474771358,0.31962689623585927,0.19764859034231125,0.24957818501718076,0.27310156145573294,0.12410848091955576,0.15331822740909645,0.3921481049069504,0.06371837855689344,0.3029246923976249,0.20553797087569786,0.13471514206293095,0.48663182223632806,0
0.2200309059507429,0.014024023492654275,0.26209403101720696,0.30267746603221907,0.36557691678100634,0.241197424650787,0.20527946046563422,0.4883517616587434,0.2507903387319462,0.3363474197917522,0.18525524279484895,0.33278915819629995,0.07532452091150826,0.19455189451376398,0.10500709126887353,0.1774032013756639,0.40005640482772853,0.17652089328355625,0
0.1636975724844471,0.22506133735355482,0.1586759315647857,0.33484488701162796,0.05738401582498992,0.06043375633666906,0.2099333426186245,0.2289216635032172,0.07544273525702755,0.17719013888229224,0.20187474190970928,0.20280424635734254,0.268225777994715,0.17061053386917258,0.42734035600099285,0.30858455676802865,0.1531463775230414,0.26134137920410877,0
0.7020888730112917,0.6815657016475629,0.7790069983808079,0.9202915118411872,0.7204187173875087,0.7608224766842896,0.691946914070185,0.4444366455685044,0.6930294145295794,0.7850825507594745,1.0,0.6736769640957453,0.34871327042647593,0.5850256894122524,0.8811717095677077,0.7516940533226628,0.5555059065297396,0.5979153267284532,1
0.307991319769956,0.16550772549607556,0.11840900120025263,0.3684517289660857,0.2753391036672406,0.30791210835185123,0.2531997465467536,0.12967075729887384,0.31103413479137404,0.22629578330194525,0.24739706482082324,0.5352403246846692,0.3542882965317651,0.36121178917095104,0.5764627752925069,0.29614886466161433,0.2643649043739176,0.16849511807305098,0
0.21494843643742556,0.05902028368964518,0.1643648947784926,0.311929129160686,0.2884722347625832,0.3219420388078914,0.31611787431348043,0.5005256843554184,0.1602569407063708,0.05566915078782539,0.12393364047141714,0.16556177970020902,0.1330807676059707,0.2612393017173825,0.40031858866684256,0.43475908875638974,0.3105170202215925,0.5069526658544818,0
0.16398145892152471,0.07376770581735262,0.0833336834964957,0.3198136532091546,0.28109585125969533,0.1668920184064804,0.11094500550314393,0.21753122498213595,0.38398207435005666,0.1497018455404893,0.1704779173656925,0.10713741191843454,0.20591045330773944,0.2905694788859896,0.5038202988451708,0.27613378153839246,0.2435586273715577,0.35355239271821576,0
0.09835104777745157,0.18917823341976092,0.2436967157532193,0.19073310403142704,0.21753784823363476,0.1652575364649331,0.07607201898296487,0.18582990671299615,0.2244197770083634,0.2127531875672502,0.26341551025557436,0.3002673484570237,0.3318071472276004,0.17397389973863311,0.06090438352962582,0.40259156388743284,0.2962535098733306,0.13544051785912736,0
0.639288490303063,0.9093406932143406,0.9344242704953325,0.8849627744854072,0.7257976734438327,0.41055338780616457,0.9761404538060285,0.656430063235759,0.6943814894778568,0.7852996705847985,0.7555679415868116,0.9006915510740687,0.8286138244737855,0.9604303709394653,0.775879691124642,0.517900905616246,0.6931835766901157,0.9151284689874621,1
0.24400908953809478,0.28314391434308905,0.3009573274528817,0.4483117708948531,0.24662228423900606,0.3902493765047822,0.11079003068276766,0.17347914105391476,0.0,0.2681567848011683,0.32770287458305997,0.0,0.2725943641109009,0.32250524166782135,0.31566851156061276,0.10649666559584234,0.34277439677106974,0.25111653968624786,0
0.29839016447186556,0.22427867358434467,0.20514368574244296,0.22841713068480665,0.33693705401982554,0.35088729138045016,0.12925100203945267,0.34148110713177393,0.17191345230925242,0.3062705982209264,0.22696411090450141,0.4378946259086781,0.19983104452226252,0.271433420907374,0.3227911789071313,0.14512493798525417,0.24125715334876657,0.21800981384522353,0
0.10014175291818217,0.19864980425086828,0.2547713151131558,0.16231163384406322,0.25990648463443816,0.2579868388523464,0.1515782032769391,0.31815693505891973,0.1583012196032522,0.5245569249681634,0.23686254120032743,0.1094447026011961,0.13187898805434736,0.3877096557637961,0.20090180203378552,0.08634834306040381,0.352445529655332,0.20013113346663008,0
0.3058781630900025,0.15781922865896883,0.2007005837544611,0.36133464319453923,0.18481781595483432,0.20258895296091262,0.06948771036925855,0.2465583435878517,0.2914324557712665,0.012940813786366911,0.12156995420882663,0.0793926717407947,0.3446022684440491,0.020517847186394045,0.2405578483464778,0.3361434585934659,0.27253859789432217,0.1972049603873258,0
0.9020631583592598,0.7164452703635976,0.9220789232212026,0.7637191914933694,1.0,0.535215226068338,0.35457854573689773,0.9657785537090462,0.5921758041835277,0.8601295847521955,0.5344545515536301,1.0,1.0,0.8070036454079612,0.7359043927093829,0.8965258613550646,0.7104506285414356,0.9219962423508223,1
0.30637899078459596,0.3355596910414119,0.05701770265461503,0.1512757572305079,0.3985460425502476,0.28442693419511256,0.020346431820528893,0.3745947914780583,0.1847460634776732,0.41935803830520546,0.23945971856755605,0.2745648023224636,0.3914745494309978,0.14230084349744054,0.13085838305992725,0.22642018955222712,0.34926073595454665,0.09029472968638114,0
0.17468346200329393,0.1811416956048454,0.2994256141040648,0.27223498214013836,0.50579263678703,0.30266185799625156,0.38813746577125935,0.12144577879322427,0.31301887480363255,0.1632422384078729,0.29745439159558695,0.33262175177378095,0.2559842612801769,0.5388790865769751,0.4213575722930143,0.3912694399394916,0.34171434308440163,0.46160329812760525,0
0.28259840835913136,0.46025489327972924,0.23108764091294573,0.13668904599389325,0.3195034283125348,0.11408154810815863,0.22473172440724687,0.17812119446997793,0.16578162001493557,0.2199894885226587,0.3579869591456899,0.3826802545989023,0.36114470357088047,0.2903624906954097,0.21907401263348128,0.0,0.29411931919327294,0.0,0
0.254575217858493,0.1651846229646189,0.25651115359597987,0.3382260317588731,0.3741572407990699,0.3448875206307212,0.16898823625169046,0.32634550618837405,0.30585597128038544,0.16483494490657657,0.1942824714952676,0.3315631723177048,0.4152289783367731,0.03259937224234016,0.44680734860431537,0.38969916110898056,0.273894220019924,0.22111400519704022,0
0.5026330116232798,0.33980408603049606,0.126608272081436,0.2778572546372304,0.34256566318605597,0.22296973689801003,0.3505579252662758,0.34791485912183917,0.32156062007129577,0.24802319583429933,0.1090071892832648,0.240785754942972,0.27112775964590113,0.024873895475461066,0.27030823791896125,0.2383838482227828,0.09440487150580548,0.2100392331169892,0
0.7341721457785593,0.8248759734346216,0.7415730572823283,0.8285055018482348,0.8520864139929499,0.6835769782655375,0.8284793228276273,0.7577900331493241,0.7279864942689487,0.9807011118022005,0.6418643444258202,0.758322299453383,0.6290115951319396,0.7970698902170508,0.9252361099372864,0.6182193910617708,0.7454496667199031,0.5831239686276968,1
0.08952177843605769,0.2786519366624267,0.27742460000936964,0.25640149435589804,0.33610700951531985,0.35482795811604123,0.42636752070324413,0.10715884020329977,0.43024194945402694,0.47587737876346914,0.20605239802575587,0.049780998031218826,0.08398013043170585,0.19457783428795458,0.49169699083689067,0.2520496000243814,0.17593790598978243,0.16775172899712437,0
0.2601770047419773,0.39980662911976855,0.1653693397937258,0.3187049273342082,0.22370077122666998,0.2747048927899126,0.2601460259697338,0.15540602190580433,0.21871681694530629,0.2673918702492047,0.23767312015454453,0.43872831397530865,0.3711946668179633,0.28479765981921956,0.15842245807365973,0.1511172289722456,0.48685732423364925,0.1288137476713367,0
0.3211767436652765,0.24610467170956232,0.3150930805431909,0.28135172650350304,0.2927145616302172,0.2251754712286731,0.16580937909340104,0.20979146560449632,0.0480226026462133,0.35103379990391503,0.10178032333894244,0.22388235337171605,0.327765404977724,0.3507276060519893,0.03704176757953137,0.23897823097299067,0.30516936393385863,0.2562419331114792,0
0.13226807590381426,0.1632117176870993,0.2071233927679821,0.08655390029768173,0.0793537880631841,0.15137976443109352,0.26035046034700066,0.10832867922958114,0.23610357880338806,0.37702633793701784,0.0937864315103788,0.22522650899073526,0.3729708080500927,0.1998077931563429,0.18115963709698973,0.38961949771677684,0.21325575052341428,0.38253940302466816,0
0.7404888361166561,0.5053709328674991,1.0,0.7393633880000505,0.6711310019581852,0.6609037607383711,0.9873671322217223,1.0,0.5521323765671033,0.7198996364129285,0.6658035935292438,0.7976145069671173,0.6275391018595352,0.9749286036574425,1.0,0.46691438451043743,0.6397783415887385,0.47034145521097304,1
0.15120637350012428,0.11510676452166188,0.20962649171996262,0.18247026024196217,0.16155886433383707,0.16814484761865123,0.3135691388871787,0.4936436129203722,0.3484685917617881,0.38471178217054847,0.20471079622639132,0.26255984386606934,0.30117788850763444,0.1708530527628676,0.19891239153410595,0.3525462349999692,0.3808351306120131,0.25808923234183095,0
0.5321236990803807,0.5118580985563495,0.7247506003291756,0.6987039070354791,0.6746929814957693,0.4537674327696319,0.7067722908649169,0.9988686299940257,0.5664531600515836,0.680337856355797,0.0964145902446093,0.5755778648244092,0.3761296821762978,0.9502089675284122,0.8781799904932459,0.5338200113764249,0.7720698872164723,0.9363076972723778,1
0.3137251359408979,0.39099770732047257,0.0510159221681106,0.35694483910554187,0.2430361592301764,0.17801090578451156,0.21990189858875311,0.3744124944449205,0.3377488620790088,0.2346491850393399,0.11330710431168645,0.12177464837060323,0.3403636191909594,0.09667090892147273,0.235821461410683,0.5717286552855884,0.3051473006044115,0.33906990447940055,0
0.08468509146295472,0.29363425570870316,0.16686341988102205,0.17928718030343938,0.23286961236229942,0.20534281365593504,0.38320509910200307,0.22999101525719876,0.38925395654520606,0.2747219498730584,0.23937651976771956,0.2689864583544153,0.09500441631751194,0.2905692627364835,0.3519027155577953,0.36890205122154696,0.08773910975465585,0.06772237573084283,0
0.041509448227550316,0.24820784166670354,0.13521107806762644,0.403860145833563,0.385645539085246,0.1359365427135768,0.24448261795527815,0.27982113322085284,0.35809495089868404,0.048925810015905624,0.0,0.25457782130089857,0.0,0.2690286891774477,0.32106493282992904,0.3983295889993328,0.1752918098492809,0.26934179753621873,0
0.6218050122778727,0.7081109018883629,0.6741795421384094,0.6999628209205939,0.6946916922598727,0.7479478958211585,0.5220244278821998,0.7951421538743664,0.6311375785811382,0.8524564798433476,0.6002464967997007,0.9090891726003623,0.8921008278934297,0.5923712934241319,0.8144998505822619,0.9803288803582471,0.5493278318145491,0.5635882153155433,1
0.4255963469463474,0.10734843348125789,0.1732298160700303,0.138810887031337,0.20322282362130784,0.08479766229324295,0.3262181136177285,0.2233332763481472,0.07350324465968106,0.12813051025509503,0.2876216616940234,0.35057518814732574,0.48960770700301437,0.5996634959208795,0.29972913199311957,0.1312554255961763,0.0,0.28212537548126027,0
0.04819528645244864,0.37859010301055207,0.15083044685363173,0.19677875545870144,0.2908522386044304,0.2409513006395299,0.30843165293120073,0.2670193502147687,0.21528012555260542,0.43345098032515383,0.3349678638412162,0.2862540790162743,0.333102380903124,0.16536046087510053,0.5109726090180021,0.11948353587002342,0.26358023899520816,0.21562884656587117,0
0.07569859395916964,0.3658409550776875,0.17418463924874894,0.38797739246384294,0.25341649493313123,0.28537106344663643,0.22462003046837764,0.0,0.11358562107355549,0.23491486483375307,0.29376749647512457,0.03523911731342552,0.24356779505674467,0.11532830953431622,0.2781544198107585,0.247671905716021,0.3392201922915488,0.3780187516225022,0
0.032597975859431694,0.37203580652654367,0.13677699509092103,0.2044629017661787,0.17654804321406675,0.1739785213489873,0.07500831541300909,0.18165668947183422,0.32791973347354375,0.2495282272468029,0.3105408554208297,0.19047016030661817,0.3583415188938316,0.18899657495877575,0.0,0.28799485515115564,0.3420861722834416,0.18289131850969276,0
0.4030293432498966,0.18529240498847008,0.3301348215848195,0.415937440406286,0.17463175491740907,0.24430033481658925,0.4574430129891642,0.27747713861790957,0.29484998104827126,0.20112952912380064,0.33244609965186883,0.24524288635772987,0.030147647454416615,0.20737209592206193,0.10801854517362602,0.2634689157127054,0.13997930835293457,0.3073754158830976,0
0.36576152729963407,0.11395699773438392,0.3990566342353097,0.21852225693028057,0.1414656128444746,0.2736523901045443,0.22566767732034182,0.4346158376834228,0.2908746434189452,0.2746790705063207,0.3580776499426528,0.38114459417112545,0.3440326113156759,0.4203356167377944,0.3230418895496546,0.2701181757672042,0.39870064745056355,0.23909246319014335,0
0.38134579302801486,0.08912905023819001,0.3024931146473496,0.0,0.228723941699742,0.42446950045449494,0.07988691613378018,0.05809146567620052,0.2764954119457571,0.4164914997007122,0.28904745413023863,0.02144585237421387,0.04802459043444712,0.26172957195153035,0.10849090968450792,0.2664023552686787,0.2735194135920327,0.19122909872107471,0
0.3055669552507052,0.042722255475754256,0.04078676075572413,0.40681476995504706,0.18290568176682648,0.07151123938561216,0.11756310307324472,0.2968569571974658,0.1512942776243804,0.278995077062086,0.13255271647041955,0.040695984713917555,0.4209256195865589,0.29778278935467706,0.20994989665142605,0.18743659339820687,0.42578804428902817,0.320983605463447,0
0.27473476489405124,0.2962558413686514,0.35180812674445555,0.3197021711521014,0.3159871031874432,0.15510978615322105,0.28530922687211885,0.06933400359398728,0.4374565238143395,0.08169222114181315,0.20842721934923863,0.09173509131678598,0.16238004569612174,0.2516114098518461,0.18654902817807978,0.3873095509774746,0.2772281219155356,0.19445083249256884,0
0.5752656122615659,0.10547596617591476,0.09886345547487296,0.13514166066302202,0.23760539019537338,0.3574936613244708,0.3209503530457926,0.2706437364136562,0.3134722656349479,0.16694966120459567,0.22070526738968574,0.2475886541949044,0.05989403933537768,0.11064277543328849,0.11541207264668094,0.3416929868420529,0.27944259382868997,0.3233273440088732,0
0.30915864216437183,0.18206165726009937,0.22558472667485155,0.3016930933250743,0.24895351897443613,0.29150789755290035,0.46283330759851316,0.11464352025247887,0.3273556393316693,0.24125228743814428,0.19011455847295414,0.37866090013479303,0.07462892383783482,0.0,0.276943961771458,0.23341843121525246,0.08765832994240505,0.044733700457795955,0
0.1385940915362395,0.28324640060679923,0.2417840639715803,0.2581512190113723,0.27932204885397405,0.2568597928321684,0.34516262639811035,0.24648912064444853,0.4593251672110837,0.2553375926760215,0.04558397408796763,0.3265972429772478,0.2970516166311738,0.25390540381143095,0.21885144212546265,0.0,0.016378712528118983,0.4477023064596977,0
0.013371562737880788,0.42952873477183895,0.5093029621598955,0.2704420311909657,0.32985630127012056,0.3797269204060596,0.09103963125060774,0.3613933534341308,0.198827224667893,0.5248869075780214,0.22740885160015664,0.35898186678059923,0.22859044835678402,0.5136031307596536,0.18851797395533137,0.3898106544792867,0.32520134589423355,0.29851719539969923,0
0.12159949758021377,0.3979785651981177,0.37254996830490283,0.2229800246059645,0.2460531336301208,0.24562495204574034,0.2718337307612244,0.17865503710746544,0.19862221282855963,0.20737305629226255,0.21120427592813404,0.21270925233375162,0.0,0.2617178905515342,0.18670386638152808,0.025982669606235992,0.20799387821068754,0.20428510263911315,0
0.25129984725750965,0.23602540255412804,0.32297474789944924,0.46336739304274277,0.20333254949087878,0.010032502318516934,0.22574753329845082,0.2859181148186115,0.27422801059080854,0.2311092627657693,0.42852579289556214,0.26634574478413775,0.23742444818566397,0.15667526478028343,0.04039471751905646,0.2895078323581525,0.27945014798408274,0.12288033580861923,0
0.24492343291928814,0.14975436533823555,0.24294608181030794,0.15818846477230997,0.2704029177105485,0.22165004408515743,0.13664464801700799,0.3690273207640714,0.30122085760257106,0.19623247190293022,0.2674591656442372,0.23994129741976436,0.14588908752840712,0.2584595474825397,0.17547858942311506,0.1366079397255881,0.05526792036801703,0.20696711757536432,0
0.24630978593641317,0.15442201039335937,0.37378465041844594,0.3319885787177728,0.3316481620143844,0.4556189866916778,0.21040270422395813,0.18411911773469802,0.20756767404910684,0.057731631059415534,0.06717002549847909,0.3245323610761734,0.08258318428914066,0.12101049219879292,0.2377936147474048,0.20053268767147997,0.35627828293552805,0.2572553566001794,0
0.16598157686976964,0.29107474647383724,0.13901746733084558,0.28093348959923103,0.22291626524001873,0.15077545979278506,0.14926703265556265,0.5421921109795701,0.26096707380420253,0.19819130024449635,0.17740976803097824,0.3065399323483101,0.1733804758536088,0.11864584397275024,0.24611027237149186,0.24520370930183993,0.1999558026128285,0.1430449264672412,0
0.2152798014096419,0.19411023899135643,0.21098087163954948,0.36396158833796305,0.1557630888837121,0.4582027599728651,0.09099284406095756,0.44385163278143147,0.12801872537119674,0.24987841209560613,0.19117646638263763,0.20875255941545745,0.34616286836266585,0.4299792156674573,0.39286296459467707,0.20141724011897827,0.2721106266885464,0.15615065515979654,0
0.32129776556871215,0.16323141920108092,0.1497635263644202,0.05913097304819109,0.20949617233156426,0.22870149540321205,0.3456396136430215,0.28232564374006697,0.12281102616348011,0.2786649189933814,0.2195145496715304,0.13782085436026656,0.05925913074731473,0.3249764002030609,0.3035676579375361,0.31681228339370887,0.1626106679809884,0.27052958345221173,0
0.34160009348613873,0.06396982956576555,0.210796889369566,0.29061767364268387,0.4263484834913812,0.18099763642547032,0.1727814749100245,0.24370650802053995,0.2921095563772123,0.23149038071246872,0.37591220186629726,0.15410274003658336,0.26441931200548524,0.3034255252296423,0.2019720628112972,0.350765192387196,0.26787502494908194,0.34466148557827286,0
0.0,0.3507481708929102,0.4222007413586722,0.4288149210755886,0.2930747728781765,0.25552697662925383,0.4093787945074956,0.45188603024081175,0.386028244345075,0.1370154877324239,0.27416138238579063,0.30274193731497145,0.03284596372993251,0.30632327915449287,0.5227590191175266,0.32679233989609496,0.42680956977301077,0.2719497676154446,0
0.30523612374594167,0.21549565350588243,0.4997401293156956,0.4000431789420398,0.4071376408560067,0.33056283699377514,0.1992809115391373,0.3217349061435501,0.20814007665656103,0.4456331260874035,0.29851352596599046,0.28148324303236183,0.2652487194915411,0.458831971283303,0.07794995993958573,0.47059453932024714,0.2276615431055035,0.08126212290212187,0
0.2640582129816694,0.38033006103030886,0.36090778219878566,0.2513748689798753,0.3810866280988955,0.29101515559956836,0.3530944201384998,0.12659566310884024,0.4586263280119676,0.2764255664974514,0.0,0.4491432608163227,0.25060659174527944,0.20254072466183282,0.1773180321775361,0.3027402242241242,0.1433933297275253,0.1807712244795121,0
0.29919227019766803,0.29039484479528116,0.0,0.15571875660789963,0.39454090619273874,0.25950580573649673,0.07995893042764168,0.5326985417917782,0.24652699212222826,0.29612007511760896,0.29794297072541615,0.20588854406077767,0.1626911581814327,0.5046009982079128,0.37038470435413007,0.34863246413304116,0.3191547030061853,0.12960191315659786,0
0.2003369740395481,0.13006883228989397,0.16514260043346823,0.32723632007244885,0.22236148465294114,0.03958156490991782,0.3729938438877969,0.3000063783742086,0.08402404435033625,0.20615451926633238,0.15494814051306538,0.33122868508955583,0.20540173287428143,0.24126719993368462,0.22729666961892914,0.07238385643295289,0.4186475401548586,0.3294796068620224,0
0.7780660629029734,0.6105832090713758,0.6913077937501716,0.5568145105643902,0.5988868023916096,0.7743347014361398,0.9802083507370838,0.8935301034640902,0.7347575148325911,0.9466978492176361,0.623148671158531,0.6282186466979405,0.4433046668093854,0.6461973803940277,0.8428497176874156,0.707248172577051,0.5620816448758366,0.7319031255950127,1
0.24759795639628895,0.38384831957163346,0.15040326676242705,0.0490064422029573,0.20772380239478505,0.05827339385509103,0.2517607800602924,0.1563455050589602,0.015487433589449734,0.45832301750322124,0.18549259442735438,0.05348568364669626,0.35778061486087476,0.16256627649528577,0.38081992404287945,0.16199267983863408,0.18509227716846433,0.2913798051372456,0
0.2001954269459745,0.0,0.2647879876181855,0.22811668488366516,0.40254772603082795,0.2506588489043626,0.09943030260229932,0.2190281352424572,0.0,0.10468985977604289,0.3262607161783597,0.2203191472055604,0.36070098873976786,0.013972929894634278,0.22090463232114965,0.19293850019346576,0.36470182991358474,0.33073153217999474,0
0.19569377701271848,0.004347548014214692,0.34485080065678897,0.09796948032275196,0.35832831783469055,0.24483687796473114,0.2653670457717239,0.2449158483826721,0.41632893146595595,0.39513308319237145,0.24653303132144533,0.14211951083040447,0.3608666926398447,0.13305100343016862,0.06341664506582065,0.3098019842185273,0.39621879061638715,0.20138977986473486,0
0.23872014709254583,0.0,0.22364872128894883,0.23112186005818405,0.23076484686123772,0.41990971294927215,0.10410420417893496,0.15104529145544648,0.0,0.19229000005910313,0.2025227735048799,0.18880273883988927,0.3829212807380512,0.3532741026804356,0.2593428069120765,0.20552643357521655,0.37314276017282366,0.2476290568196978,0
0.1900663764500944,0.44958521354663383,0.3353786592472511,0.2085764141368393,0.3677986761542587,0.059536743833515565,0.4150814022058804,0.40541869237923067,0.5183600816828369,0.3713861726894388,0.30246814526382065,0.40493684618417786,0.17490286823516837,0.202550020995742,0.24229062178558733,0.4142657837080471,0.14729459766613195,0.1345525962916409,0
0.20779847444673805,0.3430902760539891,0.0,0.40317650593371146,0.4262516493585498,0.2535800544551966,0.317052524168531,0.3170218217929075,0.1728659716431131,0.31565467665272084,0.15296434361529337,0.17694916916256087,0.38523317718547584,0.3669589228840243,0.1652349397461049,0.16197083877987511,0.17252840770507935,0.3379167479758589,0
0.29052487478655603,0.4521684664249408,0.05506905841111956,0.2417939972952733,0.27375846570136353,0.2557944416836379,0.2022537735335933,0.1858340458707748,0.4336017586493095,0.24151346937388404,0.542553584067685,0.31339299836498186,0.2152413321069178,0.31632146085575613,0.2630719444525256,0.4110399120327268,0.10987332167314226,0.03385768199025052,0
0.2967442529147251,0.399249437676972,0.45680852782393777,0.0,0.5435665951112101,0.3000384337897223,0.3590716436996551,0.041206706872532556,0.22157129958824148,0.348741750027665,0.10903026895378437,0.0,0.29026064227638976,0.24402608042046198,0.4229604505452207,0.23080978289384613,0.2395937448301006,0.3337213006764198,0
0.24246319322272533,0.2720010656798105,0.437242111584935,0.21396300901164242,0.3650567987213153,0.39783752839180264,0.2423494882011222,0.2247137225107885,0.21051355935421406,0.21930122389089013,0.3525087832692199,0.2777211972706617,0.2782347651003843,0.11497317875441981,0.13390119071497186,0.5072136189732376,0.22866091296535726,0.1570273605305968,0
0.5553720127302517,0.2455587255414309,0.12002043364771647,0.16961974468803404,0.22922284371889554,0.2289704845291359,0.4062597127655051,0.24046840508413508,0.4726249806241902,0.1981092467185473,0.30117232483118705,0.37263762331933964,0.3934182765654014,0.40742466609145755,0.21735859109438385,0.24934128876700967,0.0,0.22647879536793272,0
0.29686367155834203,0.41814235300406755,0.27175770614337036,0.14062676522352519,0.3489312474861976,0.36053808956737504,0.3285591434137343,0.33945986878299794,0.21748862438106303,0.13852129994433046,0.14581678832310643,0.053744410185057045,0.278433833385514,0.23998614601280877,0.19720147545643496,0.0,0.10032190363669974,0.38450087816838,0
0.19929268206415043,0.2642555847883482,0.20205412700938857,0.21743482084819304,0.24761179949120976,0.17131078450812232,0.33292750790402525,0.4223173749762131,0.19427435293654619,0.30822378777732484,0.22124594134784237,0.29385848140462056,0.4378935437443905,0.31103914516217185,0.03719025534283832,0.3044794757736351,0.39794364919708114,0.22340845960022768,0
0.22911100415504076,0.15765580241911598,0.2261114094427042,0.2357485330159109,0.47131650078457554,0.21887337826375114,0.0,0.41741098447849434,0.30391112488312283,0.2342787478535933,0.19753415597666862,0.13636892127317374,0.48256577165037906,0.2562213866392044,0.04146986278222303,0.289328803994229,0.3947406042441809,0.2687721602024197,0
0.6332757780372076,0.7060371280487836,0.795902154142205,0.5850861329174737,0.8795201151709557,0.7229598530769422,0.5218176936427473,0.5204839849490759,0.7021082581311984,0.8035613939540873,0.8558291919526345,0.668384655747503,0.7745483814987799,0.8085835786500142,0.7158607243010896,0.9567964702068451,0.6933369074252237,0.6204664504929296,1
0.41647435205761885,0.4067047391452324,0.38838844458308025,0.174541735607753,0.13158045167401392,0.3412949755673088,0.41521116427609805,0.3895382478542484,0.2515659108800104,0.33733702538489796,0.3394465183702155,0.26787313496552856,0.27308483496843994,0.26178344041633655,0.15542841600653173,0.1676737074932857,0.1658211566188434,0.05809158678609952,0
0.1430301438910267,0.44488329176168306,0.20577237396085224,0.17102113165424743,0.19995114374151163,0.09972541133238286,0.19419758905948292,0.22202700040259016,0.33767879269745416,0.20342939978787777,0.09790489097937816,0.05754734136919601,0.2751483697027739,0.25871510241630696,0.18348247465441986,0.1939052247409515,0.2966184319359004,0.41686555044272167,0
0.12787342876573543,0.24852612360328183,0.3489989300017187,0.14482933234473813,0.22530273309024534,0.38802869415773694,0.14708415222889476,0.3050989942962542,0.12049706700492721,0.23068457161659922,0.30360720574886746,0.0,0.18588123026576397,0.30151983126236537,0.27710129310380766,0.18731459384354524,0.1174501593302596,0.3254157858633096,0
0.3010027112794448,0.029535718382297987,0.18657601526198841,0.33356440860665054,0.1747484879548715,0.44441273673503723,0.24241842062002822,0.26022985256313236,0.38496930386820827,0.22805801232288486,0.2711532442873823,0.3578948180798935,0.07332752609995766,0.21576422051349403,0.34949839544549444,0.2578720178011113,0.4260800574492976,0.06088919701756981,0
0.0,0.25432719121573544,0.24944404333307857,0.37546387297476164,0.3925161271265345,0.2743330057902841,0.18995667071237202,0.3082193335054885,0.18664988352108236,0.24983288182679814,0.36833635803529213,0.18306743848126916,0.3466814367091001,0.3312881642430763,0.13542498194430141,0.3668672953860881,0.3338279614445806,0.26223110648471887,0
0.14350434103094084,0.11081928570796418,0.19697079795043718,0.2280042932287288,0.17269500995362622,0.32064439338581807,0.19647167458493994,0.36762290460061864,0.2837407798772175,0.16629313520844302,0.1460872139401257,0.05230044411430737,0.2848879813440187,0.20744949432983703,0.0,0.18571421526767198,0.14187591648940576,0.4390813110604792,0
0.3083644526349837,0.3220439485134389,0.3567617225462503,0.044512868813142564,0.2279762175178531,0.12215580550911712,0.317315779193443,0.33720510056053143,0.21707047826115014,0.16248784216498802,0.3216356241911314,0.23401092196084494,0.42117599945479633,0.46275436649793866,0.3700853258361867,0.2779188887257724,0.4690689863419175,0.27888643486957604,0
0.0875810114232376,0.21971344867528392,0.3283515096133322,0.29999856781503886,0.14429956025991064,0.26643101020264087,0.35645516865706806,0.10928011488798225,0.2575786441651833,0.41075691762050476,0.09700814136473224,0.38866315492594106,0.4443024942786862,0.22333533697949362,0.20883896571804633,0.37397133028234714,0.2276643549964577,0.0,0
0.09721593711615364,0.2757811571266994,0.16401001243063973,0.2648698216823291,0.3367694803608573,0.22884891752591976,0.3596098499174867,0.34489767810884214,0.3589396114311392,0.29837319278215985,0.3820920268527287,0.2962114364236294,0.049928756038804895,0.1549515211888309,0.2246491520078854,0.23953323407405344,0.2929286511095038,0.1531657749807967,0
0.3326462096334889,0.18575694360748787,0.29909322389560483,0.400956812646154,0.3866440963700728,0.18225293962816053,0.07134867454788985,0.09193418324838959,0.21259287844538666,0.425478055994459,0.16258655054303583,0.17844065763887734,0.17597066822580182,0.18619230444535995,0.24865277870960473,0.09639397905378932,0.3801231947592342,0.2326214706388424,0
0.3167486961967936,0.027113579954210237,0.40441192047484653,0.2081087003992099,0.31388815674854287,0.32448554070742563,0.41449558729166086,0.23741711346603597,0.0,0.2568553136144273,0.27408482297939213,0.12588869690318594,0.2676988785319526,0.206677787832845,0.08886952608609874,0.33057818740111405,0.18235298189226445,0.2012344942315517,0
0.1650972044795265,0.23626539876180305,0.3111580915847536,0.21991373047332696,0.18586352539448792,0.17148715768188022,0.29067542790893375,0.20703348649471778,0.19554907182847048,0.08967258939335132,0.25931686918326036,0.22825318734497102,0.21140219816296424,0.2738524812986462,0.33976027152830773,0.3341878566328562,0.31632742010797155,0.22111956656371345,0
0.1831572885918351,0.24606300282640028,0.32141896077002263,0.36433564277383756,0.26109908935847287,0.15231876461455063,0.195035336514442,0.32643464357043495,0.1274495699820872,0.22863200840317532,0.20369390819662303,0.23759658600172426,0.12888609649007474,0.027766677734546608,0.3124891139151572,0.3656957708186378,0.03493900510022124,0.29427113931114596,0
0.638328639012335,0.5047152473018357,0.5463739126899873,0.6773967910209222,0.35586836209659495,0.9081494685298014,0.9134166371054179,0.6603467753169798,0.4672003242886895,0.7281789775784555,0.6324553229082767,0.4472788174673274,1.0,0.8760320049009063,0.4550128403885855,0.7713091475653627,0.7077874614689403,0.9875139064638079,1
0.30904074085460204,0.37717653099176407,0.1808349702939472,0.19837719998657058,0.12110351833121155,0.18741434563223158,0.1908917797645891,0.16805904706413743,0.16147861866586039,0.21747942581339277,0.21602748212126544,0.47489582798332675,0.2026977828259588,0.291298025943023,0.18077404402284383,0.17924850689902516,0.04547553547208533,0.06143605026266882,0
0.6336514086621975,0.6486031302076213,1.0,0.9340314270875659,0.5610995205904639,0.984375341810465,0.5180612856175958,0.6418694311542732,0.6623561703924274,0.6496392046568668,0.8315561406955728,0.7391651972914665,0.8306509237893663,0.7777111778035907,0.7873600723092447,0.734214030926082,0.4701005866015621,0.806941837564392,1
0.1476292003317811,0.19057016557676132,0.46764832843776627,0.27893676304000264,0.21788475221247056,0.3362017553597005,0.37087588808297345,0.18142605148860827,0.2763327950343918,0.361187208306047,0.11076554248481763,0.25148145489113677,0.11627324163391417,0.1319703403687827,0.1824279907023635,0.30725434454553646,0.21135728456342384,0.17218982500379126,0
0.4159024770889871,0.3420129150715744,0.45518791071128606,0.47210243611495206,0.3641398204934712,0.33476561757095025,0.2253721393675159,0.24503952628433082,0.20945952023796854,0.3245501933074067,0.1635582355168782,0.2270672548264108,0.0,0.45677078737270116,0.2235430500896418,0.30466965248038924,0.42493440336536825,0.28603521249294156,0
0.33486450331236217,0.2720197989527123,0.0,0.2958415048845506,0.2152322405883532,0.4200061170628966,0.29742494188190216,0.3407389412503618,0.16473510387748902,0.15519186990184441,0.2469220802727322,0.2067260647847381,0.4105610862652098,0.2316017129532007,0.1030213900019526,0.1506902903573607,0.3658061301536806,0.22992911868844879,0
0.4055458817846634,0.24699799326177804,0.2495526402417163,0.00550761931714569,0.2033600935303143,0.4126575279536261,0.19879577299566228,0.33561553131702504,0.2541466153256931,0.3775202967519638,0.27298011582449494,0.13818261626822773,0.2567740815818732,0.4421460284441455,0.30971740936434417,0.23602644312476023,0.5206892582959969,0.3891058843073465,0
0.1383707937991484,0.19387714881124266,0.45982646525556514,0.08341439961455954,0.16217284528646242,0.36431003015619046,0.27597484521443616,0.15505110180903373,0.36577518836377876,0.3714754879803017,0.28976688022216973,0.1765124094899783,0.19500344561987704,0.2841611278358078,0.09256851265439445,0.40933418573597347,0.4540250906411006,0.22168541801916752,0
0.7555195041726364,0.8811013739580421,0.6967922722305174,0.7605229846953765,0.792606152577219,0.7218891643672853,0.7444733682054753,0.9628448601593217,0.5464348962491467,0.6630918032609278,0.5074420034427268,0.5769395617202597,0.9352651166507608,0.9931147223282357,0.6765135754060716,1.0,0.9045991188559741,0.5873090466712569,1
0.2748228780730951,0.27954163387905223,0.21334109348081232,0.3631066169812274,0.41293330603647993,0.12579973238309597,0.2077059337335476,0.3598094229249065,0.23445416346588066,0.19079374377601477,0.3711450584643282,0.3824143845655013,0.19604294911934336,0.27548398335855345,0.10498302449149205,0.14254229074255612,0.2648998278560056,0.2537688145095812,0
0.24528740578482702,0.28206641178362757,0.06217402390429319,0.18647897557066614,0.2940823777817485,0.35886540815007895,0.36219276905554054,0.06049829016187003,0.07266642697023021,0.32009645212662563,0.16038299343942009,0.3573511127250131,0.054379814910157837,0.23819080675198628,0.24589158193082605,0.3076560516403894,0.12626080046243765,0.013988312640949963,0
0.339476704444079,0.38055925203661256,0.4559712977772498,0.27986452921197486,0.43843010483342437,0.3450881358868484,0.2672784831173886,0.29204092413417615,0.0314299643958611,0.285054311253538,0.06475029754644446,0.0549677018066671,0.273145442683027,0.1163105685759935,0.24914634984359468,0.26661214232198377,0.2719659520980562,0.14150543115494785,0
0.40941745729500767,0.17122166718175313,0.491589574575352,0.3209584874622981,0.12807801647101336,0.1873313824548992,0.34374174462684903,0.37631733011386737,0.2415141289930645,0.255358993715616,0.3410023639172879,0.2658158112412984,0.09477941687939492,0.1524431170431783,0.2782143931781998,0.39585788997972327,0.4439178908994457,0.343543530492574,0
0.1977511032467245,0.1925076194905624,0.3448962065414787,0.42980493283560783,0.1949391408220839,0.19902715266482907,0.2876892668643759,0.22050861999845184,0.3642464383767868,0.0,0.15079539436997264,0.15611003992462652,0.0,0.13436338667574352,0.14018126609848885,0.22586744145774035,0.3835559069992316,0.2205927218571157,0
0.16719018800790714,0.2436361066705642,0.18549486777244606,0.25037892672862067,0.1819263791306786,0.22317541101346267,0.1089273990027187,0.308879151449679,0.271034225037271,0.05601613910750186,0.36914999922423125,0.2288454448414604,0.2694114875483092,0.3417474006435023,0.28938906908319806,0.389824379015308,0.21480453733535068,0.3741315263472447,0
0.31928830930231,0.2555868967993433,0.3414225728850956,0.3910607891810536,0.27309053413218176,0.38584627460970133,0.0,0.44085427574992275,0.2950074582270808,0.37934120268942184,0.10361491061901743,0.15030761420735972,0.2675125952973729,0.24795545327950444,0.28396823056119874,0.38014181931159596,0.03817356216365811,0.36685828860607705,0
0.6758074997713303,0.898439079318023,0.486350457707131,0.7019787695540152,0.682407086334102,0.43661055462737586,0.6283923049787603,0.8176053812711461,0.4530114637755327,0.6652266504231772,0.8042481693778458,0.7822811972396533,0.721473854031013,0.9877647327232486,0.6030545669323768,0.7851338483412816,0.6027020631939457,0.7539748332137015,1
0.3491217876994598,0.17126596839482927,0.0735453370742106,0.43315880706973053,0.10009820864407942,0.3026622147514718,0.14436023525999653,0.38520011473502,0.4015539982924835,0.3135013368907823,0.39956376513714387,0.2508804490997348,0.518100961699126,0.3395398280191489,0.14193381284515683,0.2583528050492967,0.23169975685419184,0.21994911298748068,0
0.2025389091936845,0.13434172812788808,0.43523791808603535,0.3547494513159035,0.26823716006168885,0.42621133164158237,0.2599914068770617,0.17553913477664188,0.12979575227526882,0.23706410375756284,0.34260645735779116,0.4167711058129382,0.25282122592413697,0.3955749913522813,0.2242876682197563,0.1562082377612975,0.09324241194395338,0.18925120451897604,0
0.8057261141437363,0.6668539086979749,0.9712975070185417,0.9906101883019731,1.0,0.41307215988145096,0.41041314481746344,0.8989669022280704,0.7142847901082093,0.9812122668539114,0.522291439822303,0.7297438948585159,0.8023171466009096,0.9545120961138931,0.7617293470517871,0.47492528744192575,0.7910681144666971,0.9801806443866973,1
0.3514339311331853,0.5597977802403813,0.6372862234356292,0.9146686473341308,0.680040388895444,0.6460943564102466,0.7739834622560965,0.640277437881525,1.0,0.8600879889904967,0.7944681208625607,0.8687620410040162,0.6084514792360547,0.8223098350644159,0.629847818682776,0.7693237454304042,0.7381663543899698,0.6947490617354138,1
0.0,0.27485654999884973,0.29398705642596273,0.40405143978384395,0.17137226572739886,0.0,0.13038750978338137,0.11835219533577312,0.33840506533359693,0.0,0.19619722479128535,0.4210954568292705,0.2508654955400362,0.35755801794117087,0.05298419997386947,0.057761258415241296,0.42246909494142815,0.26214584389087037,0
0.12123998150819748,0.08529829393907232,0.34328260752854356,0.3353756381881057,0.4674440669294543,0.1677152054712432,0.27625832452561605,0.09527977631176582,0.20979531727176184,0.1877385624062587,0.3057339948994505,0.3720426167701829,0.36892800289978,0.14886252733388672,0.3698161485547599,0.24470978354706435,0.2110483724923582,0.1649786215817298,0
0.0,0.18478053904808384,0.5404498014696884,0.30218611257563766,0.18285132567406126,0.30580962514003673,0.06268499764066687,0.21432119647628375,0.2619372967618886,0.23966792178147417,0.3448967346028097,0.2913574271483263,0.33019912217295966,0.16739532613230887,0.35773784900926575,0.445472433714879,0.1335820576418305,0.14347652131425281,0
0.13167327102684903,0.33955294068181463,0.0865009362739011,0.09026633863095185,0.25105975182014534,0.2660100003452289,0.29560376886331524,0.19725696426194636,0.3604175855357302,0.1465822344428288,0.32519732242677296,0.27569448144017505,0.3220778902754239,0.39183976623106465,0.19536011858741423,0.17067069618166858,0.04739274926181,0.007719748489259659,0
0.7770863778620868,0.6099861942676268,0.9084447037285499,0.7794018492479413,0.5833198623920381,0.8440117427262603,0.7889840945613042,0.6345241740895482,0.851416569759931,0.8551118611481696,0.9363279957137113,0.8478249357881118,0.681489561527598,0.5574463360832621,0.753596387072407,0.7815247605179416,0.72921544953385,0.17804260759405266,1
0.21353174380943787,0.3133578041789214,0.37106210083241514,0.34290825298225547,0.3362569085395575,0.07023398277831583,0.0,0.4030317446344749,0.30266289354473586,0.2474107100061676,0.33331756333361856,0.4812771922799096,0.4196237399015692,0.3654664687362349,0.14359292406008278,0.15918510364361485,0.0,0.3260216168661904,0
0.1432235212781908,0.19093034934815364,0.27410203567311164,0.20517832033829836,0.30823639396757685,0.3127412512898836,0.3566779816485578,0.42082713667180394,0.3695030469246833,0.13789131230224483,0.14157586641084735,0.24090742282482108,0.19585895713127027,0.11340079276468687,0.1969969846992407,0.1930584479657153,0.16937827122865529,0.2121052616613993,0
0.18930414930628728,0.21504305361439885,0.16903548204833918,0.1963008760291462,0.2558774335003987,0.15139478486032482,0.2843174774955264,0.28414980946613405,0.228490162857258,0.1507048173323895,0.2625955658742234,0.18941145244578506,0.2555913000527241,0.3817752960884122,0.09964718594751606,0.510818360427205,0.2412971689854711,0.29942071286871047,0
0.06944737256032804,0.31309782389858193,0.011020112506038487,0.125651083290025,0.18097380754950584,0.34626668705861685,0.4054562040415782,0.3823338696793087,0.23160714514453207,0.0,0.29690236254622704,0.4264688487069536,0.3980548489376282,0.30555388116924637,0.10725966827938568,0.1869631595645902,0.482057727849481,0.07999245584030396,0
0.2774808881253727,0.16995849787637646,0.0,0.37892705301539376,0.19133930675868588,0.39035201724184354,0.2922037321498798,0.39403081372241444,0.3462271024131368,0.0,0.32378747394975965,0.20875894172626192,0.3898013424721811,0.32094489941641596,0.32235628455587284,0.21733086451500996,0.14048725694706504,0.19805356492353693,0
0.25306188796639784,0.38507332314516507,0.18007014867173318,0.19027170257282594,0.10097621552422922,0.30247411295204907,0.19914209883613015,0.14655112272761783,0.15798204799872617,0.314452659575549,0.11764474003323236,0.12830008420243805,0.35756337106208597,0.23006553090046333,0.3646534103181168,0.20687730216290012,0.24986489207240417,0.268755912632346,0
0.22943744249462408,0.4591048364010887,0.1097124543982658,0.33051919545365077,0.37683181374985525,0.16342124233068706,0.20517712614727723,0.26699545285742843,0.07222180393689648,0.1953876145766372,0.40313344491356995,0.3127185773037305,0.23118984526201086,0.263568683420378,0.31970864386357256,0.3426892177492136,0.18323030231450776,0.43416651319356037,0
0.2082802946612789,0.3727585829292802,0.2745809994203885,0.26963714168537045,0.23342671758842293,0.4520266854687757,0.164407992508521,0.21127905550491338,0.10151978259040043,0.3372077292789407,0.18014211923707918,0.1935957301928414,0.1879676041411383,0.25752662992748654,0.09990884984090248,0.0,0.3049244844871326,0.0,0
0.40032287164481095,0.18950358243552357,0.29015287500768655,0.35096996585612394,0.3068841196689184,0.0,0.33344280411733446,0.23792634848018462,0.2105165563836001,0.23691100612297333,0.05679606472707022,0.2730605097594163,0.08627303515488277,0.21569923485320425,0.2687517317845853,0.3788844505585137,0.15164642081683427,0.42419048462151865,0
0.3164651584334598,0.23403082695864796,0.23558977059175068,0.41557987957052656,0.39514248429314636,0.3072892688123306,0.4562930884027514,0.20362650853282996,0.4447568138355257,0.31510185322426604,0.6425231346657507,0.10690216878610267,0.16727856973391902,0.3002557393840657,0.29766808635747904,0.48401667810100224,0.16979503800405593,0.3585902222432661,0
0.26366315417806285,0.2933138457218415,0.21264116182200327,0.12973554825071687,0.15581240331922158,0.1844193997235166,0.16486085570826653,0.40932644718171163,0.24890488078328454,0.18714386786228654,0.26283496526406464,0.33015470863538976,0.20864563527309044,0.3582377554211098,0.09746238707721294,0.39055643585396965,0.2489257192273335,0.24423851778979258,0
0.08495630235193025,0.13161006257777436,0.25404786396980017,0.2814823636386614,0.054541852487276554,0.12309463428368342,0.20615285967001168,0.3650222479492351,0.15242766965605367,0.2668690339354094,0.2794471168760897,0.2200369809131832,0.28216240457913216,0.08860998345235038,0.171305536172566,0.4221231828962674,0.4305717882397131,0.35115048943322835,0
0.8644391676443951,0.7887398753655349,0.6475350652732944,0.8373729880476033,0.5759810843476235,0.8311636184511604,1.0,0.6557745886698503,0.589977214203067,0.9228360835772615,0.7640445003108329,0.9412681465829734,0.9502789180895679,0.9442385807672877,0.7947731903391178,0.7362339547193828,0.9508054071626555,0.5201889728125321,1
0.23814464863725046,0.30644847618334753,0.33881006242989614,0.14432450022976928,0.21762386566328698,0.36722887169827595,0.2428001654303995,0.06655144072469038,0.3985165611544451,0.22430667731473058,0.3809462532617656,0.08254519649601408,0.23548159028930982,0.31116832284126816,0.23954261661988147,0.10803925572148088,0.0,0.4327918155404032,0
0.20443882349821924,0.03365725642985409,0.15974069583189757,0.1409076533675973,0.1454540713569023,0.49011557219081847,0.2567693880603485,0.27944452107943984,0.036832204438924654,0.17152442396356937,0.27583631559298144,0.12705653045043924,0.35896754122215824,0.10567640969187639,0.21563606369617894,0.17967380320293297,0.2697184791258299,0.1731411913773489,0
0.21066402399809958,0.3021649442524477,0.25322704740702234,0.09880639587368276,0.05371080541671766,0.2815489843159619,0.41597374492830863,0.2595217460862063,0.3475956824704248,0.371537098504432,0.2820150214953602,0.152261021456631,0.2734369702054677,0.3948487465120577,0.3135868659519897,0.33978944113943865,0.1944944509969809,0.22571754883054213,0
0.2849834257266117,0.18316502677919536,0.07131643041666347,0.38259535298779923,0.16071219385784322,0.25864772229874566,0.5323119619773485,0.34618114500799707,0.443337950659239,0.18542502249506215,0.37851716761842485,0.25320027915422694,0.2939220304922298,0.4925010055647473,0.21656250110203526,0.25231053444118434,0.14161424181904447,0.3566162267089692,0
0.2335758532759997,0.4848916002301591,0.2706612659071083,0.31394406495688393,0.1942642269183406,0.15586773883902855,0.24724507438616225,0.5504711205822669,0.21550867661272474,0.2933725364037787,0.1505921781891352,0.0,0.1552202401682013,0.5356851432824514,0.32144683536697194,0.4469109041264142,0.2082733318081629,0.0,0
0.5161728409209321,0.41496879580839724,0.292530328639565,0.1472932093129276,0.22300787473962647,0.16690893382960373,0.2617098689114163,0.2871907809519218,0.20906494074275653,0.07547046965115975,0.505847078285906,0.2785032096197621,0.30479104002333124,0.1993108736710017,0.06255866616049438,0.2400039362922596,0.21121335892157195,0.33514412568634927,0
0.3404534896634457,0.4064293844323484,0.27082678548136446,0.4875763666722,0.0914835212909331,0.332176902453637,0.12757343698444001,0.37702502901564994,0.32354330268892334,0.46616269801152743,0.30996503088498684,0.20151927783275067,0.19107157450947673,0.21997873107846871,0.18871311505289776,0.41165307650167426,0.40307659321140665,0.07041190660691793,0
0.24992398037490823,0.24231499712187693,0.22070558578200536,0.0,0.3362568166897435,0.27933586796620946,0.3490629119450353,0.23595981382336434,0.32977901943442306,0.08469915245662668,0.1096881268886116,0.0,0.23387809650020486,0.15729692946656798,0.14159417497954963,0.29015828535583693,0.19893913669628457,0.0780290791835605,0
0.43334825642536956,0.60827116453411,0.1909558231830328,0.10632626303671949,0.21813631470640793,0.3818791261178478,0.3986675046131544,0.5226372982188215,0.24558333768204713,0.30856678186629855,0.16458764188545433,0.0,0.24524167628218907,0.11154948955123498,0.3272028643911604,0.02423280153530058,0.16128005311389554,0.282121504436855,0
0.22886947641284447,0.33041249100845904,0.30718895011194997,0.31597765364455865,0.24906693657107842,0.29658728712870097,0.13464587048656668,0.1094585732524321,0.23786728797936943,0.1684268343525081,0.42105570078993115,0.2950173315168532,0.1640222331855353,0.21741514737933038,0.26596078983857196,0.24183964526212998,0.2826095239521118,0.25823854533547697,0
0.35329437638190786,0.27485361161377925,0.43950450520441586,0.3751259336719224,0.37732199518707776,0.20057540695675652,0.2383046984838074,0.21336958509191728,0.06929294276201117,0.4266123106594639,0.33944647706118547,0.20859674511028747,0.40655110089519675,0.17435588239034133,0.029423863785366933,0.37088437034723376,0.09657277202608033,0.22650694412512198,0
0.32320210911838176,0.3370093339778651,0.16503290079633146,0.140276973258491,0.12612768584154077,0.22035183642056938,0.3339045629861235,0.1799485569735011,0.3229517968213966,0.0,0.20373193576297005,0.39005648411338745,0.22948344531604772,0.15050276366006,0.17117881334348836,0.0,0.1285837635505695,0.3768689647015099,0
0.2108423853434507,0.23773034885371758,0.30822543371743555,0.10146445366450849,0.168130744464034,0.23083935006130224,0.22654177678920773,0.47037084488961073,0.2778695911268629,0.056369222564869065,0.30018176339041175,0.3154796467292774,0.23498463661063143,0.10439239907089584,0.46096656343761555,0.12161393037024915,0.32929266476991204,0.2740060634876722,0
0.31063210191193247,0.07846021139638379,0.46419377474561657,0.17693789102255708,0.2701846968533507,0.3525261592814046,0.13156242930447137,0.18444107697848,0.2715006129521049,0.5928967690557647,0.2861349691422429,0.4427633380756862,0.39468077742303465,0.29416120437934223,0.13129650740431856,0.3771704332981882,0.07022675900223435,0.44210501484125103,0
0.21965422644186025,0.3174727446297392,0.09497412781219722,0.2923152644700607,0.4795545769278102,0.3059413194636773,0.20485454754598426,0.18914736634861096,0.20075920319858687,0.21952447863426627,0.20466321606900736,0.359957372928948,0.04201490761492202,0.3534400060494561,0.20443761698289267,0.2952337342834447,0.11476145077589636,0.4094357280219323,0
0.5688171389763998,0.0808800105441621,0.17983167073186493,0.18931094745076713,0.4948592097189445,0.09158384200270009,0.30111067575833317,0.2798072878055848,0.29003227656094577,0.39836117951331285,0.3958995231696506,0.1958851808175859,0.27328209393927894,0.026307756141742716,0.2618911610226315,0.15472126866016972,0.227634108884738,0.04775537622199663,0
0.13216332332612185,0.3688319797245932,0.39001397946282856,0.27232994724283577,0.07070136321403997,0.23623051527998915,0.27332870523286823,0.11264797146558195,0.20678343237075839,0.080875673492975,0.32287506699837326,0.26991463778824615,0.05250602022229067,0.2921757833898377,0.24321892631316505,0.3119697139305286,0.20301610794934866,0.1538224719108371,0
0.13987492305996888,0.10739333744820767,0.37770513866296107,0.3326334041174665,0.3671998443973756,0.25471756792291556,0.3432169238638176,0.03864527144289462,0.3535705021654426,0.2712543796006036,0.32525315201789984,0.2956027958858336,0.1315533814555736,0.07023522695307441,0.16455350005804442,0.3177900737527495,0.33281096982104746,0.08584692671417646,0
0.32460556759870723,0.3920055861643463,0.10337943469041833,0.36947919436574383,0.3616934493189595,0.1709115052106196,0.012090515695860782,0.1214492776966325,0.17856908957094492,0.43500050161710324,0.23580369099805348,0.12918064288116354,0.26774182659423285,0.0945582794961301,0.31172080602476193,0.1326803128873883,0.1500971511771309,0.29505904581182707,0
0.17222180256469075,0.07340224628432235,0.2749607814489016,0.39202719076909853,0.42058552695111384,0.11927902987885283,0.34441651124563116,0.2601401053450222,0.0,0.21011234216172792,0.19675803241680448,0.39529814751696435,0.14548545892251322,0.3175677216630718,0.237149399801561,0.07650291960568459,0.18373776297303535,0.43379577520668433,0
0.48167600532025656,0.3055617817551616,0.2523574867686136,0.5134293890751329,0.37264749916786805,0.4623132124648247,0.10840552862601743,0.10391288918503785,0.32404902821392195,0.29973990617149465,0.39995944427918495,0.05430533496248083,0.33443168991659733,0.36871223601043535,0.36234064801736643,0.20119667425509732,0.31223382059152915,0.15692114896415768,0
0.32039009391710144,0.27409600642363485,0.39336582699889455,0.4764044068525123,0.3312790016706123,0.30395044295599694,0.33884047267538725,0.30599065804025904,0.25602392145119107,0.24648090323831218,0.1273996043125562,0.3506703465165807,0.24624462281700038,0.42394227691487707,0.359816308430238,0.1748858053268827,0.3996029256278506,0.0,0
0.27164172961064403,0.18719866980692826,0.3716906949651717,0.29118301621055637,0.3203756166836562,0.26908788196320177,0.3129241796333012,0.3050286025817154,0.13863104462370618,0.29476757144501536,0.3449809806335824,0.3886169759433813,0.29993285779404555,0.13416993775221567,0.15264192045111966,0.1977822302496483,0.27273566897638296,0.23533166784308882,0
0.3668396213612908,0.3990351996176573,0.38561191796854166,0.3236919012535148,0.32180164564898595,0.3123592688015803,0.11831947905435478,0.3340867788231503,0.08730232346481354,0.15464806538499343,0.4064278081369705,0.3508264195233037,0.4284877947623035,0.21739907395752495,0.11173013904678791,0.22114753635155887,0.2622437556688689,0.25947864596080117,0
0.21386904137947715,0.2607564489882025,0.27132119293146406,0.3026514980225585,0.24983144707812222,0.0847405100069541,0.2091678794918007,0.322799004980903,0.16961406323451989,0.3307337535638053,0.2538061759549372,0.2238711811880212,0.3932972671047511,0.04142422667388623,0.16896149220824208,0.3978914451614531,0.46960589957842414,0.5243190981606041,0
0.36758077377375886,0.008485526605224614,0.283800504403547,0.0,0.1841780668121486,0.38123881694754774,0.6111724160103233,0.2213411399021239,0.10034609459559457,0.18838093907019204,0.25792836256483653,0.1695710512553349,0.13902115888242345,0.19877799922331874,0.2974692719470291,0.22967092731323846,0.14420766398883608,0.16959250003770474,0
0.6696696429021171,0.5975682059123473,0.6876226455672808,0.976737478278901,0.33925146707701703,0.4418739675045455,0.9674534444690671,1.0,0.8557093753076508,0.9405931544534479,0.4692635329229927,0.6909962354055236,0.8301310645812681,0.7873420601173805,0.8439859801467,0.9377222521844277,1.0,0.6470959766867793,1
0.2781575425245711,0.05912203620766984,0.05181688057127709,0.30096213438469055,0.15216562854465585,0.28624493861203887,0.3437117893731026,0.0974856595113329,0.08061552945085779,0.4509318018874354,0.29218849395549507,0.19969112119920748,0.13792714568244838,0.18874709813112645,0.10713131966640277,0.3560094608908708,0.1567898615672415,0.38122415058595205,0
0.26972688435727626,0.20314432606446278,0.4717390015547255,0.22909927194340507,0.45014651333434236,0.11755111626615913,0.32047110001633505,0.28832803165494747,0.1457143302562261,0.27128753375643283,0.3955022604197921,0.21114499548560792,0.04696448209962842,0.2478924608227065,0.1417092286248985,0.2089190873603341,0.24020946763778547,0.04532173407813794,0
0.20067166325358182,0.23973635176623143,0.15591226750266032,0.25129798233070416,0.25697036879101254,0.14197000265181883,0.2821239040610917,0.28137431860965445,0.23005481037027148,0.5405256443544182,0.23311571359788297,0.21649189055523782,0.19931282689507207,0.13348729323083203,0.3323076831812084,0.16765036383766596,0.18184622236026965,0.18541101285536823,0
0.8044913079413945,0.8836895976252949,0.6567572416558615,0.7607621288934616,1.0,0.5996453424634977,0.928705017135306,0.44765094146627593,0.7948809085776756,0.6842208402746051,0.8772148811716032,0.9887370107821337,0.5735466519056278,0.6859239753574676,0.4740178707344699,0.4719753089149278,0.615899775319056,0.7936789090691152,1
0.19907380220180623,0.17274257629010809,0.30406484891161184,0.14461979092647798,0.20802340428632085,0.13389174859572156,0.3110006942102637,0.15974130753053067,0.09559205051429737,0.11670694924973668,0.18146939668908424,0.1923639017323871,0.28017431746641996,0.23060520535682338,0.2944372952509246,0.30407350294500685,0.3388599413714242,0.02106105078320472,0
0.381188091022782,0.5483166537510463,0.21762436736741497,0.3453912385270017,0.24937060929878216,0.31072708245916414,0.2550590269091841,0.0,0.22597759387141877,0.3699466087370241,0.15817520520777156,0.3605135731685852,0.27203309972684137,0.2270211362974949,0.35869784623400414,0.3317237852277114,0.30046564854376423,0.37190802433364967,0
0.23927911196049828,0.3329910421128738,0.260373176604182,0.36601105985397814,0.2943490168470696,0.3494554456192817,0.0,0.10187853154030482,0.20627779961348472,0.37954825418802907,0.47566356712812874,0.23029170611357466,0.1766103923334184,0.015403774689063648,0.3536276516887797,0.1839771309766628,0.6050001603229787,0.16127152959585841,0
0.21590811935670604,0.4810015362083022,0.48787123601747073,0.25558158042576895,0.2576773253642626,0.2051868440380582,0.3827207549803343,0.21052961555999475,0.19943952704251608,0.36743114363979573,0.18540410856200207,0.24546939586617633,0.06024270621868086,0.33450284141478004,0.48290403270182425,0.336547044735975,0.4254159001056766,0.14846774365872029,0
0.2125507818317491,0.2537650127387928,0.1353442891894986,0.32602444900774985,0.4750916833399327,0.14348441391526945,0.45696980452896807,0.29373092598014144,0.25202361991464534,0.2980148598790289,0.2968631798760418,0.47285253028758933,0.31242648781860693,0.3149328605369165,0.19942002160449468,0.35068925637572845,0.1351783631652417,0.26308047874955126,0
0.14005179987055297,0.40227341697197505,0.250063624903972,0.23179880522880555,0.32101612227172094,0.12940630729596483,0.09530156136057832,0.29900218953299645,0.11803951503894292,0.11799878155006521,0.3504107237465065,0.31300769319807276,0.09954045490565064,0.17570367484703964,0.1415522132864416,0.46315831576486965,0.358721251308473,0.19949861847936712,0
0.18317808498122362,0.1614729086252538,0.23473410509681528,0.19177735825994305,0.027197170817393757,0.40264814640126456,0.22067708128458338,0.1621677980946084,0.11458915809456027,0.34248784809435057,0.09418816370841701,0.266078476222956,0.17996211977517024,0.18694964073252013,0.11757285628289202,0.17556166809740076,0.251057486980823,0.27823746716187914,0
0.3939684862771276,0.3387506963706165,0.04693100781658932,0.3050410306508694,0.22850908469591583,0.254452976323368,0.2798731617112791,0.3938474806331922,0.3673351556255225,0.16003087111752454,0.24296656387723967,0.1961774328571346,0.048178483731208255,0.23687553908786915,0.4713705313070915,0.04455479275003035,0.24711258476079193,0.24326342255083896,0
1.0,1.0,0.6561195607663941,0.5454110276592787,0.8897409837522887,0.8577688839256127,0.6894977861568935,0.7336989068319397,0.7001674340948121,0.6551438048954588,0.6585461231713052,0.6984614717978954,0.6469534653165254,0.757843897231887,0.8752644509485837,0.8129263921041128,1.0,0.7865132436484741,1
0.3157044933855808,0.44521610590076205,0.27227842425343235,0.1408524548502738,0.03183047396782335,0.33244131497348584,0.1457095168627104,0.35402043725936166,0.41769041825950826,0.06471102808249912,0.3164671070510755,0.4051146892407213,0.3722847190336338,0.0,0.14756175462475546,0.09637833930994921,0.3128167306176461,0.2995991948182597,0
0.22262617819412323,0.15971981950398179,0.21473597230316946,0.09834996167121737,0.27571761831058095,0.23209202977840135,0.3159028593079639,0.2740479400576351,0.27480280869952284,0.07644311745638635,0.30911098619738464,0.21029603178346695,0.23000820308204586,0.3757917251668972,0.16366773321797257,0.41214211941508005,0.4233370359247712,0.3403341324837246,0
0.278384569384842,0.3361036596491039,0.16563033088719087,0.330450154332632,0.4142079210460485,0.394055403218023,0.292395132223389,0.2391282701333227,0.4582748362776897,0.25184847933897414,0.36284255435382456,0.48499377750226913,0.35023216955559205,0.1303490520511585,0.10131726624300552,0.21428446959242795,0.335139894814987,0.30337430402128157,0
0.24824921074862624,0.34658396182492845,0.27726639245185314,0.3345139624479404,0.2488227013833479,0.2777503066127069,0.22104331807800742,0.37037340812051783,0.28871469154191093,0.23103101745845192,0.22745078385384151,0.23689127905036036,0.25365327084124384,0.24323666785372955,0.1829390013746368,0.3417880666321913,0.3493691191057804,0.46406282054808956,0
0.39652231124559245,0.19513057538306905,0.20073281033987175,0.20522268724645099,0.24220228228114252,0.06116342849175535,0.18527918649500483,0.27764416229676664,0.2767885523409795,0.38895916630955046,0.47072706666337655,0.4314980135997284,0.3597582860888721,0.23215184910793513,0.1752317116051744,0.25214541190100825,0.32026945237274773,0.3486325357894801,0
0.389073949885228,0.5928926107767838,0.29397413758858604,0.3199729762789292,0.19085682773253287,0.03277440146958205,0.17767367643637333,0.11885257106815009,0.07635945083019813,0.4566831930394779,0.28274350216309274,0.29556250967367803,0.21291731617645004,0.22925547010678765,0.36574608186872,0.24611954575657416,0.3136832725629679,0.2264794842585981,0
0.02944462203340309,0.15386880491974742,0.16014904148564052,0.15722878058139036,0.36640703082491244,0.10436766662330293,0.28611751293257903,0.2689956444661499,0.3652546092966004,0.23402417539156825,0.34493571606370704,0.22933358342870824,0.30212710319017605,0.06964706953033112,0.0,0.2953056224279024,0.3017419751247076,0.3070602799782259,0
0.8434882539406359,0.8280589786767921,0.6928266335109983,0.6236959866893048,0.5900386355925173,0.7211296874693658,0.686895939672476,0.7543832855601759,0.46608208172316523,0.9286927796161669,0.947277537407595,0.8899287362430126,0.7241403197532009,0.590597299404002,0.6160764051142815,0.7043990322926451,0.4589073005453739,0.6473456439103302,1
0.25492487388267077,0.23784323591887674,0.11568962431548346,0.19907561627828124,0.32316238513407536,0.3732384219306345,0.2528800735558576,0.2570793748783851,0.2066805913881668,0.18970699576505404,0.1396512364141237,0.06320206549132584,0.16570639910721557,0.3584863440808616,0.19906996687633874,0.20847775795671497,0.20614177603424233,0.39936491989992806,0
0.22412662060607247,0.3506552438041394,0.027122408352757255,0.20686243725812334,0.18839574774207318,0.43972584206462495,0.3018113209420342,0.10873394640718928,0.19344467451635206,0.4367325086062638,0.3357238380128829,0.1398119845113494,0.21795153539402934,0.22178690219102226,0.18544216874130334,0.04477454124139724,0.1686853941532038,0.41670391670384493,0
0.6258016106519368,0.7521972235780694,0.6323793798241025,0.6792224726990703,0.6333249081952868,0.6442458633821336,0.6912040244367763,0.6296489540981967,0.9129266259212354,0.7336351297342414,0.7133134182681142,0.7361037124615843,0.6975658292530977,0.6002430071871633,0.449289361049415,0.8222251038398931,0.4959085953584492,0.6284202264839859,1
0.40174477712056433,0.07938836207865127,0.2125173470012956,0.41297453150407126,0.31096949262388784,0.2734315637775727,0.22387783678784118,0.20394388891507054,0.2845862875708389,0.219715105001862,0.2448905654746667,0.2594318447338045,0.1686314165807801,0.3138555248657726,0.5997093578098504,0.036761603280871,0.28888150290279757,0.15877718936573132,0
0.30751844434543457,0.23138802977213535,0.24892505243234977,0.30021243134909575,0.4193343634196358,0.1996282564572357,0.10940654627993326,0.23914718236076632,0.47602735160439347,0.11069193298859345,0.3280162834696341,0.3889495875142137,0.0,0.2992267028330182,0.3224092764487714,0.2179197758344175,0.17242737266923394,0.17912051769712234,0
0.2903247437176032,0.3584081139672225,0.1408067632233875,0.22559893969099518,0.2744683162307403,0.16296318034884985,0.2980008084077302,0.323851409822652,0.3151417661003848,0.2318700067193985,0.3809093560783073,0.2190859073777825,0.20814150546672655,0.4229846808520551,0.11716404403593078,0.04564372950574236,0.1458620420514288,0.29646903120136475,0
0.5016550881862176,0.8381718930544263,0.906061189101927,0.5091261806124809,0.5066961637815905,0.6829540201010368,0.7743915234401425,0.7997494392722507,0.7408576708862209,0.8063088229694838,0.48678371807938375,0.6767548498830295,0.4162010219929985,0.553476518702094,0.8198315005392511,1.0,0.9047447385094498,0.7796457254076039,1
0.49435552027130103,0.19805720662764248,0.25353464409571413,0.3576900633917584,0.013601374732286176,0.22155689836708373,0.1811999378839399,0.2746096095452962,0.2944059619918531,0.24072887616011782,0.23516232421852146,0.3778157647162534,0.28617831164008456,0.25497100120623317,0.2677444709752167,0.47030667970362616,0.27072087723809274,0.18826617940411539,0
0.4762668284276932,0.37050615627854705,0.20975470579918393,0.2145886412917255,0.2931384873655811,0.11444543251116021,0.28872117238443623,0.09031210757670813,0.24153589397858008,0.10977142001717693,0.11582992212079427,0.44748671363418513,0.2571071073141465,0.2748887782481401,0.008634416670241257,0.17835978897747426,0.30534545424452164,0.2732963519137006,0
0.24938537599359145,0.23038685217705848,0.290508945855872,0.418897823357646,0.26087018882820945,0.32727265519322296,0.003979347876277295,0.24415379176838584,0.14881236756485547,0.10374243274916464,0.14462171596854992,0.20990518711590256,0.35990830508272154,0.09083287387125233,0.2536757791113301,0.19189966799997057,0.2106792286765647,0.3703309390365525,0
0.15749864482506318,0.18541957401419146,0.25225901158972563,0.26775501585097505,0.22711361466302765,0.1992016541204177,0.20783160783934218,0.5509269742608319,0.15751298182021495,0.1830433589744569,0.6452624930041777,0.3005215962952663,0.08440232009155652,0.3511224644772716,0.1407953332958623,0.35908738093661163,0.22468452647551823,0.19722449806127113,0
0.251269024663489,0.3454426496551692,0.44757916905805994,0.32025834786952984,0.346397706834912,0.22601751254786506,0.16506425641975397,0.32847834786821384,0.2705488989520686,0.0792845621500301,0.21063164518892824,0.24005235718221357,0.18874505595658256,0.4278082713450553,0.307580684428266,0.4147809901466377,0.28161103139825916,0.2597665403710093,0
0.32150553807960414,0.26134682920171753,0.4891879563405612,0.29683017563926833,0.16621285126889687,0.33836434345176236,0.34240263890751643,0.20235867852450223,0.11032051548039881,0.3143242229471885,0.2576218212118002,0.06801398899149358,0.2805425198788735,0.17356085223745527,0.06812775497650231,0.20774603879340378,0.4039502481048236,0.39496738001056686,0
0.0,0.30257505909291366,0.261203903357175,0.17021022063527746,0.27160605656828485,0.2704145940589552,0.12286144859704776,0.28982244721358913,0.39365625070325855,0.222647022943178,0.14588869570754706,0.2286903916237926,0.35255358340773146,0.10284173928432735,0.3194269910541017,0.1686382649775423,0.2790475697655685,0.18228024699453238,0
0.22760000567467917,0.4619875833394535,0.2311334456331026,0.36850215528773894,0.2764046856744081,0.48195436449073004,0.34036545844735927,0.2555391377455674,0.22854382254797923,0.2481552998725384,0.16295232746291904,0.08599562349536605,0.2870482468131014,0.1859777783962749,0.18565897388255354,0.23933917161431756,0.2562668126076722,0.2508851213901887,0
0.6692442537881295,0.4192904113176936,0.6984235176656277,0.5640762499030993,0.7379734375409638,0.5913919579655768,0.3508788962792047,1.0,0.6783427127977776,0.8406143675826474,0.6251418542576367,1.0,0.5126943845847147,0.5546966784869695,0.5233879044634429,1.0,0.6751329345470737,0.8691214595320382,1
0.05533964365474228,0.3229618522735428,0.26341056369297516,0.23826082815566824,0.24727605640753292,0.2745462913703506,0.16697358507837218,0.22811789709704308,0.39207269486702007,0.165531305868936,0.12641344285898853,0.2425951182551379,0.1143320251892383,0.04326602542547939,0.20866393875102204,0.4238346261476708,0.24536750849477285,0.2714292513337856,0
0.0831211901835904,0.0,0.20516691461296108,0.31725912461180283,0.20651571585237055,0.398387693608627,0.24437359608413214,0.41286352771023743,0.38822841271171665,0.376154423820936,0.10557860389515994,0.2520568801567842,0.39673281849787767,0.2826813669709646,0.31652318859987616,0.08345352338612541,0.48025479167296803,0.15503507169215003,0
0.15599187353240557,0.6171437474796189,0.11967117008650252,0.09911410300223561,0.3112166458736129,0.4335176174760754,0.2577507588331866,0.31866909042247293,0.02877430990495486,0.16869861451698798,0.12116611250349196,0.022594498006254293,0.26403762808286646,0.0,0.09133648406950615,0.18553674471838982,0.15024569968587084,0.2975690202648481,0
0.34800806984781524,0.28808109582932495,0.3376328601701329,0.34152784878194087,0.0,0.2973923455395338,0.230703296879721,0.19002684722361093,0.22654752639469147,0.06329815758133586,0.03344678799553849,0.3995802900938197,0.3054589383650711,0.0,0.1808338550317911,0.35566620800758364,0.21639827515352425,0.39940059445580334,0
0.24853397452265832,0.18580024338925683,0.256657398818921,0.2526879607620106,0.32462782586371913,0.056594809068922225,0.2377176451798578,0.26491327258498293,0.08615558033748921,0.08451010945184373,0.20623498972211324,0.251022913992415,0.25144552300666356,0.1832381822388106,0.17831984884394514,0.20257884142248767,0.28582261136184917,0.3993545208151982,0
0.1852254036384447,0.3444501330517845,0.16620967637645667,0.12599950048131647,0.03881093536522659,0.06218459265995191,0.1424265812650874,0.10866522787589547,0.28758838328496605,0.10607178090111577,0.0,0.12473058704926412,0.1933768422734297,0.17734606145536413,0.4323429615171021,0.176374892885302,0.3557108155839037,0.2477220880382966,0
0.29160168984924506,0.44433221896879505,0.4227931766920794,0.2967768064646227,0.2137983068642985,0.1737036932142843,0.21364890473132295,0.3152568697501487,0.15313074334487006,0.3408908581660457,0.5059792621603989,0.2425740117847126,0.08867262360600336,0.08863063044203046,0.34318786620538905,0.24283045852474677,0.35521970752768633,0.18596389010087805,0
1.0,0.6825834112629967,0.800050562647606,0.5712364659864542,0.6641469283383933,0.516150146438726,0.4895528056116394,1.0,0.7130217809094693,0.9249808811988465,0.5741067205159763,0.7541946364091503,0.4493170490671555,0.8114945520678527,0.5040405518429022,0.952719141370054,0.42265829452896064,0.5077412105001888,1
0.2969512186280955,0.15697183523990985,0.3213162617768517,0.2703529553115956,0.18093303940605532,0.30670231617602334,0.2595244199220935,0.17739993389351827,0.22865610717244234,0.41962805626505695,0.41570653792835766,0.27257729671246494,0.2568720589464743,0.07803448152833911,0.456323813603954,0.37436102648415603,0.3402341884845192,0.0,0
0.24115277452544,0.22650709454710827,0.1489106761363865,0.30191873830956295,0.21191954622793965,0.3824397844905716,0.2283553296966032,0.13424230925600927,0.04747473377879374,0.22934686822619543,0.09769545143648531,0.08800457751942664,0.3132948770976384,0.036679592660393,0.41946320539994947,0.2691659661274648,0.24473888427700466,0.12582808713392968,0
0.10195880092111567,0.2871253137396969,0.08958795301856706,0.23822455133968537,0.18144476345582983,0.266290704561278,0.29101092176291743,0.13523995564064895,0.2464702654058109,0.4172409066947539,0.09252818829982473,0.14751354770055203,0.3532905577498402,0.25930657758957043,0.2681385915789477,0.37267628184307927,0.1547117557842049,0.18767977238828853,0
0.0,0.379133472006163,0.1470684674645899,0.36712872183665674,0.13464688168520011,0.24178149584478456,0.15278612841497924,0.2243343162661503,0.46959088347165334,0.23704746440879126,0.5032361948711004,0.20370249266885965,0.4290117644568162,0.054916887218463634,0.21561891335461705,0.18566680176095712,0.43452467209565704,0.2722298543243289,0
0.640647913223636,1.0,0.5265710058435321,0.9725586486964575,0.8336395090273903,0.7348857399584677,0.9268951511915496,0.994622070391541,0.8063395776502504,0.6960346067787839,0.5528384163965125,0.6916429377505274,1.0,0.9930892630636925,0.49015094088193767,0.7177027664684164,0.7444934327742107,0.7949746268551326,1
0.2845282566117184,0.13447300511272836,0.07898672910400556,0.08456828118464488,0.4097120509997774,0.13207768307657716,0.19005253700161925,0.5025559118335569,0.16188932118682528,0.2910879517541111,0.3776574011950608,0.37188642243750913,0.09021083715475833,0.16439770627582015,0.2862836771502382,0.4814820948859951,0.15861872096305654,0.19076644190667075,0
0.15893360705228676,0.2494171148072042,0.1793367274619481,0.49273057754488014,0.11390705059421044,0.28763347073625534,0.16776114348984994,0.3386593695251905,0.2852144584075448,0.400546317538243,0.3361741353587012,0.1667759357351787,0.5999443093040112,0.31665113603812867,0.18392056614057858,0.2746648471415464,0.32570003521231516,0.32113533747222855,0
0.9134275977743853,0.4912389369225842,0.6886989476605991,0.7761817866966452,0.5111091745053987,0.7099317914742345,0.867281897486222,0.7052926881895276,0.6270927747035225,0.7944130820775676,0.6001532424493478,0.8193248570605437,0.47845063230505763,0.7729288297235529,0.6149457248675865,0.7548695675963274,0.6481549520139468,0.508262986724096,1
0.48775161456663085,0.28014565567554306,0.35431905122591384,0.31478619846990785,0.28280292927972434,0.2630438680018083,0.35768687503899754,0.336237068237282,0.28166721736138584,0.16674849693425342,0.29626705666581665,0.24195904762383,0.2130092906385909,0.571453116995928,0.06531384307506069,0.36502154308689794,0.14647948668954033,0.2657434587212075,0
0.3412159702451024,0.2775053648938082,0.313607764672176,0.1654392084556141,0.22844663034022497,0.2736131315988349,0.34846341705009026,0.20275105933305135,0.3125400706878535,0.2180993449701545,0.23589493992062435,0.34954228504288876,0.010832755473501293,0.09442332063102868,0.07213775230686151,0.0,0.16860826718137878,0.33993206796732883,0
0.11442455220447378,0.1721969903650089,0.4609733099457206,0.2587509870060559,0.12972306800192823,0.212227366009841,0.058308685460012555,0.1283008369431745,0.41324076868557436,0.2329021090736074,0.4768876211321447,0.2385582593804733,0.2456825564570205,0.3269072990250548,0.0,0.27459271883842895,0.2441216214326858,0.42832466722181767,0
0.5582447905694418,0.5912503058343381,0.5616676282717673,0.768377898435967,0.9724551934987915,0.8184887989880515,0.32814673562525115,0.8367525000253595,0.6404237901743994,0.796092108280016,0.6930899684396975,0.5651178198770276,0.7071351135043874,0.8597577826170351,0.7753886906799711,0.5605190915438114,0.5175414261951577,0.8517747325458255,1
0.48981590496951166,0.3702051064017806,0.36331868225419167,0.21827611677839193,0.21564239118558232,0.07579535034815216,0.3438088273657381,0.30892655257705426,0.40431968376139404,0.22470043439725992,0.23298650245595237,0.2704054634272763,0.35702770906085146,0.07357412534830254,0.33832673604860497,0.24754053253926034,0.12296352784555645,0.0,0
0.18500148887213258,0.017657276768861196,0.26600956978849877,0.13563095617240267,0.18059888501661459,0.3074949061555703,0.42008000601212214,0.2454327851869589,0.31648778037350445,0.07666247906165313,0.2794628297194041,0.2428112874787405,0.3975073096751418,0.1851449828765492,0.2210034859405155,0.3770577360559354,0.23895594491264208,0.11693903424552776,0
0.36120041977311274,0.02165181254880255,0.011704121114683469,0.250394294133891,0.2615352627270767,0.2985058163222768,0.18532317900650871,0.13984914338892018,0.2491220640766063,0.19701062375824047,0.4361285685586833,0.211092730008977,0.24361778179395066,0.547050176751753,0.22662877279231758,0.31673882382389085,0.3275571320063624,0.33776819724618573,0
0.058614968318127986,0.12425917373562159,0.12512789741901945,0.07040074279325437,0.4123112691707854,0.5406937481300195,0.19291010568248593,0.0915492223786708,0.0,0.22070695377734784,0.21203614922062675,0.17184446483678267,0.2765650304771474,0.29742077713785836,0.2887699909525481,0.21206501536378153,0.11780538045108857,0.3298999717368059,0
0.3902186716994162,0.1629830369387027,0.34646037071504365,0.06967828576518414,0.14566077295482266,0.2651172659809404,0.32958491557917047,0.4514814937476429,0.22119231215219137,0.14611003338531228,0.13994213466022853,0.16745848659708484,0.5165232155770143,0.340824829736135,0.3835038220434951,0.22132172953841267,0.24980215811215048,0.33391174071502283,0
0.8061483126146862,0.6341844624297718,0.3770617565104674,0.8625995590029386,0.7135117039263836,0.7382662612506704,0.8532008019924202,0.8654432822180903,0.4415913066191002,0.8202779409021844,0.8511379152160989,0.7594060717677714,0.8104394673372103,0.954410513004093,0.5417613019051551,0.9658884604287811,0.6696525020145412,1.0,1
0.1528243597003215,0.24568365356169797,0.06475215033206128,0.19276264297747855,0.4117693400064829,0.06924393217471414,0.20918591688239102,0.17892390244838602,0.49063214576653097,0.1854566551996416,0.19242269375698048,0.12630820866379233,0.25111861642807015,0.2824200466028425,0.1437016182856487,0.36864673608663584,0.28252763011462106,0.3522279122518218,0
0.99043908299232,0.7633948141774932,0.732438726993695,0.6221837780630268,0.8306710905727652,0.7260420152091027,0.8745238276421372,1.0,0.5891664837275753,0.9068911133442102,0.8253209117547798,0.8024601434865917,0.6420241476549898,0.7123048895420662,0.6149012093461781,0.611330929016568,0.5687775961285577,0.7011904885647183,1
0.22270967048273393,0.05619389312982548,0.3686238235421755,0.29374300455913627,0.1628781882758828,0.2163279463794323,0.06991967166617935,0.1269507846666515,0.18546263843714328,0.3974104974736181,0.17325959309350292,0.32682563911945106,0.18540205565661044,0.279753707302225,0.23303253974274374,0.3547667920111292,0.18582263941377306,0.0612966099997071,0
0.1446144313417738,0.33663566444961024,0.2361233111845809,0.21098522195292074,0.23907236515270544,0.557143414799885,0.1589438176573179,0.2771870399519654,0.3437642451390845,0.13451045810932788,0.05868905951128814,0.17786822284453924,0.34113558413306416,0.20895958579260604,0.22226728823667702,0.35929235815504956,0.15323883046061687,0.23934936266246604,0
0.258874156441466,0.15584989165813617,0.23204413155685227,0.13599390087491436,0.34710132310707253,0.3185856312997857,0.24743170802825235,0.18179782339659634,0.502878147973842,0.09375232166159966,0.06464642837669893,0.24015928232463724,0.2190343208114912,0.38170989457052584,0.3275339745936007,0.25354307043784474,0.31004053393833675,0.307859889789959,0
0.12997496519178403,0.38749147460690664,0.4943028737493155,0.2257074190651584,0.2380909107127634,0.2785655481653895,0.11668352421374797,0.16711990605023566,0.46383110372380265,0.23413522745205823,0.1494931626369748,0.19575497243640705,0.3787388424796161,0.012892373785007322,0.28055798768246193,0.5454662494050954,0.4937275152746835,0.3187843336982407,0
0.3049029451937074,0.3770033814187682,0.4189538659116854,0.2898185856132043,0.45564090870019647,0.2611567051386974,0.37929284347035086,0.30144636074873765,0.1840954442289561,0.27174809852558124,0.310380625301095,0.24613622423168713,0.29954278215970676,0.3538435551192274,0.24719522296049287,0.0,0.4513924181792045,0.21428902837356056,0
0.5702789786655924,0.5687093638872173,0.8618026178735165,0.7117436905812746,0.53439464161614,0.9529198810900392,0.3743392557079334,0.7901865169083582,0.701314691800341,0.9493122760357523,0.7256288035259448,0.5663285662965424,0.8002940582799715,0.7030550149358373,0.8883560668205951,1.0,0.7428450442874637,0.5726306941130774,1
0.29402173141912913,0.22259964240759134,0.30176802372160233,0.3085458423583365,0.12282927348540004,0.11922777614689248,0.2225607540192025,0.15698551316634626,0.1443505432568457,0.4534824410889845,0.06599742737471045,0.49276773127336126,0.2846651660030906,0.36834859396215114,0.3541999380796278,0.3240351012719243,0.4494198158971823,0.12010999738278619,0
0.3794811567083336,0.10628940531590114,0.3266511258011172,0.28978500341604313,0.34001779158788004,0.35463705996628087,0.16666417096895764,0.05596487198020647,0.18597765691805448,0.35669527810324086,0.1849595315768835,0.16671480113708298,0.03143795896904339,0.4603177065461127,0.34908563697103717,0.3423875177529717,0.3661270464135368,0.3192050033852082,0
0.5148498478556408,0.30220675453136886,0.21070705398992393,0.11399894762681317,0.3916524853476814,0.24927265249500988,0.0692632278120722,0.25267127234983233,0.13051142666475918,0.19892349875802215,0.25074303717311996,0.14137863419980112,0.19148509972523722,0.16070561990640173,0.16392529644157175,0.1290375379442128,0.1920682522476253,0.1426361869871256,0
0.35155677501065785,0.20736813899880652,0.30244091567819653,0.04401406427559937,0.27160574991655995,0.23402496868699998,0.4011079488244577,0.2261628691377927,0.35423974160571353,0.20305929865809985,0.0,0.22293564150277204,0.27361087061361256,0.2681005004426209,0.26991406063281737,0.18922549571613195,0.21115269091059707,0.11483873865033606,0
0.6943980215567869,0.5044275300526281,0.6021981508329014,0.6250552678101764,0.6575458298285964,0.5211812165276536,0.807774456125386,0.6559655551139106,0.7471283701544676,0.9041795243257065,0.5642610422287104,0.578217455673657,0.8637179656431138,0.9380036548553995,0.5313131561596469,0.7491275043484711,0.7343063137203643,0.8232485036474387,1
0.21536864059767397,0.16520028651437335,0.07322793128372168,0.3311142353138849,0.29156897522428016,0.08927601084489448,0.22108999459269563,0.22788570192968474,0.2718333314211927,0.12016930616228094,0.0875206916806705,0.31236693952406924,0.06592455852776527,0.2220803808334404,0.21087073770901277,0.23520588181278576,0.2803261145413422,0.4418284741373688,0
0.32440206569122937,0.4558308523195086,0.04295842308891723,0.0954718447719107,0.1550264489526199,0.3418890252923911,0.22540630684323404,0.16310689322756527,0.3360079609246506,0.36476683196103626,0.24774880486916437,0.15205369280553477,0.2824335480682471,0.22200781498569197,0.22107841074574475,0.18851197376777964,0.36099798967865065,0.27998562715921527,0
0.318656591187581,0.22240428011159274,0.33121273537431717,0.13240534036184542,0.13612145941680087,0.21984940440475834,0.42970793633045623,0.2695901951845847,0.21695610284010736,0.4352965601447976,0.21556738777557538,0.5181679884743193,0.18864602516551052,0.12859255248984386,0.23003656301777492,0.22010988869955794,0.15307360283808602,0.5622368893790124,0
0.3186603720704999,0.26205621527158585,0.061990121122763836,0.03180264204998723,0.4310785868574127,0.0,0.2734822184352222,0.22180263826078997,0.26929613750249193,0.1132039910519155,0.29208129855209475,0.27472197210100874,0.5813214096735706,0.26559760558208156,0.41178821281937666,0.07015771894623485,0.37241143816544564,0.2771527963548215,0
0.30217451514575905,0.265795517371501,0.18934300216041983,0.2497980627406034,0.19688917144127605,0.3651455275173743,0.22563313995176051,0.07041913266473207,0.04846915180128594,0.04279382172154908,0.32415649090647297,0.1118194826351867,0.28601029310062803,0.26638894209896957,0.24223496861082675,0.3026086244058843,0.26899642445086314,0.0,0
0.0,0.3004015316406598,0.1422751121229699,0.332687497481834,0.15926684294467003,0.13145194555962297,0.2683806288711501,0.5329239076031642,0.3398835989339888,0.2663463159047022,0.2930621843657162,0.039866096621728325,0.11531915550969324,0.0,0.4575848673491947,0.4332863234986898,0.2971382231457892,0.26621381237010455,0
0.25134506313754185,0.3309037312679276,0.2613637776459516,0.21257649524029062,0.10927482941633504,0.27966022676963964,0.2619967332990844,0.130860156663328,0.31984669898143164,0.40215082076080244,0.17078883184431876,0.16268414268664494,0.15830217316944178,0.048560613737528874,0.4905378024250113,0.1961337543381077,0.14698549871029148,0.1147869943612789,0
0.2148464701783443,0.12484763928424797,0.15896011247934977,0.22108452059450562,0.19108759028345537,0.15894502683332318,0.0940483537386135,0.4853314946150813,0.1899324468130889,0.28959586882374755,0.03892336525067777,0.41291789594913,0.27005927805842156,0.19673505484898474,0.1977830715203262,0.35432918293192656,0.0,0.15109679935491085,0
0.22082314556947666,0.13405809205142222,0.37687948515830344,0.3319644499746143,0.2717958953834021,0.2448657311649676,0.16831973473001888,0.0,0.08044877240079198,0.16088255925768524,0.14284403415833763,0.2847232749539278,0.3473792490367985,0.23458729373187576,0.4190700322145722,0.15605227364960433,0.23373554479020664,0.24388153848668848,0
0.07920894107757814,0.404635681801101,0.2679793238242833,0.18955586834634225,0.20087596843889965,0.24597846512076235,0.2750101434236538,0.13958147783541697,0.22192720507859315,0.15751926124868865,0.10419405675113527,0.15192259570505234,0.11200304407654726,0.19958141046993777,0.30189698865620984,0.26448524250135547,0.4869213731992781,0.0,0
0.2770719580669808,0.2611837095659059,0.3055179875494761,0.19113729962887926,0.13837239144465063,0.27192749026531693,0.1264493316391559,0.3794107031707106,0.2362573136093065,0.21086378683540527,0.3054610747300253,0.24083626006819403,0.05103379397977642,0.12262841207326797,0.37692504446375374,0.2600661217413499,0.048211863716387054,0.2922534480058199,0
0.3112596369892624,0.8977906137854439,0.7109654738333219,0.6963924693985912,0.887613014671053,0.2612281685336725,0.5914628650212823,0.6661075693195538,0.8733938304799417,0.9968813382604321,0.6759416136451826,0.8027899550643094,1.0,0.8535297691195298,0.8042758300841918,0.49727673044900345,1.0,0.5916642579205831,1
0.4242396427814876,0.8069245384838479,0.768621050040905,0.5927334711075183,0.731982259997824,0.9514393090125062,0.906946060868031,0.8814443807980803,0.7572445557268423,0.6897625242922191,0.6478878880821641,0.42912694495360404,0.6722560773263524,0.8471985148040118,0.954573137589214,0.6280239485670954,0.8084214133252332,0.45409603061176695,1
0.04158984069879745,0.20145421702581173,0.18127149005104304,0.3632295228086394,0.24288879132164784,0.26470038797245804,0.24730575658033815,0.0,0.01036644877939985,0.21175868399430348,0.2834271985808567,0.22181617687358654,0.14631292300798598,0.22116242567611566,0.21074973591467266,0.3434803898658848,0.33676239782389666,0.18359025668276358,0
0.05806093592909198,0.3551897899279299,0.0,0.4172453378580782,0.004855679135541191,0.5423673565641749,0.2032278604627414,0.4048459672927642,0.38009872280930374,0.197621309043471,0.20683009381748785,0.14954092442412686,0.3444844199733147,0.19918382749378385,0.1517219766339119,0.31447312143473827,0.14233882703131012,0.21052212498975967,0
0.17447866187985947,0.3061383739491588,0.2734124767771466,0.32552848073226404,0.2658248575745382,0.348251674041693,0.261351103954924,0.34416264593580237,0.35449873244399666,0.1534568043730224,0.03302271437551049,0.4352191427217464,0.2807990476854714,0.044261692540465414,0.1643416603337547,0.3426249150843794,0.21643878026405283,0.18855262968170475,0
0.21257843837988413,0.48161134401921024,0.27641420154128404,0.3743254301577519,0.23586216346112215,0.025130017979789948,0.3306810218585948,0.17101759244949505,0.20972798440145074,0.12364345010614353,0.2587321436705632,0.3778214033946943,0.36192857301695514,0.4403427409342197,0.4573551349544933,0.004495092369013187,0.10676553268850417,0.03301701060081366,0
0.4006357327361022,0.3966166008568944,0.134972364973529,0.34887911816004163,0.13088048113261117,0.2564818529385708,0.32873538991691453,0.1497660482487302,0.34443114226772586,0.18935731046177162,0.18031629671051824,0.33479811802476583,0.14968324675798977,0.14357974367642862,0.3749387248036099,0.2630268582309921,0.07550566056360464,0.3526769654065853,0
0.05745483013182162,0.12660380647519243,0.1713170093203514,0.2724609280738256,0.12042473133653686,0.10466792916880818,0.1384663098817468,0.11612151986082625,0.18346075068452256,0.17832551249259215,0.3326868180368573,0.1312564737916453,0.20708840460042746,0.18459727840998774,0.3470661971245081,0.23148648687787549,0.3760836068079033,0.11171557887942293,0
0.5744782128735264,0.2973085179330437,0.1636622144825743,0.16668834853023173,0.13687841025623915,0.3623883227028145,0.20627472485281098,0.2652834970787783,0.24237895906740775,0.33777908895291214,0.14839070885391759,0.12093132566283815,0.2769156768617913,0.32211511416398764,0.2899038775717169,0.15286555250832068,0.33129818105096726,0.1607366887485239,0
0.3298261292901915,0.2504099060810215,0.5563250864980185,0.20348387557883044,0.2888150194131247,0.5895062994650202,0.27329099554038144,0.241884335286878,0.13156937262992185,0.4333919640650782,0.11090780965881158,0.3012545100217746,0.19317336144299424,0.22727964849063734,0.07912812776679304,0.41117526660806736,0.2166643232898068,0.10418924093283599,0
0.7503408453639739,0.516901733003413,0.5891229836289208,0.544173968598892,0.4965284862184961,0.9991903994552311,0.6941817056249432,1.0,0.559797411870817,0.7921000910496849,0.7608748788569809,0.8783426831398176,0.7658187308665247,0.8076513122715434,0.8197555702517632,0.5235710598152918,0.8518886575969302,0.7014421744663787,1
0.02924854088965495,0.29019713082746496,0.2005471992767674,0.38796445395613866,0.24472231242748593,0.39990754404641427,0.31091353180396625,0.23469898491422111,0.3445203171537154,0.3452870157432546,0.30662920053894566,0.0,0.13209274110827227,0.4160927015807108,0.0992864973477681,0.3558953380078968,0.33477431881356023,0.16290971661015646,0
0.18196019968705096,0.12473012304130754,0.17882121911943016,0.25235801141638836,0.15564566540170208,0.26152685669409315,0.13414519865057628,0.05068097331915736,0.3483287345037754,0.19307024855609867,0.14955596161313306,0.11873834304430739,0.30076431696764805,0.41498892537615606,0.2016311366792627,0.2241323950404902,0.37859582078668863,0.03274651547700255,0
0.34096959843281094,0.17194954567921658,0.19568572724152672,0.2205339801759177,0.404061415219516,0.02321768091638579,0.09212037336706808,0.01632338011722198,0.11949974562862598,0.15260799385694712,0.05626224950915332,0.16190227040623972,0.008234262287990207,0.12784135314787826,0.39405044798922406,0.29843056843373233,0.27249612066070333,0.12966657324650627,0
0.17975077338165713,0.045622422934307155,0.2123251300196495,0.19207216273113004,0.09098675354514893,0.34320426804517334,0.40321566276333703,0.24671674119466266,0.21332237405843585,0.30219815225581526,0.24764332450059484,0.12013849405225765,0.17167864160952867,0.2144276791902363,0.2797823913372035,0.25112040614517617,0.2752443255984539,0.06702064200592939,0
0.27976458422815903,0.39001612633493654,0.3614402919232539,0.3216216191343495,0.21143951738235184,0.30877203107669543,0.4219044335644869,0.25996131139285084,0.4782041253279028,0.07006937362397728,0.05717096664850638,0.36856902574232725,0.15175084761749463,0.49520043045145345,0.41048096454795324,0.440508580810965,0.35613235666615006,0.13940996515956466,0
0.0,0.2584565939786175,0.16481568070558883,0.12095816516598068,0.3006629980173178,0.07584253110146824,0.3467295869536741,0.30803191783126255,0.20197681459632977,0.2424027696586649,0.10717346870149094,0.3400406324038451,0.27248370892615187,0.2814219945507453,0.3102268455607756,0.17291015033299312,0.06771300700948793,0.3648782049895157,0
0.15718619768538597,0.24644236132943523,0.07674737327214351,0.25369728180990303,0.11128887469327128,0.10834170124897205,0.23688545078847006,0.3768366718217122,0.30284964252877555,0.3110944463359311,0.23440993840251909,0.2097231681819379,0.3449368766193083,0.18241874052150372,0.3501320985337235,0.39831363267208714,0.14903358604290673,0.16666654052401508,0
0.3957027794714202,0.0,0.29751206493169885,0.4373725842164288,0.11466630821299434,0.2044232185852126,0.1596529699325655,0.14267847447069654,0.2108485593972352,0.42129823404214056,0.4704864010585024,0.20968729299518227,0.4786072256877364,0.254269177238155,0.4604429232041297,0.23880416204158098,0.2657269391255373,0.29385693671714014,0
0.1857867632396222,0.42246849175744317,0.0732779413216137,0.1791441782018731,0.120747146964296,0.22492321723880204,0.39958796912775485,0.21546953162209387,0.262177280292871,0.32970914277102836,0.20976203703622864,0.2959153197113493,0.2800906902198447,0.11430288232407251,0.19428215265381496,0.29255027356920915,0.4038630430788742,0.4037512350709814,0
0.11063923397047445,0.2793554541855822,0.31257232597170037,0.0,0.041750780900170786,0.21836755682312628,0.4127252357781961,0.47653130622603634,0.2002603011804369,0.22952236270955007,0.14957610912584285,0.3259847679863347,0.4334235501392717,0.400722488485606,0.24651992648135002,0.14937619538377306,0.2509836405171785,0.41569440453202927,0
0.05114329265209516,0.2964237453332152,0.0837096425271337,0.0,0.2087183630652035,0.1592927615929315,0.14661555848373362,0.0,0.1478988548856342,0.22916297617927572,0.17390152718846874,0.29648124115039975,0.4171192778170675,0.311964092830621,0.37316731529223823,0.38309520275781384,0.1277367079519945,0.3026937631223434,0
0.1371553237077156,0.17727140921270534,0.13686091380609922,0.4375189943712764,0.34625030490623765,0.1847017704737689,0.14633483500542632,0.4161868600723124,0.2934025258406631,0.41925015623396056,0.24278207790621323,0.31138423869203197,0.2860273186292803,0.1751066398751117,0.2327027009429189,0.10788359868419864,0.3092928188472692,0.3413498495616232,0
0.5645151089966554,0.7166213046212062,0.9736766582654159,0.6343063092250933,0.7110148164652713,0.4115030569923955,0.6461240021385438,0.7672984855132902,0.4355324855832692,0.9466232352900271,0.7722935027880194,0.743604856441458,0.7810124880997934,0.9242765463713802,0.7722193866782936,0.6119985192227086,0.8485252827578701,0.3040827588586721,1
0.13966572567980665,0.3096592892864517,0.26709108832846784,0.33285824248813217,0.1987296824396159,0.2690247629292057,0.3250708472760804,0.2128784152335714,0.30481302850688935,0.17056888707200185,0.2064335384121914,0.2041914527202005,0.10649924252931525,0.30843669769426985,0.19367171917567313,0.2514992942473225,0.3076895990687091,0.30358374112359326,0
0.4176902525654731,0.3426533654528819,0.2593091928538823,0.38744073166409265,0.052131253082173507,0.23979103448017314,0.26650147673535823,0.3222443799943011,0.04418007966056553,0.2187511711750622,0.29805529556212895,0.3072594551676803,0.39233558097450416,0.3413806398888094,0.24269847407535505,0.3309968498738506,0.2258363637334441,0.26761287433154235,0
0.18692705545019545,0.42170591482259484,0.2798812848909514,0.2113914416065423,0.20801165252299056,0.2322211438398555,0.5376328211840535,0.09194939716244377,0.379945861715889,0.3181726344507948,0.43477741028944916,0.32548801542298267,0.25040356004401815,0.3724033154344456,0.2775722589219152,0.34059472367275734,0.4213863356583074,0.26110239685869796,0
0.20339993162408246,0.24955731692219296,0.15626290092606654,0.35797909985539395,0.3475909214463567,0.24426944578137513,0.2175191493587567,0.23656517989220235,0.23742560156226272,0.24059523662490848,0.22744010781798407,0.28029391775108714,0.3403854477793438,0.10236878228817078,0.12392033209202213,0.04017783646197717,0.35396768804291195,0.28003879518285557,0
0.19027937777795145,0.043268173520477654,0.21245494297097262,0.33676588117090234,0.3389075794296533,0.16268820006790358,0.3139986343499115,0.22778038933060735,0.41333019676940896,0.23440445662312615,0.0,0.35736172104531677,0.19490809609130932,0.21709600574206794,0.29031081666886016,0.0790350504310316,0.25895842898543786,0.314139639386262,0
0.8083227010975125,0.7098326211400353,0.7660772824734621,0.7564641393897296,0.7014518292784829,0.48765172765977205,0.751696637254855,0.4025864095390671,0.5990470233066282,0.8933954911387938,0.9341437564275172,1.0,0.6429142838872697,0.6246736830094588,0.8140110391548339,1.0,0.9958940626969632,0.5336857430564613,1
0.43945512878198345,0.23424568748521427,0.45756553488990837,0.17660850299450587,0.3416915247222052,0.308693720349166,0.12177015127811569,0.2756571645564798,0.25088391254204473,0.1476169388467786,0.29296029210329516,0.2675547455330221,0.241289566323134,0.2417707037129578,0.23919876892916567,0.2058760454504407,0.2667800914017978,0.17273029451634636,0
0.23652318083562998,0.2328908514440791,0.21349167175215084,0.2715392032489284,0.32699659450334834,0.44373065811669715,0.22569849575886186,0.20276340452369493,0.18730461322490416,0.4263740626038999,0.33283898765365816,0.02211598882741958,0.016825515664434187,0.15039305446022977,0.277617453286525,0.24598358329375714,0.3117734262212417,0.2289467869380064,0
0.2494712740906047,0.4527081994383044,0.3211930852872973,0.5335141069344247,0.0,0.10395475599640691,0.20735856068015604,0.4290993356817046,0.23685073596599834,0.07386077972184985,0.22058506766212446,0.10628820906941033,0.08276490782202336,0.48985933811846794,0.20780693599832178,0.27077834353630165,0.23884523833982962,0.2198205250469862,0
0.37620665082345955,0.21752803461116021,0.19892683077670892,0.45900685944401837,0.23018564197931018,0.0874503229033601,0.370896008039899,0.2672530801916465,0.43071329487747784,0.27915636135770183,0.24759982151839444,0.4331344970529628,0.06538403859556152,0.17975652344763912,0.14351644337737504,0.0,0.3547811713619924,0.18310979032204733,0
0.7885330923863267,0.6212439292676997,0.813535052750412,0.5016910727281907,0.6131499086952906,0.35051192654600954,0.6755714570802853,0.459094851109952,0.7341542434608067,0.9990107030598934,0.6141609216216213,0.48679878950829764,0.9336220522258012,0.8851603934426475,1.0,0.7262873297021716,0.783286085103265,0.7270581949884656,1
0.30684062689801617,0.20362325527397096,0.28230229465931894,0.12265693727974947,0.14420467810284388,0.3262491161221948,0.35640280904873156,0.13172125972399834,0.33047371726077046,0.18607171923576704,0.2519806211440372,0.4200333298948776,0.3468984680827538,0.3455046385626631,0.479054843014836,0.16553447907402427,0.1316950030008945,0.16334532757256914,0
0.3609964863285145,0.27212056794451017,0.015481252044476562,0.16692836453906557,0.18423732083852007,0.16040608220224076,0.272898552623791,0.2753730497242276,0.049111015821373755,0.3465517674473381,0.25193484475915984,0.2929169696210333,0.3393791601842229,0.1579636336791801,0.4010686827178983,0.23298477314953922,0.43150566718803224,0.142728107766259,0
0.24896216487853118,0.0,0.3035365392687744,0.38810076989824704,0.29366644045858875,0.3201793164471536,0.2005988665193126,0.02663322937347737,0.3330236826804477,0.4599704703335555,0.3855497025072951,0.011454900447838479,0.06821267113468796,0.14848387098431914,0.058842945846382805,0.2553027903467247,0.29720989662166275,0.07836960601091589,0
0.3694761767341399,0.1671861350617665,0.07173530085732716,0.26694028225991684,0.039222793510442305,0.221227478452769,0.4044210715174603,0.020828451310446305,0.09646038449033226,0.1261561305806107,0.2424016168346848,0.2061139857224549,0.4178963658035305,0.3645217994910037,0.30943275352823174,0.2674756377212662,0.2971875732381793,0.146562117362395,0
0.29164981881976065,0.24346929876617032,0.2001391146591777,0.32977703515561707,0.22594129994934706,0.14041850154577257,0.218020231716378,0.3484755816649592,0.12717840973888977,0.27511321810450523,0.2433489106727339,0.15870281303566552,0.21479773755526105,0.06139803894656143,0.2631568232988799,0.08623204199231685,0.3786924660667348,0.23896330923589737,0
0.07628800553348178,0.14973921593325937,0.15365741744875705,0.3189711178648779,0.3633937325782992,0.3383888103431755,0.39191997256837585,0.25867090618317756,0.13204837808873365,0.24400805243808915,0.16301954914810246,0.3289431990107316,0.20690951162831284,0.23817620593186561,0.33323466756053,0.1610686852490121,0.36567719029866996,0.08828843776484635,0
0.21935363057748786,0.35051990402535693,0.2667832696911322,0.18124342413527508,0.16503576604498083,0.29922818133059437,0.2400978717021278,0.08493938159036366,0.35165937916834034,0.19236699656506956,0.4410543577586553,0.08164120178143469,0.22831496843319862,0.1660026778672927,0.13294929755471935,0.1915851139889948,0.4624681130844378,0.2672044204095404,0
0.2967630046384003,0.262306382047152,0.23230690120981992,0.44059313285791146,0.17533510656463386,0.4972357804628894,0.2229482260926281,0.09675802660357263,0.258390349719379,0.12085057596174784,0.15978929826237998,0.2976439960018589,0.316669850638015,0.17533987596948902,0.36848861740556804,0.3889009309625361,0.4223562107875949,0.31352960885508663,0
0.1737607440962307,0.26955849706561535,0.15660523776758423,0.19910839233993788,0.19971993882747252,0.2852033132832653,0.2503545960681494,0.3107561926922464,0.23716041014248979,0.1804296799828639,0.27295394767089676,0.13993792679309947,0.3182989378935224,0.21574417744421903,0.2745423291639442,0.27640288059343143,0.44218545812626475,0.2957900441875335,0
0.11267157566278732,0.36025828801420556,0.1933685877049895,0.28405108052229644,0.17732073394881065,0.4036927979371804,0.17910882920248433,0.41774295742930434,0.12408872985654565,0.21485123371414244,0.4179994943088138,0.2701809069737607,0.5225759130166758,0.21770314609143793,0.28084514235528085,0.4786179126458581,0.06832921399092781,0.05346999601821548,0
0.1825234509332147,0.3003129596080311,0.24925687665880755,0.10397576879274853,0.13124168242859197,0.17170996907243574,0.3614223820963125,0.3653629794775993,0.3399895501985941,0.30281328439187416,0.29953915685877275,0.28330725394657963,0.2989116466505961,0.3070435100397043,0.08146934011271428,0.15517034248669137,0.12652940506215488,0.3828574009184811,0
0.30520751327787116,0.4725829227304328,0.12880770652331422,0.2672051975801538,0.10178845063644187,0.16376528809424165,0.2731733582569852,0.19088665439646857,0.09333713161963891,0.09064987712624975,0.023679028064291285,0.3071900563857508,0.3217097230517366,0.3211064123856863,0.14089890425617096,0.37071415486890186,0.334813440101303,0.25087532879739977,0
0.2968520139062972,0.17313215672092358,0.2286765976063996,0.07299676582732248,0.04101724515179675,0.5298767961647061,0.2575690262089945,0.27444268252028403,0.24631206482669513,0.15066711766229307,0.21315254682840795,0.2609426432762021,0.2264034066937642,0.1597356726766625,0.3075386551868854,0.2726037630241772,0.29714893260924324,0.3346053774423803,0
0.18599345736676318,0.2675314942878878,0.08880082756452826,0.2197380730630435,0.3357942269247996,0.3227119009176156,0.15539704349520778,0.1098082756818338,0.25189164277021503,0.3173239356423291,0.2986210168231061,0.18854081867664282,0.2857389330983924,0.43028265655311937,0.2746173624770833,0.05402224770176561,0.27438404057207705,0.4952748365455131,0
0.17973968762807357,0.365874451306265,0.05763600721114459,0.12437700455580813,0.33143691362580585,0.23769987571616405,0.3145200606387255,0.24836409208842308,0.22507936431920697,0.16839474061901316,0.10671968128839993,0.41832415476789986,0.4380770927355857,0.12535564543069794,0.11751050775916622,0.2082672229093489,0.29085220178357823,0.2281818150451997,0
0.35784188589774385,0.23929177162407053,0.30292908162053944,0.10642724632636041,0.22860069318448156,0.3816753379924144,0.3664213158170442,0.15432487804907274,0.18453301713101855,0.13135759239234174,0.17123044980869417,0.08211189511521652,0.23341889531098312,0.32597660778194126,0.15579365634387057,0.23912724608065877,0.2235401910842372,0.3766142477917863,0
0.19706107036654663,0.2802717116804119,0.2745065110745963,0.3223523225509509,0.17570356510292695,0.33521636234518487,0.1412426208459394,0.18129200180545135,0.1865289929025107,0.12135378731515861,0.3718794740062795,0.13371370285722434,0.16613003951119937,0.400648925258397,0.18153007577756194,0.2274228777834284,0.1285565198900157,0.34995414491472215,0
0.5098171113718807,0.12301634771895179,0.28081104160455017,0.13475155216037774,0.21288212775345866,0.46641631935469663,0.19399737427282177,0.21567550453154638,0.1368964879326764,0.3875427253197836,0.0,0.19686432141620547,0.24449366870374495,0.17067072041789028,0.35362546092774005,0.3942432740764569,0.08055525845445821,0.5012183984524965,0
0.5393492847567621,0.317969041287697,0.1785156069503913,0.48128437062762736,0.20830825954165666,0.26590232629936694,0.19154610275228473,0.44823902049320075,0.23740183524329436,0.2679380920887411,0.3944538583630536,0.3202167348953292,0.24347823218391138,0.38324691668289557,0.5546179875313542,0.28808925385593054,0.26401121054470794,0.2704752500342898,0
0.2586440287879094,0.2996668342447232,0.44394516179814486,0.0024114067834308806,0.17906758897706732,0.3209087587352025,0.060208672065526936,0.42711388576642106,0.294202793524079,0.3515900783012085,0.18148676061738467,0.34765164279594524,0.37821658671868463,0.2779453624164602,0.2781281071238435,0.2824411887138071,0.1463985682312742,0.23229655837115765,0
0.39644592280323254,0.16957346880712657,0.15125986509715406,0.25193260877647194,0.24536173859306976,0.22769687574109687,0.13496419291951775,0.3938381907822266,0.20645953592398147,0.4211293746655218,0.25152920382448696,0.3278114716976853,0.3169251571556419,0.15108703115789773,0.29406435058629865,0.4813999533360527,0.2801934703720428,0.35815320874716094,0
0.4433124394014273,0.5559193543128403,0.2013676881460802,0.017579435125577775,0.21274192285648674,0.2156532460191197,0.22720913907732915,0.1163934349693782,0.3195473370971773,0.3129408850343303,0.07067132562168321,0.33390360780338657,0.49632219783350695,0.2706352398924472,0.20952098055177928,0.23295961427109743,0.3238308120362273,0.042319407339133835,0
0.36049557731119297,0.2984785267928087,0.37925146760397055,0.375283440952892,0.2750262526739051,0.2951574364076531,0.3830484011522347,0.1166548086397021,0.549785344268596,0.18848978433668717,0.20788420941172286,0.10457188303914813,0.10814190304547225,0.3668840882667684,0.5224231933170702,0.18193118670299827,0.29167798337530215,0.2764199914854596,0
0.17670929122494264,0.27835506383160086,0.13733095115400443,0.294536152325174,0.5561618744345322,0.265259867354204,0.19481827388243717,0.22214065183893508,0.07371640513143762,0.423875594339735,0.28754597291159323,0.12413225124425839,0.12804180518454963,0.2518338854978591,0.36183944720061845,0.11188121095156345,0.38360912102406053,0.23900397376517157,0
0.7662635733413186,0.6511514883359358,0.3727488863882093,0.921607586506074,1.0,0.39215287934271764,0.7633889681437678,0.6762787149120165,1.0,0.9668049316763837,0.7382346185304387,0.8435155830948234,0.6877269594639359,0.7108328144857854,0.7160046899555393,0.6642906761047804,0.6637855498901593,0.8875282223798105,1
0.3307584908997373,0.1956557577545038,0.1255298864481253,0.3876093526539636,0.25774815692648684,0.5492827379658287,0.20618824287870952,0.4867475025736576,0.23118498511650937,0.4103258316710441,0.4536030084678946,0.12724600861831453,0.19180023060509577,0.1260424929161763,0.10240666140901317,0.330048022062994,0.2264045955701174,0.25628395878281635,0
0.5959940266936994,0.0,0.2779776395602542,0.2825947505054677,0.22262931490153567,0.2254576886719083,0.260969172779378,0.21975960694425625,0.27663756745852053,0.19148671530197212,0.4926871382496495,0.2197583508043178,0.31835336891496596,0.169715668018814,0.3619771636481376,0.33801613448216017,0.30031122838386043,0.1267197572537776,0
0.15705220410125598,0.3643845860189545,0.3283871109523388,0.38192997291638087,0.11452907728084016,0.04606281438562673,0.24949770932418838,0.5978560736271425,0.40194505337134845,0.18346644297919446,0.30094145613176093,0.33731042889324203,0.08579341111205666,0.41435510428415256,0.22990910478148713,0.23911829864705675,0.25285415913206266,0.38734481671694737,0
0.20631164889958553,0.15471577759899163,0.22841928557183078,0.3835858700600497,0.06842327781402952,0.2915775320362276,0.41561112338555484,0.22801754817213193,0.1865348765024925,0.36090777831407067,0.13189337477573876,0.2472770164073523,0.12521870795371276,0.025587883597086414,0.23176188822462457,0.098392592407962,0.24859953840049978,0.38380355492568474,0
0.06767354943308249,0.260944057813393,0.11656816702149647,0.3602231439637735,0.1619078919723782,0.21451550914050915,0.5096780278893246,0.21321109327592946,0.19713102206403088,0.3202746383078717,0.03576858373292166,0.40009711861342306,0.3692728052146714,0.312934209384967,0.0,0.2188705961829068,0.09725605287936004,0.3848928140751448,0
0.16442862469436098,0.1642471235617154,0.4849764321907267,0.18625446738762286,0.36470975593148697,0.2835093674998028,0.29595892304194876,0.2199349290607502,0.21367413971885224,0.43335860681942706,0.36165520837458787,0.19003828496787417,0.1244948631172686,0.17986315199432018,0.36777943240609423,0.391443012959969,0.31659323224191177,0.05598748825498992,0
0.4214005967516695,0.2337815671561101,0.33957018635595526,0.15975655330461286,0.23021867421042824,0.14597771680919744,0.3983198179316072,0.2873691216940811,0.2940464232017066,0.41298209765259747,0.38876095562788276,0.34184110433635423,0.07939271835550449,0.16651850565799797,0.12953342367863768,0.3373040432350959,0.2704782330100062,0.08313850796432865,0
0.08318130179276828,0.1139875740230428,0.10817425489951821,0.21525098153439037,0.2716457943964553,0.29377063542299575,0.03733178419476471,0.22976327391643997,0.15993134683478777,0.31410141913243095,0.21788364027048857,0.2403002793257816,0.1606061273796328,0.45695772515086,0.0959704692120158,0.20203192115333254,0.2629118143927562,0.21983674453417235,0
0.3876175637962911,0.179956878701296,0.2560799848215494,0.2982638699195838,0.18399170688233907,0.2385361469195632,0.17996675921401,0.29788710370026605,0.09143270033793033,0.31863640230964696,0.2872855842091493,0.22560297657912137,0.30394205747825004,0.20620714435204274,0.16958431104072558,0.3152471385746414,0.3204416806185246,0.1891275713429159,0
0.22712350364896483,0.20785012973989103,0.38599759234698516,0.4496939330523528,0.16007250629022807,0.21839479894624308,0.2921119691745637,0.3083918797298333,0.1873160368910447,0.4760224756412853,0.30065143186542054,0.31376600901646634,0.46106608978141045,0.1961126049706492,0.23938817482692665,0.09960133251740455,0.22931794332957062,0.07132869712775647,0
0.2206805373784565,0.2303483075053358,0.19869227624894503,0.5661688905298,0.31670944375593313,0.19434394703782787,0.30585961289995356,0.12869572985724193,0.43054080623070723,0.17067170850314317,0.3101302519146959,0.3779173155691761,0.29617222530459913,0.2613363990183566,0.25129625018272184,0.24322706837354716,0.18079618132869973,0.1960619884276355,0
0.32208634231528693,0.0,0.6289307420590194,0.3858969601652359,0.22625635555124002,0.16378268438069762,0.3684766832895526,0.30944735380414495,0.26105769856414135,0.3050001560368974,0.23647364749304628,0.29822347188607623,0.33716354211442046,0.29119802488984325,0.2849106277986303,0.41714321598534176,0.058347145669785244,0.15425412657298831,0
0.15869038242309788,0.15539239285825765,0.4513994620554342,0.1836863250734514,0.0,0.11008387349441268,0.3613269543998965,0.2197211132090396,0.2339102079836355,0.3903777341702911,0.15674000929932363,0.3258901266557085,0.1698540220254889,0.31910519641028,0.20306376990764097,0.22101409901731717,0.34841603890135325,0.33976297692189994,0
0.20335281789424178,0.38827509900998936,0.31379418409640486,0.3856047935547364,0.28964625935458876,0.29753723012089367,0.03626331997285867,0.2118970007360135,0.223010928178167,0.39683977844223706,0.18925248065116862,0.2817831410867347,0.2770908811701703,0.38892101923368727,0.233950710123264,0.3493344338431776,0.04541618390349708,0.056317668046727,0
0.3331926213510622,0.28684595900379845,0.27237744612696957,0.31567786709455603,0.34159390557707353,0.08774031315387126,0.2796763466915746,0.22791065431032195,0.20301677876179497,0.4055157254834288,0.16202245023233758,0.08262771276279979,0.34548594704630253,0.07955273721353331,0.018646830644972384,0.35899212279879583,0.2690466700674986,0.3067263552842531,0
0.23575272269195593,0.2438394396955845,0.39015499792148306,0.0,0.25366459654982054,0.2404604349166175,0.08541986302670213,0.3306120659904958,0.16305997696660907,0.20715608207762085,0.4718538289304852,0.3711968379446867,0.31893843269741395,0.2956932321573285,0.23023839730655887,0.48992527184441215,0.34626011577282867,0.16005401032416972,0
0.5801904757512911,0.844915999806146,0.8858805386053,0.6425427516502509,0.6568983147053965,0.47031834576276055,0.3951491169893814,0.6763845065326153,0.8625698067865584,0.6664065982085928,0.9770028594984284,0.6830866814702704,0.6838183214777666,0.6338784177829901,0.8966866632835835,0.5473960973453387,0.6967871698813941,0.6214730484984463,1
0.2098652593172948,0.40600535136387506,0.31991862903852486,0.45787739264919325,0.39128942667732325,0.30269040147154913,0.45927214314013504,0.30267917904859587,0.34935858121564706,0.214411485575835,0.2579854979031046,0.16630914120396678,0.36875007215138234,0.10860356522621614,0.34388204109011933,0.22712187309938087,0.3905496512160783,0.34010427864775117,0
0.33369859743052,0.5232916538267318,0.36652076031510256,0.06035928185853581,0.3035993818334684,0.3869776921723861,0.39432409678433755,0.19880740203290806,0.3897933334225753,0.3613290879461446,0.5587020924363676,0.15999979165017864,0.18911193083194897,0.21326571418480553,0.19117334199534697,0.14319751002836764,0.0,0.1978360631532239,0
0.7678054514062996,0.7355741221188548,0.5553852096692029,0.8149461184476452,0.8335275208464505,0.6366582744692835,0.8146807349239734,0.595089845948949,0.606554033646878,0.7390456596872305,0.7974949380393394,0.6782500193874049,0.6574200921367387,0.6011598228780588,0.38962790122832175,0.5836015047874383,0.4922803596571509,0.722133552178833,1
0.0,0.5006861899934592,0.4407675813656078,0.2760562902231148,0.08043922595094802,0.39524205189915335,0.16673482011223467,0.31406092198899227,0.09605132778574405,0.5171688278767748,0.07693398854696559,0.25827832843798015,0.0,0.24505330573644135,0.19896577538340693,0.38646200726871593,0.19895446820897617,0.3866348299415596,0
0.28371726481965137,0.29559079441605385,0.07691579077656471,0.2573621943403543,0.2432480974881689,0.1270943853747339,0.22341982163333862,0.3022902932300894,0.24947804807871843,0.08054803700991597,0.2172139800163668,0.1938370253152151,0.27322162276374196,0.2602639074273307,0.20060643254657837,0.19592038678919785,0.25806671055813996,0.3655572105983875,0
0.8244280129350088,0.4909060004863012,0.9242153336249411,0.5622591086846633,0.7009138634670028,0.6567611541596173,0.7830221926720925,0.6327512556524029,0.6914680896932706,0.6874732448744826,0.48685439282690385,0.7195560422937337,0.5194571104318343,0.8441252917077217,0.5891888137541519,0.7269365592453181,0.4815603118914915,0.9524771696150709,1
0.2509592835458576,0.23615980062311967,0.37771746234966186,0.13258709439502786,0.5877336943919393,0.2950308973800083,0.2956995103405208,0.3130115168767117,0.47525637703979706,0.3451008894007128,0.05739328251952919,0.4184164461721005,0.20909241046659793,0.2628586087407188,0.09648952333896801,0.31314424217486747,0.17183508519189372,0.26202035655921685,0
0.17586758469637923,0.4129579334142193,0.3674440562153457,0.2827679027170933,0.3423243667719514,0.11140139971714211,0.24029267511765423,0.40537409313486994,0.16874298170437965,0.13020000340074983,0.2594324743404028,0.2622468413317353,0.3277086519808022,0.08462170753124268,0.0,0.3605478312926643,0.1200421632154301,0.17680115665825738,0
0.2019379481984058,0.032148516478269634,0.20679888960190385,0.2165169095813993,0.03144422064766028,0.27784447983979826,0.31072055959064776,0.4731871137781972,0.0901147651788265,0.33766257175465164,0.3660203381411052,0.31235451171223716,0.12918380405870505,0.12220879831089859,0.26166361027405777,0.26082131918155504,0.18286794104455523,0.4049964416239906,0
0.7488300981443547,0.5606678084772315,0.6956867441419751,0.8228360673076744,0.6479275834597301,0.4672160648376742,0.8688416989417831,0.9366820271279682,0.7019632819487808,0.794136768462207,0.8332482633542521,0.7203422060710029,1.0,0.5953684802417003,0.8749695527427314,0.6994435742816657,0.518181751138018,1.0,1
0.2871877362688389,0.23589630133777917,0.5050844842098601,0.24833855266967722,0.2744893000039363,0.20961678713469659,0.26812982288556647,0.3656941574447745,0.21696335909065873,0.0,0.3116284219380185,0.12059986706694237,0.3390251730351007,0.24984103219279558,0.3631730923973819,0.13619874784993463,0.18577345553988078,0.2091956768807979,0
0.23018529239928523,0.009022263303974237,0.20516650695838318,0.2945910899374364,0.45944140225629615,0.31814669849339355,0.38514594781340183,0.10490745116536734,0.23478130052164548,0.39648957307946364,0.14347197395200922,0.3658267154767723,0.33799814375203996,0.2829668378139784,0.21055568498368302,0.1316445814513078,0.4630455152923977,0.32582350212688366,0
0.3836391648089559,0.1476768262438216,0.2811450118685846,0.28098954243966723,0.3082147070643497,0.29043480112722286,0.1487428025770332,0.08801591052451407,0.3546818415954122,0.27230014930226987,0.38792522091493814,0.24463204789745585,0.08138027671876477,0.36593556172049274,0.20555552684066716,0.29104041489052257,0.1723048685824577,0.44731620522804283,0
0.2189528336335075,0.10470717069698698,0.3631546907331596,0.1060589406930692,0.2285978278586917,0.24518511306360052,0.3358645662044799,0.1748042128584961,0.16784995734065739,0.2618698574515733,0.37076685731436987,0.5244940000783777,0.06910225602654707,0.2878410421343894,0.11961579685188498,0.3722573491848091,0.13737465432289203,0.16904221381812115,0
0.21464369953675455,0.16716913859315444,0.35666125346253147,0.07982623197039757,0.1307816878232298,0.21054725383939663,0.44365010178868,0.3765136658911419,0.05309910361033296,0.4121616506502983,0.4119304260380421,0.10911900087728285,0.0,0.24133340531833092,0.38469092911597863,0.44095143637602424,0.14550072827664998,0.4602374925595558,0
0.5014584436519993,0.30825485871453523,0.20040225343787527,0.24232572017460102,0.23634822180436688,0.2010543744116986,0.29595464121545917,0.3015386195936976,0.10914910036690056,0.38058040573295515,0.029583567391067322,0.22330216564915514,0.3879178327667432,0.3228869712157986,0.20716314088275334,0.48625882161411793,0.1971911797232587,0.009765883714206336,0
0.4517922552855528,0.03654894569324357,0.23282734264872937,0.20129249916814035,0.4036156576972,0.2121102444878541,0.30571466529359986,0.0,0.06836790263280654,0.5010751814922952,0.25602932778498966,0.13018479718371775,0.27914450454670464,0.12363292558569822,0.21599517497251802,0.07568584729071823,0.15535345386478833,0.20003959726496476,0
0.3174129256594063,0.46003533671415653,0.2451314543938338,0.18396168412194924,0.32885273077131555,0.3736678093497129,0.16426949914341485,0.010288419089961587,0.030848152972687004,0.2813661911016377,0.43482272654469056,0.09389936007303842,0.2173160388128292,0.20818605373216711,0.480463848066982,0.5210434903704894,0.30093432259391184,0.357760044030578,0
0.23445635368751297,0.2315574317778997,0.20048882201070406,0.09340617533276349,0.2589718499073847,0.15367427515343027,0.12756053588271188,0.22111601870768716,0.3380831853006614,0.27227362092291774,0.18626293499708935,0.1814384730558571,0.32629759146265214,0.0,0.3456837987039377,0.02511810700835934,0.08015105100124234,0.18828810024841294,0
0.06849122707864838,0.2950855184695812,0.473095907015313,0.3070882599624313,0.39219807885891045,0.1917801625964536,0.14545479425999397,0.24149655890048208,0.01879535740711244,0.5216906273576734,0.26675800557765916,0.3540127545240409,0.1946189765924552,0.06482963561700547,0.4210977796817051,0.1151079662468042,0.29186065162830904,0.3031701773583343,0
0.13397486899232386,0.16408312903293096,0.12219467560533287,0.30460718282958527,0.013883296396972,0.1286107324527765,0.0264470142601215,0.3002824724629577,0.03367197399343583,0.2538075038242648,0.4467428818896908,0.4508120777525082,0.03329109169854147,0.2858091521957147,0.13132344443434546,0.10682367571476903,0.23638360547319112,0.3973949388319751,0
0.47105807902819163,0.4809395244415088,0.05027723280037591,0.5492712406873588,0.14017291346160116,0.3676807953192911,0.3664597577036477,0.1305171727789832,0.3091921352606919,0.23709595068807232,0.3165196005558869,0.27768067628567505,0.3935607382444296,0.2590479451775275,0.22985511166884265,0.38152770796686164,0.3196475157830324,0.3378176073185065,0
0.22960479986943477,0.08031915321503186,0.3644689956783491,0.3028031573967261,0.17724855410225765,0.3915103280953661,0.2792574998879949,0.2816078606914092,0.35606746914938026,0.3302447944366359,0.2852409374957014,0.22736979357460035,0.4880396985081435,0.1619439014963183,0.3395166206792896,0.23993690003532078,0.3045656352955805,0.39801079820443275,0
0.3072209335227822,0.15703566493859306,0.27258744454038714,0.12903969981105795,0.3564371617884438,0.35342531676278083,0.22844374649036922,0.44962383842604503,0.432747528324399,0.26795759181351436,0.3178613345985367,0.17938513384706778,0.21733833672440941,0.12063907432437132,0.19259956123348024,0.23747333628930298,0.050755930401394395,0.3192176769995347,0
0.2149394577035734,0.2375814078320847,0.21976271461517377,0.2683075014522962,0.42657903675917885,0.0,0.22157796825883788,0.27118149056469365,0.2855192787624519,0.20537025024144523,0.03919338610257009,0.2893594580456932,0.4572820256997022,0.06593663141006348,0.3536593616437826,0.21057697322525273,0.24264107850053832,0.12365217871552611,0
0.16743382057669154,0.3658182404008667,0.21913162890062415,0.24586934667448193,0.2432813692998108,0.30398220617985977,0.11216415867638457,0.3175062234288816,0.16349339718303674,0.16770355517210134,0.3562288057069299,0.13059658466853152,0.35601308812125587,0.2621640069650686,0.05220679013559135,0.41373710219758,0.2872304472716193,0.2972951039067844,0
0.5574810813992908,0.46088866117210037,0.7930037775604443,0.9265989596661041,1.0,0.797029704762911,0.8207949548470482,0.7647636903369862,0.9218824984632237,0.6397460849191513,0.5034113938832706,0.9061448412627839,0.9901043841308396,0.8331950072396186,0.3926463901124011,0.7501539216630556,0.8073742353754758,0.7465288278920557,1
0.07915214665555309,0.20346569488360589,0.20834881814617787,0.35138560314797657,0.19604001529384946,0.22704164799326093,0.19836184450333366,0.08187379071313491,0.1717477153848271,0.20416759418994188,0.25885910600876616,0.317073674466979,0.2218484188346765,0.2197388483222384,0.04350242098155366,0.31476814207076215,0.1664922535419951,0.33965478858757303,0
0.3636223904218177,0.19847083090113568,0.11695008803168766,0.07674205813234947,0.28261046218397673,0.16152590205510234,0.39392281663380585,0.16845714042060755,0.14191948239376334,0.2780351621493176,0.1676743771408692,0.2510259992042564,0.36831871960702256,0.2640675198002469,0.26451573528432687,0.2746176050690102,0.04682812116575283,0.29702052999165884,0
0.24757478969907232,0.26436601078407357,0.2023821824744581,0.31052534024031025,0.3102214210258128,0.3482699919873508,0.3267527818042567,0.4900051661939231,0.37631556875638805,0.2251297731502487,0.3043685804591096,0.41952377369920185,0.1360032173181363,0.4917090151739405,0.15704326795002152,0.3580330471885329,0.25079205282693884,0.2438881120102671,0
0.042670241081704585,0.39284887517988165,0.14983464171790886,0.29000034162974464,0.3194745316695283,0.269418278777824,0.2855884935968766,0.2957257704879396,0.26657172239744725,0.15878085828207714,0.14807954054180927,0.23740221469888886,0.23486031423411802,0.30151836789118897,0.3821980080598192,0.29126864326833884,0.1526939537059407,0.0,0
0.7917061334984653,0.8859811967065898,0.8852774852887854,0.9086612972739961,0.991831107897686,0.724816270734994,0.6099178141264356,0.6393518906241914,0.7009497275503968,0.9096302916221529,0.6095938389924377,0.5148292268876713,0.7819128470942942,0.6308395127903809,0.40159529517737447,0.6022652142163878,1.0,0.8333604014057108,1
0.4123196913586503,0.2000700832335503,0.22589778566304025,0.39341209044183534,0.35121058459122867,0.2151459511702124,0.1244490116776347,0.22552429516090328,0.16781578704675582,0.4569404178986409,0.3412048772223701,0.15808929071358813,0.12460108472019851,0.15660240714585333,0.18294097138403992,0.22999595274433668,0.3837455789057065,0.13401797303763957,0
1.0,0.8398307920235629,0.5023652938243109,0.9190859244843118,0.9098976866362947,0.35905119809967917,0.5345477977916602,0.6315194842371112,0.8708576745890622,0.8402197050341621,0.6985597651044416,0.860588793981985,0.20985976520835958,0.9148470528332564,0.8760498213405374,0.5676025434213091,0.5124082917007625,0.5647871599515852,1
0.3111097581295702,0.219669077135869,0.3790846749791673,0.5274197350771396,0.13635246074872578,0.1273495304827964,0.14466927213657083,0.4427438992019789,0.3750826380435621,0.2337366618647622,0.25438715972810494,0.15201476485639343,0.3568032589291821,0.20441178110697356,0.2187908152654001,0.3230547725835108,0.22744060743001346,0.22180408078025843,0
0.11695286388492532,0.2879327740509263,0.33825361763260686,0.21238636126466773,0.1853440800820902,0.24087024442600014,0.3474398215342209,0.19001824029665754,0.12172945757088494,0.38807017323916315,0.29791557675227054,0.37094289165874206,0.34111980775209283,0.5115867169938357,0.3837966442727855,0.16311045257502152,0.30643215606778995,0.18310135347477452,0
0.356729614782943,0.2380945917728739,0.2978923846357904,0.1850079638279295,0.3186514868318178,0.2950876357134828,0.35389804038157835,0.33561525549333854,0.32064827474573754,0.23818991096106637,0.27939270724533616,0.37762107141418316,0.17175105167166466,0.17459106655637613,0.27177176775404344,0.2998335628318544,0.15110722008831945,0.241028492390403,0
0.38271920438887574,0.13454906603900474,0.29172501429411485,0.201150611637961,0.21587633943518858,0.27223907792984586,0.3243005340370472,0.20928898193391815,0.377662183928123,0.11296741286291151,0.2507606874834722,0.5617208471914998,0.27676956911503303,0.42198574079274076,0.260982421380785,0.3196932514395756,0.243186016672877,0.22955109026029547,0
0.23014117664429598,0.1556181863201104,0.3548519504867435,0.24285993660559158,0.37751768368381644,0.22659401785546815,0.24709661341223743,0.1824661114381947,0.24915441513574185,0.33546775673584556,0.20063989212756422,0.3122094355041597,0.15247036467451108,0.34108606786266515,0.18041130072256872,0.35220158478748603,0.2573171850920398,0.4325144480069276,0
1.0,0.6193736000060598,0.5341211802988608,0.6814108982824363,0.7884794878361518,0.5448013429512111,0.7938887269541626,0.6177868227614847,0.5796483136100478,0.6002366072685608,0.48603295449571904,0.6188484095320331,0.5874097195972561,0.8581735722885844,0.7387664555133612,0.5271884842070015,0.9181449343097899,0.6912776459175188,1
0.13000182630275237,0.2928055166843143,0.33962161727611534,0.239410545964828,0.37120764362379133,0.21348277966122492,0.22433732788073027,0.13273045226417723,0.37206128171442465,0.15801754636253557,0.2919726181258071,0.24144207194488781,0.12366603242660049,0.17690762274120153,0.4159446686848881,0.27419890511613765,0.12890195903597898,0.286639394481843,0
0.056120999281518646,0.307848020263063,0.18727375645963834,0.0,0.34418128439297624,0.2826843706329088,0.16433502111562193,0.09198037467301104,0.35029694755772045,0.29192207470725157,0.5359122739220887,0.30042263184699247,0.2965243769514418,0.22996864838697217,0.3480131040640949,0.3250102241497784,0.40020700102782336,0.18744124976352583,0
0.28845349177418056,0.12317716011001006,0.40529923887005836,0.36332947677724453,0.14185772192683554,0.39689330703034725,0.28923260951155316,0.23122536364897042,0.2929696053375175,0.24690750452493737,0.31540943853776876,0.27247786277574004,0.20950887372733568,0.006900788900634003,0.31326190487583117,0.20516136659359197,0.3433535931574295,0.3078010074730864,0
0.23694404056895504,0.2825634741846563,0.21846562002858852,0.3527891982439568,0.20832113511765202,0.18124642337858785,0.467601019104399,0.253525923641643,0.16891653267765513,0.07116560921057216,0.47386936372431765,0.1837689548253698,0.4974205886201377,0.29786252216954584,0.2671462240362942,0.2703812574793597,0.5159141127132033,0.0,0
0.4255934796085543,0.2816496378808792,0.3350552322286282,0.34209390504933185,0.4174926583374701,0.337368223051807,0.09067740670737176,0.4911769298765353,0.37787882673760514,0.18885709536726825,0.12644499131711084,0.31057761164849007,0.2166087953958905,0.2895994424798751,0.3392088209533916,0.18202697344038454,0.11606704087787953,0.29629821614463736,0
0.12300129653707159,0.1457343455951356,0.2169198548043184,0.36488593809750436,0.27797160864295406,0.2251918135972131,0.4146639761338401,0.012108428702547303,0.09450158438067527,0.0,0.3949972605892077,0.23839286265123447,0.3659550134431351,0.23688900003611496,0.37278204022323524,0.23478972205911194,0.29918937101174636,0.28162161889735227,0
0.801780570548135,0.6004344136980581,0.7717108597270619,0.9007203985591723,0.5765856555663915,0.6311178926867893,0.6351743846270612,0.4520388130189093,0.48175789215656717,0.8953807301078617,0.5673603435510448,0.6658347354367096,0.4309824885078259,0.9900621502100584,1.0,0.9049312079101892,0.9234962451288594,0.8327020496401215,1
0.09557876854632849,0.2121072189805128,0.11901646521213036,0.339352165145545,0.08138601495178072,0.1385614261693215,0.31411769539263773,0.17447505612673025,0.13859312118531297,0.35880633154482194,0.36372541079102416,0.3366485431049198,0.3518451608728352,0.22221048652743322,0.22544884304360616,0.1722302465759677,0.2701275001259173,0.18665220072089822,0
0.6314182533452953,0.7172548693268735,0.7496792642940685,0.5397287202414287,0.7154786396141997,0.9212714905141752,0.6134759861853111,0.5037546892299084,0.6651442738058546,0.9531108855725061,0.8748840065660564,0.9828420454120571,0.7722360547170637,0.7985639513770871,0.9663802861286627,0.5797355583350539,0.6821746201096344,1.0,1
0.23826324928550158,0.15155916127082858,0.29535586906282263,0.24534939879732143,0.4710699707769396,0.34461382603508517,0.17854212562683983,0.33748722630284506,0.2869439001677176,0.4071311562334615,0.1870654944605153,0.2726411378031429,0.23810876210890092,0.2570175307669959,0.1437761261195261,0.3191094001495812,0.3001557131019396,0.40422683403061543,0
0.2815011278356562,0.39800421499063865,0.38060545895085585,0.25982680524918966,0.185550888468053,0.4449953966922307,0.17356630579958077,0.0,0.02697214521903113,0.056192638106371956,0.32148346542399336,0.5157361121973427,0.005204719389760637,0.1560934140202534,0.260683095374585,0.4354608358804663,0.1554474977017276,0.3208959786980372,0
0.24656902625208732,0.4116124802876798,0.3282969837286018,0.24913577389182381,0.23432256862445508,0.0,0.21170660081375653,0.2778662206997433,0.277799549163109,0.5459030508584675,0.28371496793794065,0.32561743849526137,0.38979558008918813,0.314860157383335,0.2396741119915972,0.2402575179352716,0.2079214621316463,0.3033053234963896,0
0.3206510316951422,0.2111879989975929,0.23677957464777782,0.3657285874432635,0.13321393661602932,0.12271397042450499,0.2023204973509002,0.328750380987461,0.146087661007096,0.22295007196991706,0.23719892751375884,0.12857569136386515,0.0,0.12681849526974348,0.28130638207800307,0.3083372161932968,0.3093235580633686,0.3231486873811766,0
0.23807566130136992,0.21786309753384753,0.2043479598820652,0.1601975175472242,0.13268294475574935,0.4167409357873797,0.14361660441815532,0.21686223294779677,0.24531062731405998,0.3347536402037553,0.14778035905643463,0.3673681625800328,0.1804400366136066,0.23057233968923013,0.4471718302791784,0.1336926744281598,0.336508565492881,0.370553304167146,0
0.22545969322929493,0.3826399052615189,0.030228682738597773,0.20645809363687648,0.40718471474394197,0.10214447278747776,0.40046807959069,0.11466484281187933,0.1400150063098719,0.23233338665488187,0.4748150882057123,0.1731991364305221,0.04204446539653248,0.08176767430250498,0.3618337828327013,0.08743116578892621,0.39255574905774,0.2583748985320727,0
0.810987500632561,0.9526805272417077,1.0,0.6769868647400354,0.6010018667725947,0.5047842443937957,0.5571333479485137,0.5806585000189193,0.1978051621826118,0.7221845908204538,0.8490133262408655,0.7335719530538635,0.6734475719452997,0.6577704225692216,0.9090737963253537,0.8121263923656712,0.7176723039713782,0.32354654177151776,1
0.4261655834339275,0.2428212782526023,0.10436603590729102,0.2970524196786098,0.2286814324576461,0.2319811555010423,0.3070387447454547,0.3329244883333991,0.25426025985679657,0.24271836199488597,0.4976249788568069,0.3940664798688758,0.3500255341678202,0.26574471350562356,0.12931081169260314,0.38528636631207924,0.26731529760616257,0.180739718341224,0
0.28666962302829757,0.3572558495122548,0.34028604792552136,0.3868975347233657,0.2497697919989135,0.2864160280980004,0.31138164423030296,0.2669988036869231,0.20233668280995115,0.21010689587922757,0.15189299220040414,0.30059401958917953,0.23871817910978133,0.1704191499235882,0.17053062168104888,0.10475215266606538,0.367460960948464,0.2594341203438145,0
0.3716834617120851,0.2915981040206659,0.2451154778875789,0.23762527292231148,0.22600718344140833,0.3281279347284724,0.26676040987317057,0.1625892642907612,0.1567777469079578,0.28670847775380015,0.301438145881993,0.2124240826819859,0.1141593252704507,0.40011581405021585,0.37463255314325206,0.011514819883180233,0.4107499507976236,0.22492290432003834,0
0.0,0.24268046670716395,0.16473270847720303,0.45135464919084683,0.2950349643793448,0.1545418207006888,0.0036825994245824334,0.320874121866205,0.33353790324923754,0.22410677786157507,0.322441057858673,0.20820753658440222,0.3780658330201794,0.36912218029246363,0.05332895543164928,0.08257697872706657,0.4937538067652234,0.36186356200325076,0
0.31192822452096414,0.17653045516338167,0.05210304702589083,0.13877747623554454,0.16945170266829762,0.16017005556500086,0.3677223912231664,0.36647061602196424,0.5154255568331974,0.15835345945691376,0.4416937967277298,0.4409520646796956,0.22212834903533632,0.3068266476328282,0.3988879898969453,0.2429290452805287,0.23363298673424288,0.17471950946590575,0
0.38173676396175127,0.15367950055744647,0.5242811384499914,0.22880298537492602,0.267981004507725,0.43514860192943083,0.2711115614296376,0.39266426541008526,0.015620983903722852,0.1968883551794844,0.29760805341071106,0.3797703157148091,0.34236358699130914,0.3311238529519469,0.37732694108254333,0.30700235840895096,0.0,0.42306439030164233,0
0.3694188824038559,0.19768474263418248,0.15512480199636505,0.31364877510597317,0.07220453538547852,0.11943945003204484,0.16998923828998802,0.304061705575685,0.2762695025866797,0.3738845055462558,0.13937559347638978,0.132943243447899,0.3128694362499597,0.1541599715071557,0.1775795301406695,0.02718821928979015,0.2849015201696305,0.4349548566179402,0
0.1596699891709798,0.38706538594499773,0.2349248236659196,0.20270580282409917,0.18093819744693113,0.2177809569052966,0.300201678754349,0.27073728287566906,0.24521683202676728,0.16462942984602158,0.1576991831290029,0.19469508609043232,0.3052330854592857,0.3294711850924484,0.34564530362776225,0.24982397277534302,0.29602743291013894,0.22978591541405063,0
0.13666925459162904,0.22178192240626776,0.5449892326883872,0.4170485105169106,0.14764746186492733,0.3277088923674023,0.15021726728003482,0.0368358833384535,0.3723413101197555,0.3892111415972261,0.3755262701257479,0.19361617009365129,0.22998691191976164,0.3399718664389748,0.29697952448177284,0.20276350344435468,0.05571138158582026,0.26366502329704145,0
0.7924801404925682,0.8427027456338569,0.7206300763848499,0.7035552707008247,0.5032399201188398,0.753373239368575,0.4535430825993172,0.6351223158976471,0.2822867152421648,0.6063775321183559,0.9277284076508137,0.7342106508472391,1.0,0.647256010440482,0.8063614287264977,0.6996214150358009,0.6571083386010154,0.8212483933847979,1
0.39800410600966524,0.2148338555917741,0.4493155664873,0.3062843064095307,0.14472730706313192,0.20510120867329493,0.38593147673279815,0.36076776422519796,0.1230351518344851,0.23328912253714035,0.27442275793318144,0.18908744931092694,0.5329359668049662,0.27803964920863905,0.24258253709163408,0.3929021253109708,0.2061743758193398,0.37089131327407876,0
0.25989842071034763,0.28546993201328674,0.29074352754698696,0.16185444516940933,0.21096852048480363,0.19309495871408605,0.5513708820250005,0.3724242449747302,0.27014587417904706,0.41391811301556214,0.39876258934100994,0.08433708309219959,0.22325760627100505,0.2480410723829697,0.323383353877848,0.223120870564908,0.2381762661894549,0.19463814072503924,0
0.42258959283170683,0.14152191707589307,0.5558537543926708,0.13577994839390817,0.3767904064546471,0.20651269315689974,0.3358026860399858,0.2451369919449199,0.11905235495647437,0.0,0.5509099955431471,0.25876290707380156,0.0,0.2863130327757888,0.3327503987835792,0.1641903059783202,0.16499745545156735,0.247618978355202,0
0.36045969721293497,0.12627109803544262,0.15945942897341814,0.0725186695293874,0.26612542282273116,0.24461002870991086,0.3446946180926713,0.30965575534713186,0.32322435652674175,0.06495975522571146,0.1748408756089291,0.3638676765691844,0.18537086578448264,0.054692095063714946,0.3469587495845988,0.18072820059827116,0.3775164392352254,0.24779023349916263,0
0.30701536808176105,0.1669679564590468,0.22976178959194568,0.3752492077264593,0.29720522443049163,0.08236455306986423,0.3286741673405659,0.11984672530765142,0.4195015683953207,0.37289186078092296,0.2847862571102081,0.2688679412123432,0.2249161292767096,0.33142287416800337,0.2055066196645526,0.27826838447678726,0.3546321239823341,0.18258321477692924,0
0.12505753944355105,0.09470709219729503,0.13576907008074107,0.31543277985846585,0.28306874787550546,0.3448099254934857,0.21086197383392621,0.13903189149998715,0.3602615786097399,0.18358617838586033,0.27238576670247744,0.0640090193061551,0.18162274908126408,0.3711275585129816,0.1640470519996171,0.3477404585741799,0.0,0.18287300084281766,0
0.7719189689823783,0.6011819852024922,0.87392535751937,0.944521666899304,0.8333264204581413,0.6474719002565987,0.7706649909725827,0.9707984749799512,0.8059589990093228,0.8533730967575681,0.6068225317554876,0.5984522387533394,0.5842217858614652,0.7415115466006585,1.0,0.5622682296582833,0.5752893042822577,0.37049247808911323,1
0.2292310170001869,0.24524136645620565,0.29787571152514486,0.21081517678108508,0.16990095952474737,0.39933761805397494,0.21159607737449987,0.42029564410651604,0.21098473006667817,0.2480476404076243,0.2333503182997926,0.277746233035879,0.19961821661248577,0.2615361968494899,0.4336976831914753,0.37586221476694737,0.376688601234344,0.08896833138069998,0
0.16454775497452734,0.41446491863369583,0.19191638421127888,0.5191504374883582,0.24976961761883845,0.298964341225752,0.44402492781983294,0.26572325394321034,0.12971872231710385,0.2368327057966852,0.2457267116571891,0.08623100173581216,0.2193001514391012,0.16093694872030762,0.36092293086249205,0.2541534249022307,0.2160645101022916,0.23725816832529084,0
0.3747242853902264,0.1196758536359023,0.271084054739782,0.4047915638341889,0.041846620367536586,0.27155760169360643,0.17975457976323478,0.2055147538632274,0.14142309961426935,0.2296539141159467,0.4709506737312285,0.09826835665873437,0.10964679970254071,0.09376785158037945,0.4572901943953721,0.19451923533744558,0.24692331275827908,0.20166604706725125,0
0.2622508749865698,0.21327878522838295,0.4509231088224186,0.16367154163756298,0.41697198151063747,0.12505129164254636,0.25873330839298586,0.39197264902576834,0.38576285827039813,0.1995690522759718,0.3166083664085614,0.30054149003970715,0.18520729856887122,0.3239139924577689,0.47349906064628466,0.3066040798075157,0.3179627654884805,0.3306585973840849,0
0.6181514549951547,0.6893790969269613,0.9561499615870455,0.8363573025352286,0.5288095904637055,0.8484035502382969,0.4173953458900141,0.5560061125228064,0.7046839833163896,0.8341522538278181,0.47436841855837364,0.7836732718441164,0.8196777050278762,0.5878873406185539,1.0,0.7811290923025915,0.5391253848292412,1.0,1
0.27741528180787856,0.32588514310789585,0.2838505469001856,0.2796408048981009,0.16170976116996164,0.33416210060137913,0.5914353273889167,0.20502459102519,0.2585193658509938,0.19645536827832852,0.19143761181256785,0.43533393737424075,0.16924347787270422,0.19311034319603665,0.059500861152243845,0.15908659305493034,0.044992012845598284,0.32581656390543146,0
0.3414577458816782,0.7302281675333903,0.5909582144400456,0.7943034519349204,0.8897779017805013,0.7865905259153928,0.7232620021356664,0.7223004783053525,0.43924226801279204,0.9741862817463541,0.9218317580175026,0.629003370265767,0.9252754280585863,0.6898565611423672,0.8782569198661676,0.7799245901633729,0.6415185180141894,0.692792629172621,1
0.2323247936858684,0.32769054006751247,0.36905251874981254,0.30674137358308523,0.4010165876816849,0.281170766432495,0.2219727673587643,0.3548392611639294,0.3587771320212009,0.18709939620115434,0.2954778710284083,0.21468239507960468,0.008968623735951448,0.3028127790535983,0.09465733818513813,0.2893869051200513,0.0657632437406552,0.1636399507575111,0
0.37584903808532405,0.5910010631376759,0.5876741964752199,0.9643375559581897,0.5274289556710041,0.7278940865341701,0.9715245505017135,0.7434879659521301,0.5073713179790552,0.7793645458059083,0.6521307931422916,0.4651908273788462,0.7748022751129544,0.6415192492435394,0.6163372417081429,0.7337041032202136,0.642787076219183,0.6066669867701717,1
0.15244706856276088,0.20015712877843778,0.17654838411282303,0.23310509363003376,0.3779176276945172,0.2688458280934414,0.2309638195553574,0.1257215496609026,0.04903804663547717,0.1916430509112003,0.24354609390180154,0.4621515896295859,0.2656329425767463,0.3679287413227669,0.19008452817530175,0.10780674802995704,0.13418598853211539,0.1629728722557096,0
0.37454538746830923,0.2699459673445761,0.22036015113493407,0.4715825373873739,0.3193276656859219,0.22713469912790998,0.167686622362324,0.4091815205900643,0.2748396425067603,0.25294203034461127,0.3311531712946108,0.3556105428224769,0.3159843981389076,0.35607706907583325,0.3041649230683218,0.3165868700116272,0.1622034574187878,0.4672424657941071,0
0.7258990646318958,0.7636661858237528,0.6239374633632605,0.5731162165662037,0.6931001903099681,0.5934235198227811,1.0,0.6342374599324028,0.31424234171189597,0.7864731215152793,0.5676703227886609,0.8819835028459266,0.5974404427787119,0.5858657304165473,0.7113334752008632,0.9000595507164622,0.6815332371051641,0.6020424166370961,1
0.2143510584099948,0.0982918974402833,0.3895666284583715,0.4362966451186363,0.20073123021110917,0.17211048249468242,0.3765513325178291,0.3959378729176022,0.11627063177289818,0.23223463974968198,0.2429273934554519,0.15750684716140972,0.29631780329049373,0.16600655978992587,0.18516871055723497,0.23783887241979507,0.07131252613295694,0.0032256076028028824,0
0.12405102081580524,0.3311346322360089,0.3045163966887767,0.4311863505492524,0.3182963730241026,0.3770297264481254,0.30724931091162533,0.3675914931636626,0.09554594121186699,0.23539066514669038,0.24532206781269641,0.22075000636776612,0.30326639563800706,0.3261255585394901,0.2970708492485378,0.22876673425343946,0.161712390418585,0.38166232889874807,0
0.46372461510907537,0.44483046135674637,0.2931653798684928,0.30548627906203835,0.344979871850179,0.09916195895567811,0.32729780045823786,0.16191118382277664,0.28821736801558967,0.22270388468711952,0.3101449992537057,0.2641724158007752,0.0,0.27146700540462165,0.3270583542759115,0.3035114018006144,0.23768968645497043,0.4470594030316487,0
0.0738673449490567,0.22475207393123214,0.3313226496811062,0.3317287692420767,0.18130560684351682,0.12739479464825998,0.27564557289026487,0.09250448252511456,0.40411247151566887,0.2688890517089154,0.16638261085336392,0.12345983111366879,0.17403320010491524,0.06256827187867095,0.3093734884245978,0.1536584090855268,0.2979606114107275,0.3145054860954849,0
0.3759702159131961,0.08719465488271436,0.2328011081381402,0.1962292690229555,0.08329140467774795,0.07548708101736742,0.1532774144509927,0.17308895085848341,0.28398757326920354,0.3753056167857304,0.31163739469748436,0.3400446688336989,0.21800586142355594,0.32236002359354676,0.23219500220916867,0.19702331400966608,0.4776521138674751,0.0,0
0.09822528967711402,0.23197146066462238,0.15394128893711717,0.33284500240822895,0.24685755151308825,0.22279086978610088,0.46217492427935264,0.29599458124223643,0.20582150996416854,0.17995175834967003,0.10825928728825002,0.2420939337454253,0.28691362508519624,0.020274880899888242,0.08632197676258851,0.18806766528797636,0.11821831409277364,0.25519089832311265,0
0.10362966963513312,0.42264799000346975,0.34243809485854926,0.46579737075166217,0.5100216946604699,0.09556716318606873,0.09587995070473776,0.0,0.36020345644357077,0.3287779224985119,0.2617334800151016,0.10286401227479189,0.23931595730502742,0.27216465940092466,0.3439270800255003,0.2827584297358343,0.32965615539894,0.2351042956103142,0
0.7966056613098836,0.44836714825925456,0.7487505441699309,0.5648067239391149,0.6710683830537589,0.9625040330545984,0.699131041085223,1.0,0.8609610986160365,0.735010648914515,0.8856769291200756,0.9955593491637174,0.8818293631398813,0.8660604656094759,0.601214351893673,0.5180206792923389,0.2806705602264285,0.7513620084535474,1
0.1245170198932532,0.06591281401342461,0.46068087162787796,0.4622544710438389,0.13904803096789234,0.1627215024785732,0.21112107549625936,0.39691082465751804,0.09552373618236279,0.014005657013335004,0.5101017371874593,0.28748479443040903,0.3045295967102273,0.2253872793760008,0.3058941908461628,0.06829529399908169,0.14908953197677244,0.26261894614271264,0
0.17493944177250878,0.395574790055856,0.3692661524173509,0.27503990787567795,0.34133806597675836,0.215373666369232,0.2489958846737332,0.1706050729043417,0.35848779391603114,0.1667904002599177,0.42821876139254234,0.21209989980162108,0.2524610276819601,0.34104736247852013,0.25286373054274985,0.21425100228576277,0.24639718626298343,0.3572582024269101,0
0.12932383788862217,0.23423243946816838,0.011874895425831145,0.07802686917280735,0.1753193447399991,0.10648896234099192,0.377489417682951,0.250797784182118,0.31924263051233365,0.3061036215152723,0.22518722922803383,0.3685757830272003,0.3042577462219526,0.21179196722534221,0.04793081666632204,0.3124790070882152,0.09864359463689198,0.2956339750709024,0
0.3542298325280695,0.2070388832930773,0.28448568515722605,0.2685750693428606,0.0,0.1412231260631942,0.24389840594688622,0.20720662281288327,0.27965230777965044,0.38553787755375035,0.2114157058415287,0.12308142446525622,0.28898219902132544,0.2108051999718636,0.23127237990137167,0.21498715370163057,0.5190205360013183,0.0,0
0.2832905935832666,0.30633651651973554,0.15982914074260612,0.2807452727685617,0.23843888665708735,0.22558561184762707,0.16848922863599491,0.35978348255957937,0.2914562299414818,0.27934573299272136,0.4960941594989893,0.30685590034209553,0.3940596025172073,0.2827519393073317,0.20762035743859703,0.12290352140267694,0.2789668153597338,0.0,0
0.35286524242679346,0.11655468947689587,0.35024523926826767,0.3923371002542597,0.27530375225057047,0.2288544329245629,0.2980371889971608,0.0,0.28627098621825536,0.23639752025922317,0.24392462643316107,0.3347839015477393,0.24102772941223266,0.11317517720186104,0.23303167950095463,0.25810665808969896,0.26379206938972155,0.2694303240742082,0
0.36815697859999147,0.49104323683477846,0.4285537522956184,0.34662935556736263,0.2542180695268611,0.2751662697120788,0.1595791216686095,0.07621989744368116,0.11478419706880708,0.2559760041426325,0.21496092862879873,0.07366699543363786,0.24552119451403168,0.2117883610640866,0.10925813736591036,0.20557851872559155,0.21148563991403868,0.176003543209064,0
0.2487968977615863,0.2005792590102238,0.3447153253532844,0.1546954742080379,0.38019814421007503,0.3799410396896443,0.400873468136129,0.29519475816153923,0.19162043408826807,0.2631025271566435,0.29560826740950474,0.1827830025774549,0.4099739546710259,0.31961010010822516,0.14293324536135943,0.4759448411758932,0.26168671302042124,0.11870763485800165,0
1.0,0.8117380563210028,0.7571614196635735,0.821538350037937,0.748848406478769,0.7979740025611703,0.652934084659718,0.9099353861347417,0.6255242559739128,0.7678036823586071,0.4156479648227886,0.677209552382504,0.9481504610524796,0.5569999215526042,0.47186138250291926,0.7712690560145835,0.6028077966706873,0.9986880773208839,1
0.2390223808352283,0.661285819058274,0.7595273260355343,0.6568507584326158,0.8949689248605169,0.7384620925179655,0.7668031946676211,0.6476406006808231,0.8537479106440307,0.9388063415178582,0.6466466443552179,0.8569857187610922,0.8589649424090525,0.9572298046846383,1.0,0.5892318589138839,0.6441213032933488,0.5801473122547496,1
0.0910776360685383,0.2800298770790755,0.37914100301054976,0.29332565622396223,0.23835812109433052,0.07619279522381933,0.24299569056779521,0.3979785911579604,0.10190595021529342,0.22063033914360744,0.2035018321409967,0.16627545152347056,0.2797507605422807,0.3031966289507209,0.3019392285752124,0.132782828366185,0.052481956679958086,0.28148661238368744,0
0.1271055318893595,0.21616460763463075,0.21857054824953928,0.30947059067595006,0.2942049311688468,0.3366670185908034,0.2820196723947687,0.32935777919357384,0.1422563285568234,0.29665584002574813,0.4429847112934817,0.048400867913488355,0.3086809545962713,0.33121357335257406,0.42534236529660197,0.33712563199482515,0.262037913059045,0.3016087834612046,0
0.21116497109818116,0.3010123760876117,0.44683393729059984,0.4523749139898997,0.08642193836976922,0.20803296408246724,0.06206622235504025,0.43238620901320995,0.3715427449778261,0.292070546423581,0.2699313833512252,0.41567573204193686,0.39535902337121664,0.3889653635987345,0.3048015831738712,0.2080926040583005,0.34205497984210687,0.34792502863061375,0
0.6558311051580383,0.7292940282110567,0.9945271615231694,0.9193285719960185,0.8867788991693256,0.8022825322114144,0.6850749348988414,0.7861326421551883,0.76471414619704,0.913239377458194,0.6107897081484563,0.531854570707366,0.6702086211320352,0.8324139635320871,0.82458500429276,0.46213396604995133,0.6707938163257223,0.7620524749654747,1
0.22960308579656358,0.10371752748107921,0.3562790455766278,0.31178833301844716,0.22012048684245233,0.3353519420925608,0.2614056475717106,0.40976334308982953,0.2681449462669011,0.4088713199896815,0.025161666234974484,0.30510628278541946,0.2022565843982993,0.14691388139877953,0.3890200695286151,0.3566904918251584,0.009222797308903408,0.33585947623797585,0
0.15198481848756928,0.244907942790507,0.26081881932010875,0.1316511867380083,0.24331779368200068,0.25063874325420404,0.38682513747240826,0.39489100339734406,0.21049487219691904,0.2243256227367026,0.3297150762466763,0.17977738612875863,0.32063681820848833,0.23945122151569423,0.13367217067136553,0.13517959445444241,0.4236470435237322,0.23122942250280418,0
0.4499930689977907,0.2549639396417047,0.4705294756944107,0.21524025402094832,0.38185211468355673,0.13693828036488337,0.3004240608235905,0.0,0.11540907860162514,0.3060012157696918,0.0925073377359372,0.30123395329470215,0.35877497449748363,0.18984157687380662,0.13372564531909625,0.19309760609743135,0.13410252169789774,0.23785437303808987,0
0.03401292861628619,0.17915875185440255,0.07430090805526815,0.07747110354906273,0.26397746166714514,0.3140858727404753,0.2461847823789741,0.19014514031939178,0.13631102053132893,0.21193684091623471,0.1513332350526705,0.24246031094544265,0.06741618711053132,0.3341581093846874,0.18195626535091694,0.2951508280338806,0.35646663947574303,0.28934450583172,0
0.8989020122030649,0.8162020479201361,1.0,0.9741402059515465,0.657084283454021,0.9549878946538493,0.7692454955363139,0.863636151398499,0.8496773522455204,0.8052888562401147,0.7385886684775089,0.6963525662302442,0.5664696681165247,0.9950545479265847,0.5951150005019371,0.7558498181639495,0.9154052782602702,0.8632781979206949,1
0.2691917892071075,0.3571476792380105,0.32269729613645426,0.2257661642073383,0.3738871469812828,0.21488431628647353,0.2796588524893246,0.21266206834247725,0.3054109365907854,0.20482122608346853,0.4477061930729881,0.4920835284670767,0.35487259050232056,0.4349555979296834,0.06529426229691435,0.07943467080700067,0.21141273200425442,0.2549477158310653,0
0.40305747829294125,0.2398541970119631,0.38998560468966503,0.23845882020686468,0.06357789493056318,0.43038416968368254,0.38545893555070065,0.24623930708134775,0.10297788912026198,0.17965591881052315,0.03146252981349884,0.36340970231415726,0.057602923976298376,0.28441970441760117,0.14875679826643742,0.0787955866000628,0.2786026111934286,0.20994407376255625,0
0.3891285378337649,0.0,0.189571728233965,0.38778487362381964,0.21252178227169644,0.3787463764375002,0.5137220973995374,0.2596461576442909,0.3902721122793691,0.5402965028429523,0.2982508848652563,0.2442324175134036,0.3582958380910074,0.3921060104046741,0.24534216473516327,0.19193876097270887,0.45608743819555975,0.21752626507334555,0
0.3147165463531449,0.13995412642470872,0.25779317050608913,0.3004387395731355,0.3490805143964391,0.15331382000646496,0.20858117593085224,0.0,0.1754245638906671,0.18707021284347483,0.12764985901990683,0.2698734580279182,0.24328654815456782,0.0,0.27586095631621077,0.13860110430531672,0.30828267510286184,0.09617785027256015,0
0.20789536247616078,0.19542040525548096,0.23062784097976216,0.3424952731770175,0.03519037630512262,0.08810291373239476,0.1681905956157248,0.2685214151759873,0.34985507360084483,0.44575881034733883,0.2156374960138781,0.34965770915499816,0.33521949739189,0.3150002981284156,0.24708628721941595,0.20205616738713955,0.12215208032768646,0.11420885606539327,0
0.25537161051205554,0.10023891957053624,0.190895426126358,0.3244675241957301,0.38775916429767593,0.14170945224712797,0.11830714060707437,0.48411819283612645,0.2488278464205991,0.2609762722386368,0.1612730733878021,0.2758264274248464,0.4558114811848211,0.28052383226283195,0.3777955898967213,0.25347806278435914,0.12690361712512682,0.16801159968484078,0
0.08022014108515402,0.36962458842715845,0.2549767043622069,0.24262391065740557,0.017513786211645566,0.2588556176616913,0.35149939885798887,0.22164656374201736,0.3909039214772981,0.3859474206269635,0.17306855407109825,0.44141366305568713,0.25543539571900986,0.2559694300945397,0.2618777467123277,0.2583178901129351,0.0,0.22773923221723352,0
0.24121380112194143,0.29575256680971707,0.1521008022418681,0.13434697753187336,0.4019565468603239,0.41468108114398217,0.13106724212951795,0.3661598565464637,0.2395648029272775,0.29077702893885166,0.3052262367322076,0.3693220561749182,0.25992618422358266,0.4192194394362323,0.28712954077119096,0.3249021126963439,0.15000848901553043,0.5090390812845801,0
0.3524965340772855,0.43702332994421766,0.230293143527796,0.4059391536064587,0.2470892296548137,0.4419089390893444,0.1952538577464147,0.0,0.24041059070721976,0.45495558320928864,0.31419619671285015,0.18816121257545873,0.2894681403141678,0.36653498061430634,0.2397260273302635,0.5651668102410856,0.18790984521766155,0.37030128664536976,0
0.2834368627249823,0.42076831903488565,0.38598291746102686,0.42960189954509825,0.4142353182163667,0.4375539420088867,0.11162286274345193,0.3276911533492562,0.39619846634366757,0.41788327862279423,0.1575137424383257,0.3288856629917726,0.2590243677940503,0.4716472279609134,0.08352500507266594,0.15768525022925614,0.032723941004518614,0.26735395444396987,0
0.4426580059352757,0.37587434396337305,0.15869623059421878,0.31821331667135355,0.16087853743586164,0.10783784276052111,0.3740571329678771,0.045508044922311336,0.36122270962918496,0.21967332249123298,0.22461440763033658,0.2991701463547948,0.3197438574393103,0.15083881878053101,0.3361270730500076,0.26360446456302683,0.09927342485583543,0.2296150619704313,0
0.13545969264862745,0.11438776003186343,0.22756327557753567,0.15777296390774784,0.25076567883934586,0.26864791559816686,0.2781589678761912,0.2351330983307724,0.16574059562893298,0.32720836512151963,0.23659686801950272,0.19052592255340256,0.4275992438917027,0.23544256475302586,0.3810383921795909,0.3972206136531269,0.40452074025109513,0.3329389369733321,0
0.20192452962759866,0.12479797796592224,0.19884380943834384,0.0,0.23550777079911916,0.22958569706438098,0.3489691295857561,0.023643408641994462,0.3894239633036257,0.3484719153997187,0.4002452276438395,0.24367343487950352,0.3716676200923307,0.07345071581117138,0.335565707824544,0.15746046854800658,0.05183178010924766,0.11510313782027673,0
0.17066119256636303,0.02849453504478114,0.264797128533095,0.1934951344341087,0.1971893187295442,0.48704117414146303,0.06689716207207938,0.2959445362445765,0.13062313154262983,0.3589913691120789,0.28581174834100787,0.29552132190167363,0.13661324588772883,0.1581294504054012,0.3612700608815063,0.46249572660730753,0.30763693806690245,0.14230951350742807,0
0.6316609493487619,0.7980693093043818,0.714857872085855,0.7049747052475579,0.8433803090822768,0.7478530155638806,0.8369415059385715,0.5681611637486401,0.49990108384745546,0.8637145088256752,0.8428335230768695,0.8134152832489693,0.7436855121698988,0.5898259890303327,0.7579774812993461,0.788273988959791,0.7990735405720233,1.0,1
0.35160834930292784,0.3386735084948136,0.3145035793832732,0.2588306933223372,0.18707479996744186,0.1522036832000775,0.40478866321140045,0.3417765126071908,0.16680349273594908,0.25477981218677614,0.2139861888417984,0.11461471531530998,0.2713181651945563,0.2001408802912965,0.13569560004451775,0.07250409350298859,0.062343579975319474,0.20542886467664326,0
0.22836315725805592,0.2516886499448206,0.22418210010746453,0.15239315051839883,0.1852557781694632,0.22877689677126448,0.26089600283320574,0.32257498990606814,0.3797027445941046,0.21467827317673002,0.19526125646615705,0.30251868082411676,0.3233013899693025,0.19789594800893373,0.3448472172359407,0.36755024093871674,0.40500237587904075,0.4633985088063787,0
0.26025613918365903,0.1869084268464395,0.042360590430014805,0.07518977530579937,0.37242281673609334,0.403815284814805,0.44198675055495695,0.2771565326535252,0.13109133904554263,0.19743806210113815,0.07103348380241822,0.0664129612549631,0.2806315252675272,0.3146813859288422,0.48500482668714917,0.24002877085768048,0.08705982270332785,0.23536955394939613,0
0.2183691819810108,0.4103655349452189,0.27848057245526164,0.08847264065860147,0.06329927060020782,0.44977312704979255,0.2391617187693844,0.1723107753158059,0.21712098821235964,0.07272306948192014,0.4207714179413944,0.20283364748967644,0.41408818332861064,0.2561982057336778,0.42154383694821274,0.28080333988517026,0.3523879195442891,0.3362911655306004,0
0.014872983489285924,0.1563908307141972,0.010396954627072186,0.17595101752263523,0.3936777681144668,0.10766603419253973,0.33437916950335955,0.5918590152774783,0.42442457575088194,0.26602160564694544,0.3530121346955779,0.085638063707585,0.061190241590733496,0.25344377308952726,0.2978332676162094,0.38132851410990887,0.18174854303184218,0.2732074581233975,0
0.2273506944386527,0.07070651971374659,0.24362122143162881,0.051355299521537834,0.31345929920615356,0.2953555151240888,0.4789538192016258,0.35174479473968107,0.19925028930129968,0.3481684111929383,0.0822803342865786,0.13450328755826974,0.2899771038490132,0.0,0.24554070580793402,0.12756840494578953,0.2621568466183916,0.1206716370343284,0
0.7378788529077434,0.6318684721316119,0.9116683995312153,0.9703847228337261,0.6644984860009887,1.0,0.5820339964080529,0.9012954444984465,0.5488198785742735,0.7518674788611299,0.8451007188239572,0.5378871388766739,0.6964914663889986,0.8748477999972113,0.5734257173553388,0.7923358776812348,0.7803870995312958,0.712389068177674,1
0.7826987071583063,0.3052390066605372,0.5848017884963855,0.9038194488011166,0.5253576565485549,0.4151660481115707,0.5440746871262442,0.7288457307475331,0.7288918166735822,0.7885362695317506,1.0,0.8434370736176391,0.6884010569057176,0.7837666221222698,0.43525144297225776,0.3458082422489571,0.5603897861523549,0.8661937406216944,1
0.12033500397313648,0.5190642506315717,0.20412064440709093,0.1579718423831866,0.3514245654774146,0.3609165120188951,0.3279936293228481,0.15766534398327942,0.31024337532868873,0.12597307073192107,0.15433049632237503,0.2386155803074891,0.15160436801186777,0.3763297897454359,0.18061989617084828,0.2235452538062681,0.144376206199118,0.37451317737059986,0
0.3322058756380617,0.506580936458225,0.054443669141884615,0.1489021548917528,0.22157229290640476,0.19994941274296588,0.21006919620041503,0.09349212812881083,0.4184747264260015,0.0792869681828057,0.22597446284530012,0.37549967101128373,0.24637781714249768,0.13247269997166772,0.08815892123512509,0.22240009647666614,0.15915645209794405,0.27462773100435733,0
0.6515063504851738,0.6534078629936965,0.7803410817953091,0.9000170134908231,0.7614067886827196,0.7689512694841935,0.749630933081194,0.6450330661880724,0.8698819674184021,0.6643128304036163,0.8647830535684424,0.9697971758901396,0.5980426438793509,0.6933734318258986,0.5917296770683949,0.5930301278426784,0.8171983496688862,0.7994812327910534,1
0.23014864175144983,0.19340515960062576,0.4418977101377985,0.32071969737975625,0.2030629829610538,0.1716298764052294,0.37298770083305677,0.2638480103263791,0.23037364058486964,0.26379702106751124,0.290535624956439,0.2431973023083074,0.3944424240211593,0.40112061714543845,0.3138265743042159,0.4149662788594753,0.25101961217658664,0.33283972060055383,0
0.14946120894668205,0.33436305508544933,0.39844606502109625,0.2439295118279884,0.40694987485358064,0.013598196163410903,0.24334559502305023,0.24518861054746766,0.16276067531111837,0.5360633245578248,0.24205688407734866,0.201072307407468,0.2531154536120206,0.009662351376900469,0.15881584895861017,0.3679887963334485,0.17452655740806705,0.1505349804639674,0
0.1503695052703271,0.42853403165984133,0.4689981899460186,0.3711382064177102,0.40831703783045625,0.3959938550558333,0.31682993833168793,0.28948501453731107,0.3147835833371929,0.3383218531771953,0.16100823921683222,0.3378350475174532,0.4250340216756421,0.22523530860051627,0.21241026576138436,0.30718555710863993,0.17204109395102365,0.09198176600469926,0
0.3554140361568727,0.24400889068164966,0.22781651637456873,0.16828845467152703,0.3967049606408836,0.23145646215174373,0.19860066134042714,0.20774397394141245,0.31387710226640186,0.2938532877236894,0.29952791339151863,0.3016985203609459,0.5069977121044553,0.20123019803384612,0.18853087251141554,0.15234727261025466,0.3239175307090595,0.38547667512650696,0
0.24663003098751615,0.17076398607736132,0.31982205271684944,0.30719235607887757,0.25176161678676534,0.15520163753588764,0.26559158249992887,0.24162414570854346,0.08998308175189587,0.07338251784109773,0.3178184054571723,0.0,0.2746492632353512,0.19263003306954107,0.4069895928255892,0.1907838149015349,0.3291381057102275,0.202370339051465,0
0.10658113830655286,0.21452896201388102,0.07704026385929541,0.25902428918016723,0.28064837335257026,0.21751474947546684,0.27900534668598453,0.30002814869006067,0.2808234451488549,0.10581636492436844,0.21960828093847665,0.29918115739195217,0.43944541255672,0.21736890997135633,0.31610082405377316,0.35537822943085884,0.22640467619529286,0.3878089296984808,0
0.5394726981384268,0.4750622955202491,0.542545712796378,0.6348331908779661,0.665552847736453,0.6714231677268152,0.6661506387254641,1.0,0.5153075732165167,0.9848714361992992,0.5678239333367818,0.7070589297639018,0.8126588362656698,0.8444232836687368,0.8900348969465618,0.7005170041124055,0.6486621984167752,1.0,1
0.18151339212266526,0.16546774247180032,0.17955157560352675,0.14933026431810226,0.2796657013143966,0.23132882890171427,0.2557609765849739,0.5324545691754776,0.2313326582680963,0.32259371466836395,0.3362499519203175,0.24245720507628715,0.2828558957854046,0.2524837828314911,0.2743070074853774,0.17961798527822354,0.19069464285042115,0.25203067039396915,0
0.2774122239915872,0.7747931447339098,0.7325255016480082,0.6151828048284416,0.8177291181651863,0.7469619733043066,0.6549418843850182,0.7252636794947298,0.8201819996519525,0.6032777627192147,0.7539538153715434,0.6149794270044933,1.0,0.9365092619222442,0.8572433809205047,0.6285955584850101,0.7541232649493167,0.7526894538240972,1
0.2155136604463097,0.3930190381619317,0.33013369751970845,0.31408482722346825,0.30290585667383957,0.10803640489177319,0.282681890409912,0.3781608972676148,0.2186894150535706,0.3672913674832988,0.31542720622254733,0.34932074110680467,0.2561123783868497,0.3563902673460992,0.0742382063895233,0.2539774864208054,0.3355617833293024,0.28555594314951444,0
0.6449471732329306,0.6072416315951319,0.7285258921229153,0.899186994579265,0.675952091245768,0.4553536556632837,0.5869781437395395,0.7232445028461396,0.8532510587674982,0.742554476030189,0.7677150211119004,0.7598015154463839,0.6387162308470824,0.8955626425641922,0.5874617265519685,0.7453451346057597,0.9228273592946005,0.9356012081083744,1
0.32118632568449323,0.3422180484808718,0.2392310633524805,0.31343400658655,0.33947543283081044,0.27406829662802196,0.23288102640828445,0.07656460621226438,0.3219008988135987,0.2550608438969381,0.2003660977179151,0.4033319636309992,0.07865996405040213,0.44728435784378634,0.24732720656386412,0.2881021814203478,0.2025947062563675,0.049951250497200395,0
0.375872219510213,0.0767991468726334,0.1987174274119194,0.028758880672467735,0.1264432668222094,0.2880612959646283,0.29033851479527767,0.21241699695512134,0.3848782175365333,0.4124851464759147,0.24169271976640322,0.2800519427673053,0.19569466693319207,0.3252265265741831,0.10671274239704237,0.46550017712551295,0.386798231527387,0.10612883752706764,0
0.31004370494245564,0.42171529586846646,0.2734124626256041,0.35096764316577916,0.2673844206207505,0.18927901672882122,0.23301309561280706,0.21597491422926252,0.3181794558303442,0.2627982450723021,0.15468825009255976,0.22336452830641568,0.06688999611086963,0.22784761736194986,0.2501567041485099,0.46701378404631266,0.4118142473013371,0.12591104828243393,0
0.20244224755993506,0.20295201673910626,0.37978106743949536,0.24182378444830452,0.21506820257111875,0.296907571824184,0.46975050397344753,0.2589139773114284,0.21766633303855787,0.4831598221588356,0.40957619707014886,0.3921790007797622,0.18991758949390072,0.17802066590872373,0.02990146559598328,0.3657900265425098,0.25923965804459254,0.033893454756216856,0
0.13180677809817867,0.039870000094633234,0.19444721594089676,0.35480023752547496,0.2736375766558293,0.43726903242257503,0.34011475659870205,0.3128757772328854,0.4759178827183258,0.23834252859961463,0.25756908082059427,0.24862426940078347,0.43525440774202595,0.2503018379750909,0.17220671511074748,0.3205210645555422,0.15204882267315664,0.314016581513671,0
0.8115856858890269,0.903772323844703,0.5604466778927558,0.5638228096199405,0.6946675374470045,0.8376630090909787,0.7660463538175495,0.6094731841225501,0.6591719628146672,0.7845385059573421,0.4150167987219689,0.84768564723576,0.9434603334119428,0.8084971960939815,1.0,0.8889328164735399,0.7891422684727855,0.63598867948478,1
0.27421233031981357,0.2763172376946497,0.22234751766822522,0.22999737701425402,0.20752603080493645,0.4747250184259967,0.2000578895879267,0.29091245723191217,0.0,0.3488282060079827,0.3921105768702923,0.12375639650792536,0.18857358998938967,0.3041804224151656,0.2523352833294936,0.3059643508623068,0.21553107225102774,0.4735918464461826,0
0.803272529039453,0.8401691416567818,0.7451865397794457,0.8269408244741338,0.8930440708501131,0.8707736358884145,0.8221824072088846,0.5699282621799644,0.4804141511692261,0.6858756476751203,0.8873228027906022,0.9072671185731418,0.8251887301379897,0.89569027265183,0.5752426680010475,0.716963970600591,0.7186708815674954,0.9193131527757625,1
0.3715376446234448,0.3016863107763981,0.2700082203560031,0.15436508160625528,0.3540618176934415,0.0,0.2959414850638174,0.5584386377133519,0.06899519352017836,0.22103566543583608,0.24905068118503282,0.19449006231321075,0.37436490910707754,0.3066941217226361,0.26827604470567834,0.34567270734031363,0.25201008508860906,0.6315837386588217,0
0.08813964154998263,0.19972281960197313,0.26179204721325866,0.21360006960730088,0.37887634497252853,0.21298024833965604,0.22185503210192686,0.34775542163395806,0.4672853995502051,0.41889980487379935,0.23360153390690278,0.24405829459211162,0.25560630937410445,0.26763992901551026,0.14831822627826222,0.36239125586265264,0.2747930953267344,0.24461725734216236,0
0.20778671607424995,0.2493135783793651,0.18751996424689646,0.2897718524843859,0.30489268193476854,0.5107247948343905,0.28338280352348455,0.020530881337739504,0.3895622897006416,0.22553552300365692,0.4914310435524225,0.42651093430063697,0.18936791395461203,0.33662833406454107,0.17872538227025347,0.25032289916976325,0.3311181777224745,0.3835600247255812,0
0.37402245227157777,0.16495018808086684,0.3633398511492425,0.18739194076844612,0.2519825924471895,0.3304923691368829,0.35141636126535997,0.28819778876856694,0.12033336075601608,0.025569434891769854,0.22744528141306572,0.3665541830451716,0.3039636929677291,0.27904396088560446,0.24915681322402203,0.2870922212166024,0.13070905876552977,0.34362421829983375,0
0.28464161737713456,0.2641318488448166,0.11712518086217835,0.44029581449328636,0.30948412813937787,0.26634701493840307,0.26020590666360327,0.29327841682663053,0.342614858785688,0.3574660636156712,0.44329622749679265,0.2791226210215139,0.46050414631184844,0.37692679353790737,0.2427842342596631,0.04991515258680096,0.26026747171563797,0.4370173365868386,0
0.30994240782972654,0.24409012628663612,0.23624426302609197,0.5395694484123843,0.18697560980856318,0.44679362713894566,0.42362356812170365,0.3104912207901579,0.018864179626056965,0.2537268988435554,0.18823662911253436,0.25241088297285685,0.12244398491345412,0.3407509538860063,0.3681982032533279,0.39040291624803297,0.20413855403385592,0.1228689877543872,0
0.3730009382679494,0.3152424869239622,0.421547487705739,0.05448606365029726,0.4782036336306487,0.061302950344787166,0.1062030309900153,0.1755014143764292,0.4069264830363838,0.2770688196674288,0.22074048993741138,0.15488470784258074,0.08488778192071603,0.38591527884316124,0.34583671132583677,0.41229404525108204,0.2976181752377349,0.0,0
0.17520630308863772,0.3597654056581917,0.15863696400911484,0.4297292653760355,0.1472005534046093,0.31040896669797463,0.3743966301509214,0.30402327667737195,0.08506072304307635,0.13690377076941224,0.3904085188463898,0.15344662524016273,0.3670811816682646,0.19836583338220673,0.2669724783062981,0.08366712675748583,0.1770078910345002,0.14496323434723338,0
0.47894142411573704,0.4776778806198487,0.302700159971216,0.07532138581201447,0.23660812143995968,0.15009018040050795,0.26074163089755514,0.13764434001069592,0.1064528890688074,0.0,0.2700708776201164,0.0,0.2115711209498671,0.33332763679171534,0.1633485175355129,0.11982057844006344,0.24185836509295564,0.15056733658293397,0
0.8378330143794159,0.6356371769896846,0.6959304937078578,0.9854543797879702,0.8342981579088674,0.7237354931748926,0.7849096200103336,0.7850848392683306,0.7033992202790763,0.8571154145984508,0.8536672076439002,0.7725231830844557,0.3454236511600948,0.6799272071747999,0.6334791101520246,0.6837963557855137,0.9367100855513693,1.0,1
0.7329267405918024,0.8672851958358936,0.7654734076505931,0.51098589662676,0.7104194247828503,0.5661911481144788,0.6206923265648933,0.8048383887113141,0.807471303597977,0.930358477828007,0.5670893570272453,0.9195566615899288,1.0,0.557996919289255,1.0,0.8759260793595627,1.0,0.8050759363023381,1
0.12321068140169492,0.18708689444346527,0.36924637817403577,0.0838814637100343,0.1473115087550701,0.2697821008333907,0.30674277373395237,0.30312650521978013,0.13191938635315414,0.058241036777038985,0.31468715718556395,0.42197487298476744,0.2085638061549177,0.11263762186191609,0.1984143613042188,0.29728750880616767,0.222022821186804,0.4188632369817775,0
0.6612004460441817,0.8643374428974597,0.866589104624625,0.6434661156723838,0.4608082048190458,0.5045104709727399,0.3091575666064229,0.6705972645143373,0.7178759372716739,0.6941416827160813,0.49254280062327016,0.7171049018887983,0.6062481632652496,0.7618630575693918,0.653899527183754,0.7647714433289438,0.6182497768984758,0.6320260434661353,1
0.3089395702251342,0.25038620506453335,0.0,0.29685855959280716,0.40917559001504944,0.34438386735998283,0.0,0.5052693187603241,0.09089781376788295,0.12058966484265457,0.34382531122447496,0.304340974107078,0.259640212628777,0.1816712509364269,0.40970280738757797,0.2452808979782032,0.06210195884505368,0.3978759939974156,0
0.25946662704074763,0.08675569791522397,0.28100764492417807,0.27295833243165696,0.273393700167411,0.2676396300746438,0.1717134176652231,0.32099309609204285,0.1674813046856006,0.1210490903190089,0.330956044519772,0.36237167210689686,0.32274377199373183,0.22513661662450715,0.01726411552996407,0.42780282050643714,0.015388307105363874,0.3203273672102659,0
0.14948020011476795,0.2876350008836998,0.2717205713400639,0.255679314288382,0.11727511787379555,0.017356808339824753,0.1297145312084353,0.3491486124693207,0.07640537649229906,0.14436628359903947,0.30016559845594804,0.1267090390158762,0.18483421723029125,0.2598185819284111,0.28391712869561897,0.12433288621858313,0.26691314998974125,0.2978625703436443,0
0.5559915679443134,0.40908050616174235,0.6279999917099346,0.8671897340714665,0.8928173330294991,0.7027009504857397,0.8891036973011742,0.9838254701610171,0.5642895838846512,0.7127777237283167,0.9597036242766858,0.7540591642878781,0.8138717886596208,0.7142406933611635,0.8813726376595266,0.7938647195923869,0.9713450673320387,0.707714224454139,1
0.6112553957698921,0.5484554192228321,0.3247371636661813,0.7457132700303775,0.38519655088240595,0.8871982710912555,1.0,0.5799000109762157,0.789762688404126,0.7680357545461945,0.86887367041946,0.505006058429076,0.6962776056737051,0.8883633724296355,0.7112033046309844,0.4268470162039194,0.9434976150691187,0.4867243361340562,1
0.22486128064452665,0.10029886167272514,0.2919620709900155,0.2264598199699575,0.22183933714217655,0.44416610092634057,0.23483852765625274,0.4097177732857221,0.0594310406628864,0.5725734679435506,0.2052075445893557,0.3348620827928831,0.35395274943358146,0.19031719235494773,0.3482836108070864,0.3545203811897486,0.16442265987450785,0.16584397309817284,0
0.09476330528321322,0.21440418829023994,0.47272718575800443,0.13230845227860483,0.3011965381354079,0.2626626320803461,0.38114650694090885,0.28545602096288875,0.19824454264914998,0.2580116945767462,0.2597643932744483,0.23899657812606115,0.0917066253611179,0.39917063291174704,0.377972030543719,0.1246973167756171,0.2139129241379496,0.2229897196774941,0
0.2106237366592097,0.27918211970696,0.22442842061511017,0.4249217859389379,0.26395169648452743,0.2510504737977999,0.1950109601174903,0.18808436434334033,0.27852664897885926,0.3483504951247257,0.1678530282507894,0.26518951326113543,0.2721003389222938,0.29300362196507324,0.04510043177671377,0.13903207603468143,0.08609865758537191,0.25394613119820947,0
0.04719978784646403,0.34236238199472613,0.35389686579193297,0.22680999918018,0.29804732800548694,0.3394248373157688,0.15233641529779043,0.1651781949940841,0.2727671415038364,0.3584906751872464,0.11008516883704184,0.22624628416779768,0.22069160419546735,0.3001550926051317,0.2489561955989399,0.18449396994365685,0.39982789369088867,0.1852891022055016,0
0.47653578939465036,0.20551544765350932,0.3140531528630208,0.2529328770001019,0.25288692436758164,0.23017538551221714,0.14710990643781352,0.2902167939138946,0.21535099000967337,0.14142398995135289,0.37170079146979584,0.26188115472428114,0.2226281251188113,0.41080679376955576,0.029670215736040284,0.4027384964474906,0.14437744610365394,0.27538390472986235,0
0.05315655513282644,0.25936368706241014,0.2694415302385743,0.34474675050362946,0.35928490159901966,0.22630936988024405,0.3167233449711501,0.16592333585841568,0.3144451040032823,0.18913215061785296,0.30513502191603253,0.29542015903424385,0.25825643508340773,0.3453447661791225,0.06155211143671774,0.12221005381348721,0.2175928391736359,0.07680839347920126,0
0.14567859283832413,0.11588255408631229,0.29389999511971776,0.29350416913199906,0.2905893729324333,0.27229914439005765,0.1746259406888333,0.07175730471057745,0.2839780667980823,0.09608895996419428,0.08475924427135278,0.20432418418381154,0.301679078239406,0.48853110847075515,0.36751111639045525,0.4219861104554897,0.3284394025051686,0.2940224462732478,0
0.0,0.32476025455621904,0.23666180065678244,0.3130866737318603,0.39226520047131863,0.15938487090201103,0.3633165613476696,0.0995148562806486,0.26531190793207066,0.220897987679682,0.2555535361608866,0.13131588581806003,0.30242601472602415,0.4403544718617737,0.1333771755020346,0.2727574625995868,0.35270477452948157,0.21439111262014598,0
0.23477574686175687,0.3073758068372102,0.28633020439563345,0.26116041570157683,0.37342165641790376,0.37788016828367416,0.1872774778346125,0.1392265034336289,0.0,0.2084606367880247,0.11880098097863995,0.3003036302796507,0.2096959678185484,0.2227085619643246,0.3474359314902257,0.29767056160404937,0.23599719280760115,0.4523710811122311,0
0.20028915710142034,0.13252419654835113,0.3334662905553052,0.156041932561795,0.1427421407857702,0.20284373630592775,0.36914066544355534,0.2757851408332479,0.23803725641350362,0.07803462760375851,0.11287498481635488,0.09659080719524518,0.40682214684068163,0.3136675747757977,0.14660553892909672,0.18227540274092136,0.15096517885151994,0.14369665403431497,0
0.22888310103166265,0.23709725429564638,0.1196700251267408,0.145468036015787,0.43281446287551145,0.3551007736363375,0.09860717503340521,0.1969182338657314,0.2987203229987684,0.17482587707673505,0.15295656215134812,0.2094105059460962,0.38087930623989685,0.3917681563022487,0.16174638186492757,0.30526613135611735,0.24923058965466993,0.12901174090167394,0
0.4112889949208254,0.15138317201024773,0.004115064377176403,0.3472391220122225,0.1855496656457815,0.03897512828968025,0.23097851313202314,0.39766695711180416,0.09840968586247623,0.5303195144736721,0.14945420865560058,0.26044130249509,0.10370410985828699,0.2549932418435217,0.23395026138895877,0.07126073172026956,0.5890992362741092,0.19055953971775663,0
0.17076549554575554,0.12457920461149408,0.23302530635186655,0.4309473305173932,0.33225255781157514,0.2718114815572953,0.4406225132309258,0.4174930197964608,0.2900946652867029,0.5831343589043361,0.22030922132877898,0.3817634196591032,0.20284040739494474,0.3583418123703305,0.22019353797222685,0.3053641979100426,0.5368163091859062,0.36422221616575295,0
0.24571203180631715,0.33442725791423455,0.18070299748949176,0.26560714656638035,0.22891865208143616,0.07467588193720953,0.2652946605806887,0.19708397299080377,0.22089374031780354,0.29365419347799454,0.40270397607839503,0.14814758913424259,0.20961301418447717,0.1581900764368227,0.15037832946412105,0.1786517267620273,0.22642596606217666,0.3203045988253005,0
0.8020803573341393,0.77096517355008,0.6117759562425134,0.5442807754412939,0.7962803581338371,1.0,0.7917112133379725,0.8604871652254968,0.5702046491448254,0.9506604241881201,0.829443019119489,0.47549792076316827,0.7572963056946316,0.8451657418264913,0.7130638620069164,0.7774869658388881,0.730407572601079,0.6080109115089904,1
0.8319953944994318,0.48259828379918657,1.0,0.7465375559512974,0.5250329593099703,0.8325240782271522,0.9525494045920626,0.6617335020151954,0.5271355408642016,0.9144907080224356,0.5345964772201821,0.775472333435762,0.7074024983850273,0.6491556060557064,0.7856764969693353,0.8683762118988603,0.6462100764235051,0.5871231470026037,1
0.3912954103522399,0.2609111210174172,0.16121745877025018,0.3983372767274721,0.17977437975277755,0.42039466953789584,0.41843283734801207,0.25672139516496023,0.0701740567153975,0.5247400738414907,0.29647312675174553,0.21113355703352918,0.3647353497730067,0.33427633444256166,0.40731260198637287,0.17051826535841244,0.28821680953292705,0.10769557237060759,0
0.180284777376222,0.0,0.3269188863273968,0.23641979083253234,0.1284779378334206,0.26519160523332325,0.17995835718325826,0.1865888642661369,0.32275493873304495,0.08939411064113867,0.37567783432885105,0.08227766042579157,0.17047583099736835,0.48075354328798925,0.38528257139709066,0.26171247909945283,0.13713637413985402,0.1864873231960128,0
0.15772753529448114,0.08866115661681695,0.16235533571670413,0.27907323866382533,0.26012686094064114,0.4729813140325852,0.3079697862498623,0.4791000739977642,0.3358167284787912,0.3802848091966041,0.206931727405485,0.121058886000485,0.19612481310389446,0.24857565631864015,0.17462093391939748,0.12986290906349784,0.30002052309049115,0.12935234005632973,0
0.028641133358052823,0.30239650932237866,0.12931858994213802,0.2421631921401423,0.26435524190473775,0.2797743471013956,0.36253498462300626,0.3498490225950078,0.2734000080601228,0.19695816634367133,0.2629314506411585,0.17845474999900943,0.2264285293592595,0.5641808108296495,0.27186276410602483,0.3040294020445058,0.16534232211635655,0.37240880997158415,0
0.4487640365702973,0.3652192130709562,0.24740122059551217,0.3919630821724136,0.2113032577510825,0.28428140503923705,0.18503025909499204,0.3659770196662352,0.16512932737171993,0.24383586531979115,0.3314966581990235,0.3757827569785819,0.15146139498773414,0.3403765882144439,0.1321617902648585,0.0,0.16023236233230556,0.3501591971291581,0
0.22133815165670187,0.10495099542872116,0.2722849645057165,0.22042627120982772,0.5166390747021432,0.045466826032880575,0.2693775316374858,0.2708805986849148,0.12633311152922216,0.26143028769369525,0.34235132396880585,0.2615789779069399,0.41613554617838056,0.0,0.14893199046367353,0.42700672566771336,0.35944315999166204,0.31486140535195456,0
0.22186027075453507,0.29070278429531726,0.24684592509494666,0.13729923614846656,0.0940759984911427,0.3467586911234634,0.15916889795243022,0.03941194101932774,0.3527887432011878,0.30507794805352784,0.23609510830501176,0.14025380886867655,0.23638702679554074,0.3958705120623046,0.05623608567654406,0.06232268599124874,0.17466816125051074,0.2468027575848154,0
0.1827247722056037,0.37272524989826544,0.05201041099061787,0.31583656862003284,0.1727568032724333,0.3376621167196253,0.2483728992574926,0.18575933021580504,0.2036128459748806,0.14795340399296317,0.3505345306385031,0.12416351806895023,0.2179505633520643,0.2914287495642969,0.4436193430538223,0.24888416789298232,0.22089872961538712,0.28283618381392334,0
0.35068117783608715,0.1329435919958131,0.3699366001609802,0.3101194683216736,0.3937083597354284,0.3672916600859606,0.23980559191505044,0.23015505512280215,0.46396371911091305,0.21513178367416497,0.3398120438605413,0.20423356093723097,0.026574030383482106,0.1027193082632856,0.29871050618343803,0.3341358039526125,0.29910560910641926,0.3875139401672203,0
0.23295524701204717,0.21660954778513924,0.30645404266842047,0.33018374122691574,0.2323511800589675,0.2596729330744626,0.15618517243200064,0.14671803482025694,0.3422977002360169,0.3033930475053546,0.3046358126099891,0.2837025218470627,0.2555443930977944,0.3335694268987323,0.36221305132273407,0.3593473606228777,0.23790665008648157,0.41643912758906054,0
0.5633323214065409,0.18107870698273376,0.4294652818242082,0.2532152131743326,0.37733083091230957,0.1673825306961047,0.32508934517075055,0.21961713455267134,0.4394803733907866,0.3026401800900411,0.36231311695618795,0.0,0.23973127842536496,0.2992661962069955,0.2768337887727649,0.36533886564614204,0.20609149058350545,0.2558544526041557,0
0.2982598641343137,0.3950699142725884,0.26664055399009157,0.15435218177803844,0.186535547491582,0.05093968280057656,0.23393977190769577,0.2872935948195896,0.1424040898161426,0.4827640181233154,0.34507353945413777,0.03486671932618693,0.037328492979093075,0.1319171436755418,0.4387822488111127,0.3569106052662835,0.44484546346699444,0.2512251143875306,0
0.35826207135465055,0.16415071889492816,0.3239329328196443,0.4469018099467045,0.28270670975916634,0.3442349743290257,0.3186268295413095,0.47777097814210256,0.29458725060325947,0.3339950622082612,0.2456468765780852,0.1570733757180689,0.10501891771825972,0.40203088787640096,0.1289968754388952,0.33950373997401184,0.2999219956460514,0.3601342413874878,0
0.44309979625930995,0.3179681623191094,0.3667587324939049,0.30219036154239354,0.19666665714482817,0.32336253043098495,0.39510584712213526,0.2661685652221064,0.4661971125215807,0.35205846438422905,0.27543790597259343,0.28017838372213816,0.266468455476115,0.09985134572860102,0.2391913365029674,0.2765423782409401,0.20006978544801657,0.2905212422445634,0
0.2969468996088079,0.13044323304688393,0.05100774843472028,0.2873147742579486,0.31383046613434407,0.33762601143534804,0.3161409257912953,0.4387260130884387,0.3696481464317516,0.571579383569869,0.6220776636199533,0.03902768948263438,0.0,0.24911304425839423,0.31050789158563863,0.2408937989193133,0.3344296535269312,0.21757095095219497,0
0.8038099057786414,0.8231935144887872,0.7639677247395448,0.8345986103719297,0.7816870343001927,0.6441203765253558,1.0,0.9246381233283384,0.6504672463354609,0.8148026669538057,0.7818680536725349,0.41910542434041387,0.705905049094854,0.5730510002745891,0.5724290694932526,0.7077168170755682,0.4752276628025155,0.5037960660236737,1
0.2205079829709509,0.0581400552199193,0.12324980056787885,0.40572002303259436,0.3753349448601665,0.3881586759733725,0.07612140597539135,0.12387326101580043,0.29078470825973585,0.33583809882152177,0.15405835778816504,0.18052943409472938,0.11423828247296378,0.44898943486978493,0.193005304113578,0.2537550764335318,0.26003735226671526,0.3826744544168571,0
0.157636011959918,0.057482463303798886,0.1783329799063556,0.24396198048727474,0.312569046989624,0.26793759165644065,0.3589209538033874,0.13226005943001112,0.20479619345054081,0.44732400421195906,0.01827039364590105,0.19576548328888066,0.12142072626848216,0.22655219148951053,0.19786630150766601,0.32225865257081,0.2806624791291406,0.09332589137076638,0
0.3877262848126214,0.19588584879718804,0.2522138294464251,0.17678499507903214,0.4032105777895599,0.35238113899408174,0.22111125506155593,0.10841231622846978,0.20836842341701597,0.31841832399396564,0.27263628448957183,0.26309176533423845,0.27540385113637744,0.34105554777977914,0.24497689551219468,0.3040016140551403,0.13156969507058822,0.556462093237039,0
0.25361572351019607,0.22898755343252208,0.38596369824659726,0.39061704168580347,0.3835849720706618,0.25318811336290575,0.1453076827013198,0.4810255693311105,0.35275707723466204,0.19520092223291324,0.4208582616333293,0.18572693016890862,0.41928440838263875,0.42739415072613895,0.13942206739827329,0.3198109963625153,0.34386288447535945,0.5637891039503597,0
0.5247444693815859,0.13680397158056146,0.08091427226864811,0.4525965790388165,0.4085506719804347,0.22811814426924576,0.2957598778149432,0.2987882942922417,0.26640549144922704,0.09442245538354324,0.0,0.14863285812118998,0.4679385293645137,0.4726496203271987,0.21857956426092295,0.13504429329715945,0.2833745463675256,0.3026777434560431,0
0.05037664311592305,0.2563174985522967,0.1183753925592495,0.21467020953300178,0.1796295167248945,0.17344231047624917,0.2770698168047638,0.27654560828710134,0.2236215292919218,0.29448212115893874,0.1457662550975741,0.3317903042847313,0.2252561173410873,0.19196037254345236,0.15462894259564225,0.2210323047439982,0.47447671082151066,0.24240234758768925,0
0.26445467420935503,0.04404425121506661,0.16406033641928242,0.3588409149195995,0.25728149164444813,0.29408097297324187,0.2659789095619661,0.5130404733155718,0.19833762025736787,0.44264920515835715,0.2660203866648079,0.45330387694969576,0.10300262928902196,0.2721582649157033,0.2027575859291836,0.2667366803020047,0.39668515151993533,0.29545715264295347,0
0.12377352725219037,0.23268587457756942,0.10399378979363116,0.3510552350965159,0.13986957550989831,0.587148276411567,0.1958338658842726,0.25864211703004625,0.09455905786407579,0.4547310109753167,0.3843400816963499,0.2856299044883335,0.08838369414645214,0.27528002532695445,0.11542827447792942,0.4254826316168033,0.3471033678223807,0.26145268461852833,0
0.2249442152292495,0.2914603659388387,0.3962372306822747,0.3585951938300858,0.31371919338214826,0.2106478200654726,0.23094682074319356,0.38651943419240276,0.4115093498478568,0.1788564724864392,0.16074892307740363,0.141503945407574,0.3495640738876187,0.13846299735249773,0.3481124087226097,0.3154828411745215,0.18458897867610635,0.43766311766215193,0
0.1623440489309258,0.21640866085565746,0.14726617755632743,0.44550376177706696,0.2522634216069942,0.2712123613871084,0.1920123150441447,0.24810652955524468,0.10416958428367193,0.22962195566859117,0.1375589885685093,0.2167115698292605,0.0,0.11463961498677694,0.42567116854172,0.3496477298929051,0.40828472030982776,0.41652655236051084,0
0.07756368430369409,0.4144339741588691,0.13105068256005725,0.18227930571199247,0.31736709328740015,0.3979864198612868,0.11157080419816456,0.1884946146786723,0.2617038487001573,0.22763607943651432,0.35248384734822247,0.6623113139181425,0.30031848502310554,0.16177642742052206,0.09441900032332054,0.21096953036972732,0.1371700136765452,0.3061059750370508,0
0.502426806421834,0.28040360685945215,0.1682707440784607,0.2738201319793853,0.0,0.24608229502955653,0.3811578965327186,0.32226209426445057,0.285826725237481,0.3279086986684593,0.38239078538532595,0.4210280088757825,0.30369470803473503,0.21206662785847705,0.0,0.3673808112409275,0.3118243016324684,0.2683191385018961,0
0.45696512268757883,0.42287288429322695,0.24890199469393176,0.6230054338218276,0.41209511781684405,0.3148619242054788,0.13034147228156662,0.06639607249268381,0.07659665715080075,0.1379601415690545,0.41527631870682735,0.30845066960050277,0.17639521799578503,0.2336957186923951,0.21907043164865367,0.34600608046283954,0.14454426850770039,0.2919623663339491,0
0.16179545985263916,0.2034438313170705,0.08971565923576064,0.4284435417213068,0.3040188782741015,0.14006650476104635,0.2825628355195101,0.38912172519931987,0.3691350790545261,0.13868336642003185,0.0,0.2974463301875656,0.14357564417941202,0.3246793007176601,0.36403244660034895,0.38363597333960586,0.4593688583174238,0.3983628301692764,0
0.28616946497633416,0.2391085667833877,0.36961804240278684,0.1690837727088068,0.5475284142585787,0.3415684456184511,0.11470175161959875,0.27222751971236986,0.3427220221638557,0.2080757073376348,0.07058271429079518,0.12531232700813255,0.31505115332146616,0.03944602329179542,0.07607865137847733,0.31442016963207114,0.22329409397838046,0.16650635324742435,0
0.3661894710845553,0.5401366643339736,0.0832571977338249,0.4249804968974932,0.25841626220393527,0.3467320260160164,0.052266743067463484,0.42616981871983567,0.3443820101598196,0.2453307958256539,0.32741352251933453,0.15814056387493008,0.1804671897301961,0.19438664636495245,0.02767265659716664,0.35341101930440405,0.3929912337019079,0.165838702028339,0
0.04566656657280285,0.07703790403191355,0.38319635717268397,0.41281157889567555,0.16060204735292302,0.1741497012629307,0.3239482475863975,0.0,0.026656757859333274,0.21631199189791459,0.4359868679354951,0.19771238941999125,0.2621124150082186,0.38605471270768144,0.5028261679933775,0.18077818322220252,0.24797959315198886,0.4686466265611411,0
0.09554027515304006,0.23709952009244456,0.22934220151938514,0.22382014536032527,0.3111156162667701,0.3261670227015065,0.3119983699376783,0.2906698429693076,0.26027652491874104,0.0,0.3433471154725808,0.3086024914127772,0.1318286467994511,0.283669873407597,0.3277526177296268,0.3905496478270073,0.31123617318086644,0.2885922168179641,0
0.23845852756920013,0.38536226288191633,0.0,0.07040335721160085,0.13925362697256788,0.42534146400643946,0.28391043795031556,0.3420780688553472,0.11318068970485234,0.11565569496753686,0.30373764600672526,0.2569929197122536,0.3158486582636952,0.22747948108858573,0.28337724717455526,0.2689742901886131,0.34333208669019105,0.34684099383333644,0
0.3285869389573457,0.3562082255974084,0.18656215496150858,0.33709986325260455,0.23683124830191601,0.38765655778945757,0.4940980792069697,0.1187601421680104,0.3423381284255999,0.4065957479395273,0.13351835915778013,0.18098551981376076,0.17963474821249553,0.23406625137566534,0.2072361392535254,0.22620584943339014,0.35055859939338024,0.022502593373661256,0
0.2324663162086546,0.6644855682693018,0.2842148609610727,0.20432501835203626,0.4204033501344525,0.029075659924858555,0.2613184187657317,0.48933141936172875,0.23605608587682952,0.04200387464223054,0.20248984427072828,0.4245421649150844,0.29512835155849254,0.14933726685849785,0.16777086313851713,0.1828359674620224,0.29334374608647956,0.4105835359526384,0
0.33052149126532004,0.19570715925847396,0.38102877229142224,0.15892181632082805,0.34335210640330516,0.2031753647000163,0.29194695383584723,0.1945608397174887,0.2559971169647915,0.12103675579698797,0.2797068381626553,0.2553025401951503,0.1851815735113033,0.24339664403316447,0.2660805371401492,0.17603715360818653,0.2345489709124397,0.1293337670926095,0
0.12073265506302897,0.2774763922797268,0.3239809290961364,0.24981135946369645,0.26322166933376295,0.12462293268320954,0.2627783433523218,0.3113678795409246,0.28931207011253546,0.31842410846945096,0.41951294807634787,0.362435985029721,0.25855535361969245,0.10938899777400665,0.17799936703466568,0.22364426176991015,0.28028149976097366,0.1926000686200726,0
0.1870080982294385,0.42876667026524473,0.19481466211155737,0.30050548236068436,0.32135634700048943,0.45624881916989324,0.21195644562521998,0.17161685125250165,0.07022255387016121,0.4362840407994968,0.3005693088458248,0.30436733270731625,0.6240045089588704,0.28900536894235596,0.09372143138799613,0.22649157100084286,0.13302611093816163,0.2024957926500673,0
0.38177779026252967,0.09484779351981124,0.26526897387679005,0.3880268510196944,0.0,0.4921918652550623,0.19896577633622686,0.2669314458594567,0.31857390706196126,0.3371354867338664,0.28286607259116187,0.36968615004476413,0.3122884855506175,0.46130573680387643,0.31267930514255166,0.48575626238597047,0.3581294608285187,0.03330998490780848,0
0.31413855457930995,0.4813687396261374,0.3103226960868733,0.28626561562959935,0.2788466587005519,0.09574053254396603,0.3647198326768147,0.0,0.17964965712690661,0.2527516420681135,0.15522852119039646,0.19578928923126143,0.47072506794726743,0.38248286629380146,0.1677006783031913,0.19365201868331483,0.09675952617377875,0.33459925432073645,0
0.1776114229884157,0.07051591485794548,0.3773372949669725,0.06897612791339888,0.03641891914231635,0.11831287829258069,0.04140255873706833,0.28265896357905185,0.11985488255368382,0.047166050559545675,0.24497520158737943,0.2520534434136456,0.025626028301668102,0.16435585918353715,0.24104334976324016,0.20718120718361355,0.2104620127536715,0.3915144374483334,0
0.11845993183520795,0.07337917353550524,0.19946735354512926,0.1589631786375298,0.20620820626157213,0.34577088356813385,0.24592245140743857,0.24900438788562576,0.2570577779450685,0.0,0.06816873904983195,0.2037626481484694,0.1488485438382715,0.22218550154246586,0.4184954055529708,0.2410660603128163,0.09133981387324172,0.15482802552823918,0
0.25323110820976485,0.10412366444815821,0.07963391401882836,0.20744691810191254,0.10046863961418334,0.31247601019054305,0.20062877336484772,0.1747458538801946,0.15900683164923923,0.2815747271896713,0.2551131068512043,0.2742348723835113,0.2716155332566974,0.24133653560839521,0.12602432998502913,0.16235438479224854,0.20263901138332757,0.49782342857059864,0
0.3209245142699819,0.23489705309835665,0.2957244840466554,0.3831082960048933,0.22551735350771016,0.28409257706760505,0.3999722434308149,0.23401238022282903,0.11495246014985819,0.3311251748987193,0.42218531327312486,0.4046540215381073,0.33579853195946485,0.0,0.17370007276044264,0.17984794148094368,0.2553842070193743,0.45259178013288054,0
0.27765701947354515,0.34440579970139606,0.03712607686983915,0.3216563832126868,0.31206852886235975,0.09085455208470494,0.13428056152357398,0.3224802162637801,0.21367457148196317,0.3834326066763167,0.2872872316606538,0.2567746679850728,0.22954611601323868,0.28512185583214167,0.34635188470193834,0.3140620831625166,0.19923896075092212,0.3987324463048325,0
0.20734399990631155,0.18175361690519737,0.605090870877172,0.17048618197911847,0.0017587655337006902,0.05800816348493973,0.34111631472345216,0.41037432300197557,0.16818433703525756,0.40347396035625566,0.33899079998110526,0.22726238428166934,0.21874644594753573,0.2717044271698784,0.35529469865843694,0.29767534787140265,0.1687830037841565,0.22909515435684272,0
0.2827174316118555,0.18262203678605396,0.3337380206800006,0.26327357470944135,0.25016078161053845,0.42675442866274893,0.0,0.07987789958085165,0.10755154883507559,0.20640872229174334,0.2194470196280764,0.06912092226723432,0.13178103612270084,0.14669899857717159,0.544890891049107,0.4662090337296576,0.2005900698778421,0.20637000516318413,0
0.45744371732867106,0.13157715058861152,0.22056665848694684,0.34328050912740926,0.3021719289359942,0.20486127145238808,0.23394124425807505,0.08501250299560217,0.22141915072304016,0.2180335011989254,0.27786038675515073,0.18336073374171807,0.3065846227054167,0.37152589813837944,0.2686515193202159,0.29221076900790444,0.2563786417093441,0.2500101271709697,0
0.43142060114521696,0.3153109879115874,0.23049603479723133,0.12689958859364237,0.1643954659431907,0.2507908434680888,0.28311365183200077,0.31786761341218706,0.29655827012665775,0.2055716365277578,0.18866741207289037,0.4956386658747601,0.1832239213686539,0.09499555656425229,0.05335390263370754,0.20761733354443457,0.36279805848001967,0.18088627727905676,0
0.027133779084652004,0.34724632472455885,0.077355424305521,0.2542006907382806,0.236108057515531,0.07986778203212641,0.29470037078486,0.5085181288248732,0.21248733625840965,0.3419055594895756,0.5326827806490531,0.35351358628106483,0.17261880308107258,0.27844177553472976,0.30769362197311784,0.4220575759928754,0.3956860408765703,0.0,0
0.11225905262195371,0.3631061861398341,0.19826089062333666,0.10818938533544539,0.4333565414467619,0.3053267173774168,0.20418386027473862,0.11250701969205815,0.4956887876631926,0.2470657817504071,0.41767936749633927,0.3572360253531328,0.18749181260041192,0.18844706620122625,0.42355778775207037,0.4255020799143973,0.024770082865511883,0.31597363131786305,0
0.5314879646753209,0.3770942392249822,0.28277129267578616,0.39065355129720336,0.012489702797946672,0.0,0.20208507259001127,0.08457230276774694,0.2216073370662005,0.27467879687138785,0.36044973980087336,0.11340832188697439,0.2979556823392086,0.2517267631782679,0.29170111719197017,0.18762736590956802,0.4159762167834544,0.23757896218843286,0
0.2536007846237128,0.2160204005336193,0.2863722261940396,0.2649636733181616,0.21938029899742548,0.06564732231469064,0.0727350443846762,0.17993356730893373,0.24900641392844958,0.17701024633610596,0.32502543166953585,0.21649348969459797,0.13419847302645876,0.21662844484145088,0.2771031803579863,0.28898616625895013,0.4754054958391755,0.16973087919958968,0
0.2593669857114904,0.2747713747583942,0.10011354973595074,0.14163229866476518,0.3774762401361982,0.4588172525009724,0.17544711834729376,0.3305779946035667,0.2728029919217926,0.23553652719067292,0.47223508242139833,0.19561580247726976,0.39888551644209824,0.29577079804504586,0.24797328131622173,0.41464206076396937,0.28481613981076337,0.2384286964105263,0
0.21854749327064452,0.1628970135175433,0.1041396569385166,0.08037792116168166,0.0,0.12323842437958507,0.32529926760062133,0.05818017615840604,0.0858252584496034,0.46490782854794976,0.17362047401820951,0.2885255210997803,0.32707805758005937,0.32950313557375366,0.06732229232703285,0.22227283841206116,0.05581272765779294,0.5435581430692388,0
0.2628527037846632,0.1729084612886478,0.19101415828960774,0.43419798413673494,0.22549177596578243,0.20684476482596653,0.22898498343175336,0.3045345986198881,0.1259363580791364,0.30126584805500634,0.2806984228071089,0.0353613539111059,0.46531067240905144,0.42529762729158477,0.1539324480706195,0.11530881547632602,0.2773661796430291,0.07889640546024546,0
0.0977611087060414,0.491141395742824,0.30271557115712144,0.2385262181002826,0.4566402114814689,0.0937279157234194,0.23354285969251076,0.4899608550522233,0.2327151391930399,0.5436176534085433,0.3442725807329846,0.40671110903586793,0.41018737881458445,0.2501922952297645,0.19141460024853083,0.2361471616143504,0.1315680996023648,0.2420844540124247,0
0.1264853300439544,0.3726044334064136,0.24287217028120583,0.038150243390796285,0.14263277732462462,0.1352239200635474,0.21201666578312484,0.3003417146136045,0.47187074046897176,0.07826250460978165,0.19182671236960142,0.14248229765071463,0.09784246462128432,0.26145372239314785,0.2501775989424217,0.032343718350055756,0.25217806335345583,0.10535248085066332,0
0.3272791214237482,0.3363130284304386,0.11163815416808437,0.1344001515436547,0.11993244524732197,0.09014250931700254,0.34545518498444844,0.28480601099965064,0.2595395275709739,0.0,0.4966572230342342,0.14268735950157332,0.49621753071267494,0.07609102232184209,0.15251186097321556,0.0,0.29345499711312373,0.11784918150265211,0
0.2395335177403369,0.22458620396390352,0.17074621832709813,0.0,0.3894194824684808,0.28959881985701064,0.0718852254956191,0.3067757983591306,0.1963234231598236,0.1997233220298724,0.15779024782131607,0.3144316567182718,0.15402117141805616,0.11837983766912799,0.38580937727271947,0.228534230827993,0.23230163320093505,0.33309569443319986,0
0.13210536895988903,0.12596372013773063,0.3090316241627571,0.22872704062192004,0.24682840543111628,0.3787040037652234,0.34108445739820425,0.4095847898102118,0.01821566723519602,0.2804077500665441,0.3333626226876648,0.06680969719747792,0.17141252304280336,0.14914178052052973,0.25260378052718996,0.44534247624328765,0.49271072855978804,0.15228549363120614,0
0.17288297602397937,0.20821563431973247,0.41074265019372136,0.045870388537058576,0.10669374269079124,0.08611803192481851,0.41820327408231617,0.17627200783602842,0.21079916246980016,0.056243898649487645,0.21851367566008978,0.353982606501036,0.28035484579275555,0.23705631384416492,0.062213736945791104,0.21064574952304338,0.26762977167110585,0.13098101715600344,0
0.14393898138795636,0.2596616149501846,0.23951227692453933,0.3892788793493522,0.2790556034440405,0.1781077774431381,0.29315112466530086,0.5070895887065174,0.33881475055442023,0.24289995835195655,0.14996644343944288,0.17602101992707408,0.33159915059622763,0.1437036913213992,0.2503226513294962,0.42251426948072934,0.26804708716283854,0.12050418504430824,0
0.6821134005279653,0.8009615824977138,0.5587370278328585,0.573521409237993,0.9731708054217376,0.4644843945871647,1.0,0.5986757568652198,0.7561627382146561,0.6251477537823512,1.0,0.8045677266504339,0.594989006800505,0.815462692284654,0.6165193646602232,1.0,0.6510338089051078,0.7782529342780685,1
0.3220972658835724,0.4548229509000796,0.31739666465692423,0.18296029275477604,0.38271907301535535,0.17426806599470565,0.26962696136743214,0.0948299670381052,0.1260062527195897,0.25616640045234235,0.29417040502970465,0.045713125277076355,0.3096744841600797,0.1516685228082043,0.40356256188053996,0.207764268541059,0.1151653276540017,0.25909654695511025,0
1.0,0.9548261346160757,0.8625588021234495,0.5121061258713621,0.5563519448453778,0.6351787644495837,0.4441352871044407,0.4914746347713951,0.5604239115615897,0.6392127158640615,0.49949843448369646,0.7129493664143367,0.6922746885372429,0.6007204775993853,0.9946056356154798,0.48158537370441357,0.9211184664777993,0.314230280061798,1
0.14180878333656238,0.13107108567704115,0.13992172867369176,0.4325989596456341,0.24140031337158105,0.048553070238564394,0.2960960711013357,0.2669244142688263,0.19613254397400026,0.12755118926934267,0.12233261202725496,0.3803960578559606,0.2797015426966117,0.3074372397594141,0.2793710571496144,0.28932264458941864,0.19379264038861108,0.22530047746230683,0
0.06566980491463312,0.11330127093588632,0.2448148207724782,0.35418121356720017,0.35828409005623846,0.32567348349799996,0.1614931763118467,0.25294597988847856,0.21143889639553048,0.22585722838062997,0.4944553476351775,0.0385599715595665,0.2218387820893287,0.3954098688635388,0.07409302059597542,0.17275030896804994,0.18651538029188325,0.22320523335352185,0
0.11222142125834914,0.33787717623867175,0.1729710641307154,0.22119638809369116,0.24463356939168887,0.4472534113373795,0.32014066369497096,0.29620397683844213,0.40560381185334354,0.17401637634861017,0.378201157234172,0.35815631141904775,0.3567879235892239,0.23139799565061908,0.19752221250670857,0.14562116257967014,0.15313811620401543,0.13995842187298096,0
0.29178436191337825,0.21813514304449164,0.28939287544972364,0.1746907310546765,0.1439889812694837,0.3762489863228491,0.2423355297850609,0.4926530741024171,0.2555571957752968,0.13887063515794093,0.3972329051723127,0.3256960196975224,0.3372247436435708,0.3928720814641502,0.17166444473850467,0.2347296029217655,0.2294260202214648,0.09511041557012581,0
0.1464639976512076,0.3470257299522422,0.18274614282467525,0.0812199247585321,0.37254667470629593,0.18554836125206642,0.20093210917494525,0.2549416024419013,0.3871107067348138,0.2524044749039574,0.10610594486257238,0.3152652404934616,0.19180123308859312,0.4765508765835359,0.2498656333602532,0.0,0.29288379665868086,0.4833517350712274,0
0.0,0.21390020544065902,0.3460863796409328,0.2677571189468947,0.26755203033998337,0.20620075759375472,0.12292708707103861,0.24795330113314193,0.25625121414821495,0.3238305424399547,0.3335799909154554,0.26030337029958894,0.38138900375017976,0.2050090398237075,0.07671705161443201,0.30724644033018467,0.2651655465267106,0.3096317818815836,0
0.23978860354901013,0.14496390278052207,0.3280887313188673,0.24213441498604452,0.319226237271838,0.22805070517747505,0.1555458837751473,0.26369410853663366,0.09847905855780131,0.31473262247639777,0.13754209521842398,0.36018790318401384,0.20938531045097025,0.37750402195719,0.11528521736940217,0.16866763591254155,0.2957121936218285,0.3904596512112106,0
0.1428052738470095,0.22320555107100704,0.015366600271540576,0.2001706637129455,0.2184487307373266,0.12107036210650965,0.3397414233885232,0.22374804546527355,0.17370465464626866,0.21095992779177478,0.29261289679790164,0.2587865452560393,0.16588298942949067,0.2650784168848533,0.24391888509204912,0.11326429322214249,0.21537943677912874,0.31952059245050657,0
0.8376125280804737,0.9135755437649188,0.7033701420358367,0.7887831657462462,0.5573078027394353,0.893993662344192,0.8414240284943851,0.5759536324884197,0.8154652758438045,0.6506620476134334,0.7341562663526968,0.5719477267996934,0.751996044911863,0.5620639961922895,0.5705964988891614,0.5386240910109562,0.813892021534074,0.8681972313195025,1
0.2650376609786525,0.0,0.3637340390228611,0.1677376131804258,0.38487622652412334,0.2685129765037236,0.182553588514561,0.04866524853385837,0.5109815148913691,0.3463896727656861,0.35356892796268047,0.4682593246543151,0.27689044146746333,0.41228800616581035,0.19257096907038057,0.33850942393998484,0.17438839510903528,0.1895369445418824,0
0.24191547433235813,0.2428446841131503,0.19635628508474484,0.15721666508334817,0.3797768709226722,0.0,0.22531418091886207,0.19373206337389415,0.3002549784071784,0.07548486441771896,0.19002575905076752,0.23771683192122928,0.3784088332444551,0.2898621960154509,0.10798141469573658,0.19150279375352083,0.35632616231928294,0.10590701608923192,0
0.4898839659152998,1.0,0.610072989662764,0.8773693059819417,0.6668311652114747,0.74082206662295,0.8271977953352851,0.6095964129408233,0.8641991510774626,0.7620761006584671,0.7520489880684637,0.24386914889841932,0.6592796506037505,0.8772660277025742,0.8450418936813662,0.8795782105818704,0.7295971820150557,1.0,1
0.06598096622577634,0.11534966633228852,0.2218773414084102,0.13108970706825723,0.22262921160177881,0.3220533166335052,0.3189331656236021,0.17070089090928267,0.09352700955532606,0.18092518418209513,0.328677377174026,0.35670354748534816,0.29234679052400236,0.3941723261194504,0.45750425435432474,0.19201264862445666,0.4283875904783788,0.21873405750499075,0
0.22351458784602865,0.3772225083061356,0.140228417336135,0.0,0.14765600243720295,0.2790506906255609,0.22005861755942926,0.06274844558986808,0.3719271437621861,0.26961963353013385,0.296681763365619,0.3003532311740044,0.0941770904980126,0.28634546997153887,0.35889445398424075,0.3868372276444785,0.3365515990015543,0.311575559031043,0
0.44121629294613507,0.7345864905754387,0.8726535784762283,0.6273174163757891,0.8129820689556009,0.7106071913653351,0.6077269986341315,0.705175424416718,1.0,0.6553567972311944,0.7007612633416328,0.8214646982035074,0.7289503647943146,0.7576136360131683,0.6755909121483484,0.6453112042665531,0.899280046835381,0.36893705572931285,1
0.129050161029429,0.3102396505499534,0.137104662124292,0.27124951351141824,0.4102435094908178,0.29638215225189435,0.20682500952626237,0.3149693333005504,0.08122237095941204,0.1493367058964759,0.1983675927391582,0.3444220295341751,0.29869585045857144,0.31421997454016104,0.246714094130748,0.15542804247969222,0.42857403238832026,0.1662647854638808,0
0.33620174642729955,0.23972712427106227,0.01734968475957696,0.09132563249197789,0.4039351427323256,0.15522927038502643,0.16608974822031441,0.23012194291791743,0.12255444893841344,0.10278775185380365,0.2439431112662294,0.14301646543935564,0.16107777042653262,0.1562570768623593,0.31268322566013623,0.22214491714055712,0.22857136385273755,0.321633507677066,0
0.07915186775211278,0.30355865770516766,0.1532081314831153,0.0960838419687374,0.33565841637788796,0.2789973426012102,0.17632278383285235,0.42414146188252766,0.1971217094116309,0.2538529208765122,0.2822696137214321,0.17564008790456637,0.3065363552079915,0.18598571834023309,0.2006034013340549,0.4135171167764009,0.12512967369850803,0.0,0
0.39186882040923915,0.49155748949589495,0.30477404084970794,0.16640433743605176,0.32760692528164825,0.2511163507984568,0.2211849695462202,0.14660786545842258,0.19429359529335916,0.2286650786471407,0.34649156705985384,0.31132306964894396,0.4690691371514195,0.3309205688615766,0.30091539094748326,0.2132523561432911,0.12550444217839474,0.1816127869776228,0
0.3799819497814212,0.32150932561147877,0.19999957855887202,0.1367804356299091,0.2597173695219987,0.27973420706162566,0.26149690133870784,0.22838384438589213,0.12008179310526912,0.3007225949570622,0.30650253932962285,0.27409865505540065,0.2633192374085509,0.4515099385295326,0.17507454585119248,0.4037722116947987,0.1619170636933795,0.38307406875477135,0
0.4739110321461454,0.41222069563602765,0.8957274470246394,0.7839753234227143,0.8935206860600096,0.5665729611573951,0.9512610847393986,0.8406645978983219,0.7143983313271833,0.7742425931750446,0.7824470209086049,0.5657882094306377,0.6506973807507328,0.6956463399730458,0.6434758951051972,0.4555046025861021,0.7730799776170021,0.8704861513069123,1
0.908557553934522,0.5702138848830102,0.761889208950902,0.8252210806633622,0.6072808525374267,0.9228965860145021,0.42007001551536344,0.5700706205436648,0.4133362011953558,0.9495489238698978,0.6921748700207055,0.8696701294247219,0.6920477392958297,0.8099852586044642,0.44113989668675857,0.5014478438264972,0.7758370710921363,0.8786618570130971,1
0.6034674225029966,0.6641500345540944,0.739624935841805,0.6665611549036643,0.7546086220667987,0.8179172156420589,0.7317142322576364,0.8497310002769125,0.32887055093775913,0.9142301351651938,0.880619563602649,0.5644164468653061,0.5399893692639239,0.8739895483685892,0.7168825744602146,0.623754552676964,1.0,0.7715683356845205,1
0.11442627771026473,0.3234654922542613,0.26277655712977976,0.3560204343645579,0.15577679004926742,0.09963842595580222,0.19673188534357278,0.22810032558873067,0.2750915569324078,0.04811300400547319,0.307447703594041,0.14269135140525807,0.17231012198590023,0.3908451437369702,0.0,0.2887002432600343,0.28824743560809807,0.1517458027779092,0
0.2509938291949512,0.22554617666505428,0.07346617187381316,0.3103658402052238,0.0,0.3278072813486455,0.07094729974324099,0.2564149495140969,0.23569973952064954,0.39034457767526604,0.22856137971833318,0.1667033726625201,0.18920767648345566,0.40274593225055966,0.31435563630170726,0.20372440221722066,0.22162642960425838,0.06193874912974637,0
0.29331772125799976,0.3502835077673128,0.2843086539541516,0.33069702147629093,0.31305242352643026,0.07235197656043951,0.28374876445678204,0.4080136796285717,0.2706120345773577,0.0928050166054222,0.20993714582861817,0.31681080756558744,0.4654756339357663,0.0152384702587271,0.2933478542922574,0.13813509320438577,0.3109272515606501,0.32053975107742505,0
0.0252034843231167,0.29592397049603253,0.218202118176106,0.07756187797996933,0.12344668586034782,0.1390713043765862,0.35708038445570967,0.39548925172773264,0.44674750782767414,0.059318653334879456,0.08594517609861618,0.07772482305993728,0.4046628406924011,0.30006693453034355,0.2596239059763666,0.2775554432616937,0.24318660674335077,0.11546295431121939,0
0.34123269071961093,0.34208230655861016,0.2757869496104156,0.37410281149201247,0.402602223596168,0.2839718703219154,0.23624651691996126,0.3573485188137713,0.14150496321283076,0.1638447663261608,0.24360395885381184,0.041037151787422566,0.3493114328276109,0.13445033350410124,0.19342107741978917,0.22440644851842748,0.254714418588466,0.20876160682923497,0
0.18423070445543038,0.0,0.14063536173567698,0.31334619320711254,0.31286508899096055,0.1718556121055726,0.1785212920440297,0.4731845281677597,0.5735655715066174,0.3879727108142205,0.437113586475363,0.4625710315742543,0.515748585988566,0.21376865675111772,0.14460784447119962,0.47001877397658853,0.1342847178470018,0.12656846869345206,0
0.16601936046856874,0.0,0.12896418609109944,0.44226517136391674,0.2942320255550792,0.20481713735858842,0.2978175786568025,0.015591456912475071,0.2838517259754909,0.40329907157769795,0.23546608634927435,0.0373612568501718,0.20032713582679634,0.4035114393979744,0.2810355588277203,0.07980278862477205,0.5341155015020644,0.09954297805058407,0
0.253484748580635,0.22001532890973283,0.005366739211311006,0.38461409811815056,0.24026714121407666,0.19182395205973157,0.18276073206042787,0.29301514916401217,0.14274923940466333,0.0,0.29885557638499316,0.3122923597548186,0.22604418103868407,0.11225165497719894,0.26067226490671425,0.07425611580236938,0.1267323283974809,0.15991624761950066,0
0.16250993947076697,0.17150242719186443,0.0,0.23048008953461108,0.12251027057685243,0.18646726871607117,0.14477670661988942,0.23868849348969318,0.039072593037204256,0.07395457055308113,0.5055096534433958,0.0955092902471163,0.11838573058544324,0.47042962339855765,0.5986080603088488,0.10941200454095901,0.20581012518543634,0.29098666611286117,0
0.18337288669957538,0.2963376281190629,0.25339064458120547,0.2135278388175828,0.21062286014240073,0.1890254809101176,0.052503859349318366,0.29594741141940306,0.27778561903339843,0.35196043029381924,0.18622517172318462,0.47744603505720007,0.20443168625804403,0.1449868429366365,0.13075780961888023,0.04192931161244054,0.43391534708717533,0.4145280868922394,0
0.2531981802400981,0.1833319364288175,0.18785849186289574,0.1824127507665525,0.19314361871107674,0.09826655868528827,0.218952454892176,0.20689519700174264,0.1590643952315989,0.268605550756597,0.278786737614179,0.1832023342849951,0.2327039019080494,0.5090348472281028,0.5044519910322565,0.12350917718443172,0.14026629200937296,0.12287160676096043,0
0.42332124425121176,0.10099146254183597,0.5376851907517243,0.3804532238186519,0.2751042990983969,0.4210095199150534,0.10976381368127536,0.21536621454766075,0.4233100475682855,0.02595277829260423,0.3172549329950566,0.31386113918141845,0.4863070980186595,0.060045349633331635,0.443155726843796,0.18286351082213168,0.19635886481057743,0.10335947356482483,0
0.10610702497123475,0.2586096919681464,0.3420732088104395,0.25241800770297024,0.12205109727211011,0.3078164274884262,0.37421876584917446,0.5155640995956305,0.423021283631882,0.129356993176157,0.3529699285713515,0.2807828704789117,0.11174810069568636,0.28405542541863643,0.48024120374885093,0.3935037052863005,0.1283860232516034,0.2516460660261926,0
0.27663793332115255,0.4160464433431599,0.3268874932243504,0.4452881607357623,0.24291493392339336,0.5368267252782165,0.19175245565030524,0.15802457989627972,0.10479365803731591,0.5297229605869684,0.3483337087141477,0.20990551199436297,0.39988272362481936,0.33252306221413386,0.48593529656507084,0.06426006007121066,0.21815678700228947,0.19449743392686095,0
0.23283684762605092,0.05588257949789299,0.3278874256670671,0.41775642899008475,0.10102576449372092,0.16942434873611079,0.1441156814653398,0.19553136736739957,0.29949077898386417,0.19683170534786093,0.32830362072388297,0.377845572409117,0.38221111135951324,0.11581826855564228,0.41631147333672675,0.4259286741851487,0.4363215917484602,0.23106222163387652,0
0.23169729610571693,0.2960072637224194,0.36997890962923535,0.1229756701625909,0.23499891636165068,0.4277746657190768,0.1607694125424923,0.15132999792516155,0.27427674301974325,0.3513262228582384,0.2513711266672791,0.40947527085243873,0.3528152779079832,0.3510184080268074,0.3164939801588912,0.5293183720415302,0.22538059733607468,0.009577324952018351,0
0.11121774394005013,0.025984447868527938,0.16952888177051967,0.207231719169857,0.07705199999631773,0.27123733169025743,0.38954275639796077,0.35105393753983216,0.23479772162095378,0.029150596417456404,0.33588428087908573,0.26756706028774696,0.30092213310616245,0.48233233603630166,0.1510226044563216,0.0,0.12358545066282917,0.30832540819213855,0
0.4972359663867623,0.4863683980767882,0.9341857914667492,0.5348732053430415,0.8713081761255164,0.7299627274703581,0.644792050291039,0.9839744690410781,0.8870666055150646,0.7670368349316078,0.33252002666211905,0.8482056689521887,0.527245213352578,0.6652407254375621,0.7213201323173135,1.0,0.6744164295691415,0.4639010695104606,1
0.17006476307803686,0.38704133232937044,0.3782252302338702,0.19648708588657013,0.2535601369913218,0.19315492281184582,0.31548663943083727,0.2266634426405319,0.1999023203472682,0.2555414995888056,0.06013410837689476,0.24089821062339062,0.3279534364167256,0.2665665256313403,0.3641987878869839,0.20472422945670693,0.19488511452084953,0.11592171952286012,0
0.7658811136212906,0.6630100360872397,0.743487784913612,0.8541847385855834,0.36634331916404006,0.7554444462912597,0.7381817223074534,1.0,0.6962990832355527,0.6800524462398962,0.7683357747743937,0.7333826529386348,0.6964918878377963,0.7624817090146371,0.6919164902143177,0.6157454629978774,0.6810333301957804,0.8517875801743979,1
0.24407600698782161,0.18089307795640813,0.10287446825372754,0.24189867508179308,0.4579513309882268,0.14765094364886402,0.23470540217946803,0.09253220564889386,0.0748926673715189,0.15552972047885189,0.19600203860449833,0.201330035088262,0.22287699819049284,0.05220008311559565,0.17488645461916333,0.310211016808441,0.08701059125265548,0.20738251661859147,0
0.41324715058679884,0.19843739902975419,0.2360446356161446,0.1308214964288114,0.2651908428483747,0.2503627534598764,0.32630814938138397,0.17365527514932472,0.1681605250539311,0.3054990541479978,0.41766285880894766,0.3254812297157181,0.47168946983333737,0.31663689654663435,0.3123151427025242,0.3315151456803903,0.42858049069349957,0.3985084079340624,0
0.3488879770764327,0.19143329629235445,0.5199175237925027,0.29991751070736805,0.128798720659111,0.20599537814259072,0.15377836119520127,0.34600823835360567,0.053346441212169665,0.08908583434770279,0.17901446575010305,0.33195361517659905,0.3979672329787327,0.4156650628927412,0.31357618239370366,0.24005325563703758,0.3453550974776791,0.11265992590819474,0
0.6042018857677444,0.3223491871677565,0.7857839315799627,0.8193571196818892,0.8666653642015792,0.6442061834111282,0.6706785568330889,0.9355159536939466,0.8311913119383105,0.701001344040711,0.5221334540779021,0.3989646107521847,1.0,0.8868747471774194,0.9305663372509105,0.624190578185915,0.5256260014964771,0.723880939693799,1
0.19690869102644534,0.0838712642069177,0.1077055343658799,0.21733733206824596,0.097311657049835,0.2868463488454784,0.19450504743586972,0.2722043256838367,0.2686177753871717,0.2964159465309432,0.30993790327467985,0.20873192910649058,0.27207631199605964,0.27832097541042095,0.0,0.3275830895031388,0.26799306354643015,0.3176858638292285,0
0.2727984496032571,0.38658676720631524,0.4483046543954864,0.3703438342054636,0.2789236598740671,0.08492311764364019,0.006852181121831419,0.35537907268294044,0.4110436414893372,0.15224261669943423,0.21762640423135243,0.18312809339374542,0.17993199118131958,0.37899534206703583,0.2762047759304371,0.2224986026325197,0.5689024024612447,0.07786949211909278,0
0.16443435019704233,0.3762225832633024,0.06811696941838341,0.10028466410274489,0.3351594238765452,0.4505345474275897,0.30921183858204343,0.24515891361591852,0.0,0.00730635327478249,0.26552914442750425,0.20703247965145904,0.11729977814174586,0.2578639096996061,0.26381576410093716,0.3633299042248327,0.2663922739615241,0.39740732420012614,0
0.35281700726659515,0.22616236986114976,0.4361876280507614,0.07095329830155472,0.3639248596237628,0.2642463706639658,0.12780079619524679,0.4842479044056532,0.4718437271881094,0.0011355106211853871,0.27121412648149895,0.3346795065676884,0.3030045769981378,0.43186355299341195,0.40691592490175377,0.2818224827580618,0.5232524334893964,0.3624215827249092,0
0.39426085977170755,0.4156461680873429,0.3050118602782638,0.5332164699589044,0.17616602646827906,0.5048893103414728,0.34219593863901193,0.4108464799632062,0.21159546945499466,0.35133696435565154,0.42123689963972355,0.11951696275313534,0.23040084618214968,0.0,0.2286000427781012,0.15207901678478966,0.22386787744399178,0.600837202912559,0
1.0,0.35641124129386487,0.5799039398000646,0.5335145363309385,0.8188246660713148,0.6873055823292137,0.6307621308456037,1.0,0.6221659363029343,0.6083427201898344,1.0,0.872847484408728,0.9170490999145866,0.5786665091178157,0.4723223956509769,0.7352315486698656,0.4475362329519875,0.7636152718070526,1
0.04987211253004184,0.19556151445053205,0.3758884502052696,0.43842372647076056,0.15720451443928085,0.14322140365376218,0.31809357164445506,0.17523593260987447,0.21777064986935274,0.3551686029684589,0.18470773820631856,0.01414890981571773,0.09386986772729425,0.2511946702864337,0.026389222183253874,0.21434074992432153,0.08294841805072098,0.4467926808238718,0
0.20120785213078662,0.08163839925262417,0.0,0.358409715643889,0.14680983206661147,0.10073862744417986,0.326728339646319,0.34669499155706246,0.15554764016864447,0.35951687915271735,0.49658715053357533,0.41159959251653166,0.3929268514236347,0.2876954946559036,0.19675381533652933,0.24329367365238927,0.30288899243953143,0.09909856496141198,0
0.2847384718493503,0.2732608953292612,0.2620401147804539,0.18088073173194721,0.2890622563407122,0.49343750049095103,0.3952818290756269,0.2864701626669564,0.3526995757727188,0.14569889095232175,0.21873854149603375,0.3637419813020866,0.428460063214983,0.15749605934855465,0.19196940286922115,0.5117650952654244,0.2615513499722767,0.46880343672404545,0
0.16591185034208455,0.18110090846963525,0.27061475382395445,0.34599873443613005,0.1517919414553946,0.13105690312102003,0.25281804000187297,0.3147103096309699,0.425530623023275,0.12144044820475583,0.21184394784755434,0.3910943230090305,0.48677134433664626,0.13082908008294952,0.161342569623202,0.29573201135318317,0.1806708229368295,0.15889218945880568,0
0.27474473521697085,0.30190366597227025,0.28072525112779095,0.2522222098327993,0.5098204997807656,0.1601135950820281,0.3885886993891239,0.23489716687593115,0.07234969958335313,0.2274018707696192,0.18438689994953025,0.3193092782101191,0.2609560267190285,0.12735677636224374,0.42652094961876585,0.38081608053708693,0.44032666385156816,0.27843575968817397,0
0.14025339438472934,0.2860857450181274,0.11721010074545463,0.3328668781929104,0.3769401721754688,0.2826800081353994,0.027664262192206523,0.13398477746007587,0.3177652003855793,0.2525438372214839,0.0,0.39913964606418884,0.26639878075045986,0.1517110403199946,0.36939467170799967,0.16869519845117215,0.16738574588749425,0.2930023181216843,0
0.4425105233820569,0.19507606828518093,0.262945653321164,0.4071460821832632,0.057728855072928964,0.09980233430726326,0.05784664754573757,0.15470364519694912,0.30275639272203925,0.3129025411375325,0.28315290151942646,0.08046809393291604,0.0,0.25652243024684585,0.1933868759633997,0.3051262926059934,0.3342344351465524,0.26658897184704183,0
0.38448391772040535,0.30568552092197915,0.3266228843130512,0.2469070418363224,0.3487418918043503,0.14517768767881112,0.16207528660219941,0.29891092857482554,0.21650231319673882,0.24833849819646034,0.23030376665024857,0.40041404974737727,0.4066663519214647,0.1748601087323503,0.03881567837311223,0.1646203718934831,0.14236478241184505,0.34980980089588887,0
0.2445085522068233,0.2655959550539196,0.254275565618868,0.28110038475400984,0.41048118708113895,0.10845911054978688,0.20894171973994957,0.32999423547554035,0.3077111041273493,0.3051286664010501,0.5804292658808005,0.3236962628940047,0.385712535550603,0.213151352937699,0.13085051513232615,0.21228190849196393,0.3354352205612085,0.29881934257950105,0
0.33857786995996414,0.20009669755070297,0.20544960808574442,0.3446055632204843,0.2743414838055384,0.11546083475992272,0.35736554077336846,0.4008678640236254,0.3917666641607014,0.4351298801817356,0.4983037755468389,0.4575950842387482,0.2908794138111666,0.22498865496508305,0.030447796359743484,0.2513041414528054,0.31229632706943417,0.2552263486512825,0
0.21009241822259678,0.2907511147906221,0.228627583981644,0.08037896821021778,0.36868775456506475,0.0,0.19643618139658778,0.1755761854535301,0.26778146534456976,0.3173994169363282,0.38521177699132425,0.16451141519774076,0.3203898804800178,0.27349820654577534,0.04461527497801321,0.47806483065209315,0.07734698473117607,0.30033967267716577,0
0.3458952147517699,0.002003288457511465,0.19085720035553363,0.3823692000146901,0.3111075445979466,0.4718155918661755,0.454525657596042,0.2859510561340764,0.2197625657338232,0.13498735443196125,0.19290297213577032,0.20101037098127605,0.17881009691419422,0.13979947027107445,0.29818919050264536,0.4535967613770681,0.3619908121876311,0.2113095930075612,0
0.37773679120807724,0.2772033986995816,0.19698149122041958,0.26309755817214264,0.26243367665610606,0.2579282420711791,0.27128013163117876,0.12520067752659683,0.2627846032036253,0.03937019568395331,0.3190748330084774,0.11767009697075434,0.39131173961906995,0.0,0.4509309931032057,0.05329351878665023,0.10600784450354422,0.2858868445529201,0
0.08182586227309846,0.3475642884265146,0.26386594277973574,0.27278036732229727,0.422929213388802,0.1974645401953761,0.16290199663201313,0.1842683645983752,0.22689681165720904,0.23908421262504057,0.1503162716077872,0.0072297696360329455,0.1826885198945154,0.29317907995442677,0.26635099675041907,0.39394653637909927,0.48465838527565464,0.3411200525750162,0
0.0745289310278528,0.4491439119710272,0.28826630370945955,0.001184037200957,0.44102555629859364,0.3666655005063986,0.19861459799043543,0.13423353217103243,0.06171199073939379,0.5398535394172469,0.13919417510057874,0.09836937255988892,0.282150294922018,0.05345278398866618,0.13221419218665326,0.3693963032992562,0.3057052713783256,0.20363560483127413,0
0.5859880058279668,0.9298418560758599,0.8763354016351314,0.8902174436362756,0.8431409277702661,0.6758573396257769,0.6592411358323093,0.7110520605542434,0.8357821136775689,0.6383276315970433,0.8104310311591185,1.0,0.7529618124639372,0.9383912285040803,0.7048498192931073,0.8060780991004064,0.43012730431689056,1.0,1
0.6759624594828119,0.6468128684056507,0.5571643113274449,0.8781215833812306,0.7280420817970232,0.8535180123420296,0.7320634182600008,1.0,0.8021191075417352,0.9863362150572806,0.5271342582661885,0.8162635443922286,0.5367009393779361,0.850590564845038,0.8812150281011553,0.8855535917119198,0.5635462949593792,0.8858648114905554,1
0.4553321872435444,0.279313393873109,0.15786453283222768,0.2540989532248947,0.0,0.11980464358521081,0.25437324709915715,0.3514810442143987,0.01704230552831912,0.20426136307570847,0.37116228862225864,0.07582560107520736,0.2775019401741008,0.2579169403727204,0.45572563844279224,0.2223836568266035,0.22940792819499156,0.3525951703797626,0
0.0,0.09278444143317252,0.1284805300744719,0.36208603529346023,0.3466008980387531,0.21395206804466563,0.18417882476589126,0.33596658890200637,0.11445722890816473,0.30492027735404237,0.294702159624428,0.21704924883198823,0.29772135580548587,0.26225132236896215,0.30969033937078483,0.08990772298238875,0.3237402376634442,0.3731921595402727,0
0.07212613568594858,0.3833704250458454,0.054949250066640254,0.3816776341573812,0.3009278174408389,0.22613592011885764,0.2914139378361735,0.2881279945996388,0.2019486506106375,0.2857779777231763,0.33774199942204086,0.13663807602147798,0.2915433942807491,0.0,0.018448012011992643,0.31774319818677166,0.19986049217869592,0.14758741930077773,0
0.42753545726226316,0.22719139925191062,0.0034286430789647604,0.22736966403927883,0.3474082851995802,0.13362395258619117,0.22883608594128035,0.16698763083972243,0.43024351022117563,0.33993484184878764,0.32818487447727507,0.32459215757451654,0.24553008969374476,0.2737067539033004,0.10777785033612189,0.0,0.2680097356414029,0.2888788307526573,0
0.18823455729001376,0.15511241026201472,0.2954046205719709,0.2149189992150984,0.10227659960724661,0.4826230650808415,0.15503102008449457,0.13076407456179828,0.2209437078184747,0.40034302829894963,0.0,0.3903860337490539,0.14062317982524364,0.2817430288129905,0.16887916459314395,0.48903002248024074,0.2649544103970822,0.16502901395905167,0
0.19796814379171807,0.39420697243736147,0.18597819280168876,0.12100348556695514,0.29372140983923123,0.22396316935193744,0.34486726727792066,0.12857440610025583,0.2753024658567734,0.5463480156072624,0.2212865249158788,0.2724076491640754,0.05067516903548544,0.14764248544094158,0.3051664842451324,0.2104122708997337,0.32373195527209353,0.30099264229559114,0
0.42062359489995954,0.22028326038892676,0.22376596796078754,0.1503941793292971,0.3298190416733942,0.3731166391314308,0.017357809944429564,0.20238327833600556,0.10438647738747237,0.2681088348311223,0.1014464530656963,0.0915830739336688,0.3848223136853138,0.23012870375761763,0.24281126054799118,0.30180221523820033,0.366498275438675,0.19976886009097816,0
0.11038314402492747,0.26944714708754497,0.337565880854045,0.059548203904211006,0.253015445345924,0.22360770456803974,0.29098104226441635,0.24844734782756944,0.07556808640820431,0.09851328413714014,0.25353082907019675,0.3734537103694611,0.0,0.2914871895761896,0.39275464063451715,0.23163689485525443,0.3160242995231729,0.16563171029226376,0
0.8488946748529262,0.6081575434704779,0.8583357758744067,0.512529195327426,0.678344714549036,0.7264016891926636,0.7476878890647001,0.5536432197804388,0.8466853768742444,0.9647532514963851,0.8179021327149916,0.7170789114517031,0.8255617020764815,0.5947311962060339,0.5778723438226131,0.7968344821990054,0.6311279095561342,0.9825815609542997,1
0.029241401223704278,0.07197199767380763,0.32958585283077946,0.0,0.39695552291197655,0.031201942777265207,0.3512013870309974,0.1433698450291645,0.37586844582058987,0.6349793096699794,0.0,0.3334452577432778,0.033020474368751246,0.3012122706661005,0.22518734037377272,0.2655738786954212,0.14059764684061157,0.34366493313958,0
0.17301658687168397,0.21556975309807114,0.37684255125607946,0.0,0.20640877307273792,0.33809391036931197,0.11340635413785957,0.3008065941094644,0.2952387124918827,0.07548010836850097,0.26043737321715205,0.17590656783981762,0.299931841106024,0.3303746423069516,0.2978726720527781,0.25871107890917155,0.28466455269070867,0.1088721893300795,0
0.3038168572087878,0.40933274746170634,0.20679899712281063,0.16113695064996442,0.22291321683764376,0.11090762879588781,0.3080214035452114,0.20369462646937053,0.16938533200270295,0.30983900915452023,0.11275410664308538,0.34246026566269533,0.1925995133810367,0.38909157329130206,0.20287149061245194,0.3258291599869509,0.2715474848527487,0.33926822484573843,0
0.3223608224112012,0.2051909275811341,0.50453720831604,0.27813173397785174,0.026501829685024625,0.1297149105080539,0.04113964131666212,0.2520801554981569,0.23538337311359997,0.19378891625206507,0.49131113348806166,0.31587794488922927,0.33713180337356013,0.1382711814469476,0.13010261304027854,0.2544166598916346,0.2707608567582671,0.027242611946265177,0
0.22795000553553113,0.3334620816963053,0.37390746031921396,0.23225503786673837,0.13850616851403538,0.29027897913846834,0.30735771566106646,0.3979262903263741,0.16854845524484743,0.16986432948811755,0.3407392237047491,0.20110797147890694,0.1960378980785075,0.40049678441682923,0.08547932724625928,0.4967443767730613,0.17648375042706077,0.35400740833608546,0
0.012971838827897958,0.3289849573661996,0.019127556790599298,0.21499997668395687,0.38251305732594254,0.18639568272459534,0.14155190181813765,0.3460427764674412,0.22005783393647205,0.20139283663722135,0.4029990972603188,0.10992655178145075,0.19484712934354936,0.3539736413283725,0.10216631733885786,0.46304165916834317,0.2239783017919873,0.3549432857694838,0
0.26164006905451315,0.09791213080483319,0.2895309066849617,0.21256501481508772,0.011492724065478327,0.19508057370892923,0.20859343562159288,0.3523403757805891,0.2842237542992533,0.42369668404277766,0.31241315147497917,0.18352467157188568,0.24299687674281642,0.20823423557061493,0.3085567427335803,0.2571786576955873,0.17457284392492936,0.25103205652750177,0
0.24926987288690453,0.0,0.3116473592554012,0.1405692037291549,0.23965146103596482,0.2945256382311735,0.40996348285494544,0.4710787361740266,0.1394538055754302,0.09209645483650433,0.289086060302419,0.2790913304845473,0.10577489464910797,0.24800763976839,0.3217049134896107,0.1023817933385289,0.13064975294429063,0.17270080775652968,0
0.26775032078909766,0.426279257947874,0.48492368108166845,0.34244924208990624,0.2290191395249988,0.33857250926515065,0.41221719804135537,0.009132623465132939,0.4278482845355699,0.18464958152883248,0.18580444540750118,0.20740864328968986,0.28841009665309064,0.11664948955614804,0.21582231583708583,0.3130332647797469,0.27622854991287915,0.2956977417233763,0
0.43777795493309446,0.5328107033865496,0.8742075625796886,0.9831333746593871,0.5827498050660628,0.6062906337841868,0.8411428487326738,0.9568656981346928,0.7076160828950814,0.7934054290700439,0.8772179519786379,1.0,0.5119711233839163,0.8028706209410486,0.6288347998593422,0.8689543467686541,0.6746548100307902,0.7762042509703916,1
0.5105659672162277,0.4689211342120074,0.37393740804121167,0.13896078807131473,0.4805698392358545,0.3242762966588441,0.13696244082963865,0.2539260293555491,0.36502898242457593,0.17813453912292299,0.266863906560735,0.2879771652616191,0.11789749581520009,0.2175888582690518,0.12694449099481736,0.3542401618848063,0.14103334893073421,0.2850164444957668,0
